ISO-10303-21;
HEADER;
FILE_DESCRIPTION (( 'STEP AP214' ),
    '1' );
FILE_NAME ('CUI_DEVICES_PT01-B120D-B503.step',
    '2023-05-03T20:32:52',
    ( '' ),
    ( '' ),
    'SwSTEP 2.0',
    'SolidWorks 2023',
    '' );
FILE_SCHEMA (( 'AUTOMOTIVE_DESIGN' ));
ENDSEC;

DATA;
#1 = VERTEX_POINT ( 'NONE', #8184 ) ;
#2 = CARTESIAN_POINT ( 'NONE',  ( -1.091177379365210198, 15.19999999999999751, -0.5047000102205828620 ) ) ;
#3 = CARTESIAN_POINT ( 'NONE',  ( 1.090871211463567247, 0.9500000000000085043, 0.5000000000000000000 ) ) ;
#4 = AXIS2_PLACEMENT_3D ( 'NONE', #6314, #4392, #7669 ) ;
#5 = VERTEX_POINT ( 'NONE', #1891 ) ;
#6 = VERTEX_POINT ( 'NONE', #1941 ) ;
#7 = EDGE_LOOP ( 'NONE', ( #2211, #2005, #6634, #2178 ) ) ;
#8 = EDGE_CURVE ( 'NONE', #4589, #1511, #7168, .T. ) ;
#9 = CARTESIAN_POINT ( 'NONE',  ( -25.23937042237544404, 30.64353571423245626, 0.4500000000000001221 ) ) ;
#10 = CARTESIAN_POINT ( 'NONE',  ( 3.499999999999998224, 0.4500000000000040079, 1.800000000000000488 ) ) ;
#11 = CARTESIAN_POINT ( 'NONE',  ( 2.598076211353317344, 7.000000000000000000, 1.499999999999999556 ) ) ;
#12 = CARTESIAN_POINT ( 'NONE',  ( -3.400000000000003464, -0.05202383709185157135, 0.5000000000000000000 ) ) ;
#13 = CARTESIAN_POINT ( 'NONE',  ( 0.4999999999999981681, -0.6408712114635676249, 0.5000000000000000000 ) ) ;
#14 = PRESENTATION_STYLE_ASSIGNMENT (( #3239 ) ) ;
#15 = DIRECTION ( 'NONE',  ( 0.000000000000000000, 0.000000000000000000, -1.000000000000000000 ) ) ;
#16 = VECTOR ( 'NONE', #6582, 1000.000000000000000 ) ;
#17 = ORIENTED_EDGE ( 'NONE', *, *, #1090, .F. ) ;
#18 = ADVANCED_FACE ( 'NONE', ( #5067 ), #3210, .F. ) ;
#19 = ADVANCED_FACE ( 'NONE', ( #6913 ), #3176, .T. ) ;
#20 = LINE ( 'NONE', #7762, #976 ) ;
#21 = CIRCLE ( 'NONE', #4749, 1.200000000000011502 ) ;
#22 = DIRECTION ( 'NONE',  ( 0.001026138167772244888, 0.000000000000000000, 0.9999994735200917750 ) ) ;
#23 = CARTESIAN_POINT ( 'NONE',  ( -16.13937042237545327, 24.39353571423245626, -5.350000000000001421 ) ) ;
#24 = VECTOR ( 'NONE', #1589, 1000.000000000000000 ) ;
#25 = DIRECTION ( 'NONE',  ( 0.000000000000000000, 0.000000000000000000, 1.000000000000000000 ) ) ;
#26 = LINE ( 'NONE', #7599, #6222 ) ;
#27 = AXIS2_PLACEMENT_3D ( 'NONE', #2132, #4038, #1456 ) ;
#28 = ORIENTED_EDGE ( 'NONE', *, *, #3930, .T. ) ;
#29 = VECTOR ( 'NONE', #517, 1000.000000000000000 ) ;
#30 = EDGE_CURVE ( 'NONE', #1909, #1192, #1084, .T. ) ;
#31 = EDGE_CURVE ( 'NONE', #5693, #2584, #466, .T. ) ;
#32 = VECTOR ( 'NONE', #6113, 1000.000000000000000 ) ;
#33 = CARTESIAN_POINT ( 'NONE',  ( 0.4999999999999982792, -2.050000000000000711, 0.5000000000000000000 ) ) ;
#34 = ORIENTED_EDGE ( 'NONE', *, *, #5715, .F. ) ;
#35 = AXIS2_PLACEMENT_3D ( 'NONE', #7852, #7810, #7971 ) ;
#36 = LINE ( 'NONE', #6372, #2611 ) ;
#37 = CIRCLE ( 'NONE', #6519, 0.6999999999999992895 ) ;
#38 = ORIENTED_EDGE ( 'NONE', *, *, #364, .F. ) ;
#39 = CARTESIAN_POINT ( 'NONE',  ( 0.6700000000000000400, 16.69999999999999574, -0.6000000000000000888 ) ) ;
#40 = CARTESIAN_POINT ( 'NONE',  ( 1.899999999999996358, 0.000000000000000000, 0.000000000000000000 ) ) ;
#41 = VECTOR ( 'NONE', #969, 1000.000000000000000 ) ;
#42 = VECTOR ( 'NONE', #4838, 1000.000000000000000 ) ;
#43 = AXIS2_PLACEMENT_3D ( 'NONE', #933, #1699, #5411 ) ;
#44 = ORIENTED_EDGE ( 'NONE', *, *, #7660, .F. ) ;
#45 = AXIS2_PLACEMENT_3D ( 'NONE', #8171, #4206, #6137 ) ;
#46 = VECTOR ( 'NONE', #5631, 1000.000000000000114 ) ;
#47 = DIRECTION ( 'NONE',  ( 1.232047923278981953E-16, -1.000000000000000000, 0.000000000000000000 ) ) ;
#48 = VERTEX_POINT ( 'NONE', #8225 ) ;
#49 = CARTESIAN_POINT ( 'NONE',  ( -17.33937042237545256, 37.79353571423245484, -4.900000000000003020 ) ) ;
#50 = CARTESIAN_POINT ( 'NONE',  ( -0.4999999999999997780, 16.69999999999999574, 2.299999999999999822 ) ) ;
#51 = ORIENTED_EDGE ( 'NONE', *, *, #5004, .F. ) ;
#52 = CARTESIAN_POINT ( 'NONE',  ( 0.000000000000000000, 0.000000000000000000, 0.1000000000000000056 ) ) ;
#53 = DIRECTION ( 'NONE',  ( 0.000000000000000000, 0.000000000000000000, -1.000000000000000000 ) ) ;
#54 = CIRCLE ( 'NONE', #844, 0.6500000000000000222 ) ;
#55 = VECTOR ( 'NONE', #1002, 1000.000000000000000 ) ;
#56 = EDGE_CURVE ( 'NONE', #5239, #77, #2532, .T. ) ;
#57 = PRODUCT_DEFINITION ( 'UNKNOWN', '', #2313, #5555 ) ;
#58 = EDGE_LOOP ( 'NONE', ( #1732, #5585, #5112, #992 ) ) ;
#59 = ORIENTED_EDGE ( 'NONE', *, *, #4016, .F. ) ;
#60 = ORIENTED_EDGE ( 'NONE', *, *, #1851, .T. ) ;
#61 = CARTESIAN_POINT ( 'NONE',  ( -25.68937042237544333, 23.89353571423246692, -8.100000000000001421 ) ) ;
#62 = DIRECTION ( 'NONE',  ( 0.000000000000000000, 0.000000000000000000, -1.000000000000000000 ) ) ;
#63 = DIRECTION ( 'NONE',  ( -0.000000000000000000, -0.000000000000000000, -1.000000000000000000 ) ) ;
#64 = DIRECTION ( 'NONE',  ( 0.000000000000000000, 0.000000000000000000, 1.000000000000000000 ) ) ;
#65 = FACE_OUTER_BOUND ( 'NONE', #6431, .T. ) ;
#66 =( LENGTH_UNIT ( ) NAMED_UNIT ( * ) SI_UNIT ( .MILLI., .METRE. ) );
#67 = DIRECTION ( 'NONE',  ( -3.197646960325910545E-16, -1.000000000000000000, 0.000000000000000000 ) ) ;
#68 = EDGE_CURVE ( 'NONE', #356, #7775, #1236, .T. ) ;
#69 = EDGE_LOOP ( 'NONE', ( #3573, #493, #6758, #4763 ) ) ;
#70 = ORIENTED_EDGE ( 'NONE', *, *, #502, .F. ) ;
#71 = DIRECTION ( 'NONE',  ( -0.000000000000000000, -0.000000000000000000, -1.000000000000000000 ) ) ;
#72 = LINE ( 'NONE', #4599, #3706 ) ;
#73 = FACE_OUTER_BOUND ( 'NONE', #4264, .T. ) ;
#74 = EDGE_CURVE ( 'NONE', #2927, #1647, #7596, .T. ) ;
#75 = CARTESIAN_POINT ( 'NONE',  ( -16.13937042237545327, 37.14353571423244915, -6.550000000000000711 ) ) ;
#76 = CARTESIAN_POINT ( 'NONE',  ( -1.749999999999999778, -1.831784155265234362E-15, 1.800000000000000266 ) ) ;
#77 = VERTEX_POINT ( 'NONE', #4398 ) ;
#78 = FACE_OUTER_BOUND ( 'NONE', #1003, .T. ) ;
#79 = ORIENTED_EDGE ( 'NONE', *, *, #2655, .F. ) ;
#80 = DIRECTION ( 'NONE',  ( -1.000000000000000000, -1.355252715606880296E-16, 0.000000000000000000 ) ) ;
#81 = EDGE_CURVE ( 'NONE', #3549, #3352, #6228, .T. ) ;
#82 = EDGE_CURVE ( 'NONE', #3391, #5338, #4975, .T. ) ;
#83 = CARTESIAN_POINT ( 'NONE',  ( 1.899999999999998801, 3.600000000000004086, 0.000000000000000000 ) ) ;
#84 = FACE_OUTER_BOUND ( 'NONE', #876, .T. ) ;
#85 = DIRECTION ( 'NONE',  ( -0.000000000000000000, -1.000000000000000000, -0.000000000000000000 ) ) ;
#86 = ORIENTED_EDGE ( 'NONE', *, *, #5093, .F. ) ;
#87 = FACE_OUTER_BOUND ( 'NONE', #5617, .T. ) ;
#88 = VERTEX_POINT ( 'NONE', #1303 ) ;
#89 = CARTESIAN_POINT ( 'NONE',  ( -16.13937042237545327, 27.59353571423245555, -5.350000000000000533 ) ) ;
#90 = ORIENTED_EDGE ( 'NONE', *, *, #5429, .F. ) ;
#91 = FACE_OUTER_BOUND ( 'NONE', #3773, .T. ) ;
#92 = VERTEX_POINT ( 'NONE', #2790 ) ;
#93 = VERTEX_POINT ( 'NONE', #4687 ) ;
#94 = ORIENTED_EDGE ( 'NONE', *, *, #2290, .T. ) ;
#95 = PLANE ( 'NONE',  #6208 ) ;
#96 = DIRECTION ( 'NONE',  ( -1.000000000000000000, -1.971276677246371519E-16, 0.000000000000000000 ) ) ;
#97 = CARTESIAN_POINT ( 'NONE',  ( -23.68937042237543977, 29.69353571423244986, 0.4500000000000001221 ) ) ;
#98 = DIRECTION ( 'NONE',  ( -0.000000000000000000, -0.000000000000000000, -1.000000000000000000 ) ) ;
#99 = VERTEX_POINT ( 'NONE', #2143 ) ;
#100 = EDGE_CURVE ( 'NONE', #828, #4815, #2020, .T. ) ;
#101 = CARTESIAN_POINT ( 'NONE',  ( -25.77144432910366234, 20.31262316951116276, -7.349999999999920597 ) ) ;
#102 = PLANE ( 'NONE',  #7329 ) ;
#103 = SURFACE_STYLE_FILL_AREA ( #2690 ) ;
#104 = DIRECTION ( 'NONE',  ( 0.000000000000000000, 0.000000000000000000, 1.000000000000000000 ) ) ;
#105 = ORIENTED_EDGE ( 'NONE', *, *, #6051, .T. ) ;
#106 = ORIENTED_EDGE ( 'NONE', *, *, #486, .T. ) ;
#107 = DIRECTION ( 'NONE',  ( -3.197646960325911531E-16, -1.000000000000000000, -0.000000000000000000 ) ) ;
#108 = ADVANCED_FACE ( 'NONE', ( #7088 ), #3882, .T. ) ;
#109 = DIRECTION ( 'NONE',  ( 1.000000000000000000, 2.282530889443169980E-16, 0.000000000000000000 ) ) ;
#110 = EDGE_CURVE ( 'NONE', #1412, #3401, #2111, .T. ) ;
#111 = CARTESIAN_POINT ( 'NONE',  ( -0.4499999999999999556, -3.625230054855794748, 2.500000000000000000 ) ) ;
#112 = DIRECTION ( 'NONE',  ( 1.000000000000000000, 2.551063935260010491E-16, 0.000000000000000000 ) ) ;
#113 = VERTEX_POINT ( 'NONE', #5190 ) ;
#114 = CARTESIAN_POINT ( 'NONE',  ( -0.6500000000000019096, 0.4500000000000040079, 1.800000000000000711 ) ) ;
#115 = LINE ( 'NONE', #767, #7987 ) ;
#116 = DIRECTION ( 'NONE',  ( -0.000000000000000000, -1.000000000000000000, -0.000000000000000000 ) ) ;
#117 = CARTESIAN_POINT ( 'NONE',  ( -17.43937042237544688, 33.89353571423244205, 0.1999999999999999556 ) ) ;
#118 = VECTOR ( 'NONE', #415, 1000.000000000000000 ) ;
#119 = DIRECTION ( 'NONE',  ( 2.551063935260010491E-16, -1.000000000000000000, 2.891205793294675467E-15 ) ) ;
#120 = ADVANCED_FACE ( 'NONE', ( #1468, #1387 ), #4013, .F. ) ;
#121 = ADVANCED_FACE ( 'NONE', ( #794 ), #3415, .T. ) ;
#122 = ORIENTED_EDGE ( 'NONE', *, *, #3781, .T. ) ;
#123 = CARTESIAN_POINT ( 'NONE',  ( -1.091177379365210198, 15.19999999999999751, -0.5047000102205828620 ) ) ;
#124 = ORIENTED_EDGE ( 'NONE', *, *, #7137, .F. ) ;
#125 = CARTESIAN_POINT ( 'NONE',  ( -3.400000000000003464, -0.05202383709185157135, 0.5000000000000000000 ) ) ;
#126 = EDGE_LOOP ( 'NONE', ( #5126, #6650, #1796, #6975 ) ) ;
#127 = AXIS2_PLACEMENT_3D ( 'NONE', #3246, #7087, #3921 ) ;
#128 = DIRECTION ( 'NONE',  ( -0.000000000000000000, -1.000000000000000000, -0.000000000000000000 ) ) ;
#129 = VERTEX_POINT ( 'NONE', #3371 ) ;
#130 = EDGE_CURVE ( 'NONE', #6082, #5485, #676, .T. ) ;
#131 = AXIS2_PLACEMENT_3D ( 'NONE', #4198, #7444, #6770 ) ;
#132 = VERTEX_POINT ( 'NONE', #201 ) ;
#133 = ORIENTED_EDGE ( 'NONE', *, *, #4786, .F. ) ;
#134 = CARTESIAN_POINT ( 'NONE',  ( 0.8032336497292290600, 15.19999999999999751, 1.730200664999783971E-16 ) ) ;
#135 = CARTESIAN_POINT ( 'NONE',  ( -24.97039759240872669, 21.92455496882227806, -7.349999999999916156 ) ) ;
#136 = CARTESIAN_POINT ( 'NONE',  ( 3.599999999999999645, 5.150000000000005684, 5.000000000000000000 ) ) ;
#137 = DIRECTION ( 'NONE',  ( -0.000000000000000000, -0.000000000000000000, -1.000000000000000000 ) ) ;
#138 = VERTEX_POINT ( 'NONE', #2660 ) ;
#139 = LINE ( 'NONE', #5373, #1898 ) ;
#140 = DIRECTION ( 'NONE',  ( 1.000000000000000000, 0.000000000000000000, 0.000000000000000000 ) ) ;
#141 = FACE_BOUND ( 'NONE', #4936, .T. ) ;
#142 = AXIS2_PLACEMENT_3D ( 'NONE', #4920, #4279, #1110 ) ;
#143 = EDGE_LOOP ( 'NONE', ( #1289, #757, #5531, #720 ) ) ;
#144 = CLOSED_SHELL ( 'NONE', ( #4665, #2105, #6540, #1866, #624, #2125, #548, #6018, #3022, #4524, #1820, #446, #2818, #5599, #8133, #5876, #1688, #3172, #4940, #1308, #6685, #1794, #4244, #7688, #7720, #391, #1040, #1280, #7972, #6762, #6262, #2144, #1006, #3061, #7605, #8216, #422, #6972, #2458, #5900, #5890, #5704, #7956, #4581, #3650, #1477, #8186, #693, #2488, #3284, #2213, #7463, #2185, #6060, #4958, #236, #8058, #5015, #7018, #3262, #1844, #5003, #5733, #4530, #6935, #246, #1508, #108, #2273, #6948, #340, #6511, #3119, #7159, #4377, #121, #911 ) ) ;
#145 = EDGE_CURVE ( 'NONE', #698, #362, #5347, .T. ) ;
#146 = ORIENTED_EDGE ( 'NONE', *, *, #100, .T. ) ;
#147 = CARTESIAN_POINT ( 'NONE',  ( -1.329999999999997407, 16.49999999999999645, 0.8499999999999999778 ) ) ;
#148 = CIRCLE ( 'NONE', #4871, 1.199999999999999734 ) ;
#149 = LINE ( 'NONE', #6100, #5789 ) ;
#150 = AXIS2_PLACEMENT_3D ( 'NONE', #3292, #5857, #2700 ) ;
#151 = CARTESIAN_POINT ( 'NONE',  ( -0.4999999999999997780, 16.69999999999999574, 1.500000000000000000 ) ) ;
#152 = DIRECTION ( 'NONE',  ( -1.000000000000000000, 0.000000000000000000, 0.000000000000000000 ) ) ;
#153 = AXIS2_PLACEMENT_3D ( 'NONE', #3621, #404, #5554 ) ;
#154 = ORIENTED_EDGE ( 'NONE', *, *, #4860, .T. ) ;
#155 = EDGE_CURVE ( 'NONE', #414, #854, #3396, .T. ) ;
#156 = VECTOR ( 'NONE', #7711, 1000.000000000000000 ) ;
#157 = LINE ( 'NONE', #2026, #926 ) ;
#158 = EDGE_LOOP ( 'NONE', ( #7912, #2958, #2104, #1611 ) ) ;
#159 = LINE ( 'NONE', #2755, #4895 ) ;
#160 = EDGE_LOOP ( 'NONE', ( #5342, #3574, #7265, #1543 ) ) ;
#161 = DIRECTION ( 'NONE',  ( 0.000000000000000000, 1.000000000000000000, 0.000000000000000000 ) ) ;
#162 = CIRCLE ( 'NONE', #4092, 0.9000000000000002442 ) ;
#163 = DIRECTION ( 'NONE',  ( -0.000000000000000000, -0.000000000000000000, -1.000000000000000000 ) ) ;
#164 = CARTESIAN_POINT ( 'NONE',  ( -0.7500000000000000000, -5.949999999999999289, 1.800000000000000266 ) ) ;
#165 = VECTOR ( 'NONE', #6146, 1000.000000000000000 ) ;
#166 = EDGE_CURVE ( 'NONE', #3829, #6930, #6630, .T. ) ;
#167 = EDGE_LOOP ( 'NONE', ( #1735, #4263, #2331, #6173 ) ) ;
#168 = VECTOR ( 'NONE', #7225, 1000.000000000000000 ) ;
#169 = AXIS2_PLACEMENT_3D ( 'NONE', #3211, #509, #1182 ) ;
#170 = ORIENTED_EDGE ( 'NONE', *, *, #5344, .T. ) ;
#171 = DIRECTION ( 'NONE',  ( -1.000000000000000000, 0.000000000000000000, 0.000000000000000000 ) ) ;
#172 = CIRCLE ( 'NONE', #4099, 3.850000000000000089 ) ;
#173 = ORIENTED_EDGE ( 'NONE', *, *, #745, .F. ) ;
#174 = CIRCLE ( 'NONE', #7055, 3.500000000000000000 ) ;
#175 = CARTESIAN_POINT ( 'NONE',  ( -15.68937042237545576, 37.14353571423244915, -6.550000000000000711 ) ) ;
#176 = EDGE_CURVE ( 'NONE', #4677, #4751, #4653, .T. ) ;
#177 = PLANE ( 'NONE',  #2884 ) ;
#178 = AXIS2_PLACEMENT_3D ( 'NONE', #5798, #4591, #7207 ) ;
#179 = AXIS2_PLACEMENT_3D ( 'NONE', #2253, #7398, #1617 ) ;
#180 = ORIENTED_EDGE ( 'NONE', *, *, #2079, .F. ) ;
#181 = VECTOR ( 'NONE', #410, 1000.000000000000000 ) ;
#182 = VECTOR ( 'NONE', #2566, 1000.000000000000000 ) ;
#183 = ORIENTED_EDGE ( 'NONE', *, *, #6641, .F. ) ;
#184 = ORIENTED_EDGE ( 'NONE', *, *, #2515, .T. ) ;
#185 = DIRECTION ( 'NONE',  ( 0.000000000000000000, 0.000000000000000000, 1.000000000000000000 ) ) ;
#186 = LINE ( 'NONE', #781, #5167 ) ;
#187 = LINE ( 'NONE', #261, #4112 ) ;
#188 = AXIS2_PLACEMENT_3D ( 'NONE', #1107, #8201, #2940 ) ;
#189 = LINE ( 'NONE', #3358, #6786 ) ;
#190 = ORIENTED_EDGE ( 'NONE', *, *, #2334, .T. ) ;
#191 = DIRECTION ( 'NONE',  ( -0.000000000000000000, -0.000000000000000000, -1.000000000000000000 ) ) ;
#192 = CARTESIAN_POINT ( 'NONE',  ( 1.899999999999998801, 3.600000000000003642, 0.1000000000000000056 ) ) ;
#193 = EDGE_CURVE ( 'NONE', #2935, #633, #6546, .T. ) ;
#194 = AXIS2_PLACEMENT_3D ( 'NONE', #1961, #1283, #1870 ) ;
#195 = DIRECTION ( 'NONE',  ( -1.000000000000000000, -0.000000000000000000, -0.000000000000000000 ) ) ;
#196 = EDGE_CURVE ( 'NONE', #1005, #472, #7124, .T. ) ;
#197 = ORIENTED_EDGE ( 'NONE', *, *, #2231, .F. ) ;
#198 = ORIENTED_EDGE ( 'NONE', *, *, #529, .T. ) ;
#199 = LINE ( 'NONE', #1464, #2485 ) ;
#200 = CARTESIAN_POINT ( 'NONE',  ( 2.500000000000000000, -7.560000000000000497, 2.100000000000000089 ) ) ;
#201 = CARTESIAN_POINT ( 'NONE',  ( -2.900000000000000355, -11.96000000000000796, 2.100000000000000089 ) ) ;
#202 = LINE ( 'NONE', #3295, #4363 ) ;
#203 = VERTEX_POINT ( 'NONE', #111 ) ;
#204 = CARTESIAN_POINT ( 'NONE',  ( 0.000000000000000000, 0.000000000000000000, 0.9999999999999956701 ) ) ;
#205 = CARTESIAN_POINT ( 'NONE',  ( 2.999999999999998224, 4.650000000000004796, 5.599999999999999645 ) ) ;
#206 = ORIENTED_EDGE ( 'NONE', *, *, #4787, .T. ) ;
#207 = LINE ( 'NONE', #4107, #8261 ) ;
#208 = ORIENTED_EDGE ( 'NONE', *, *, #5675, .T. ) ;
#209 = ADVANCED_FACE ( 'NONE', ( #6492 ), #2068, .F. ) ;
#210 = CARTESIAN_POINT ( 'NONE',  ( -16.01372054189695859, 20.09524132667334939, -7.349999999999987210 ) ) ;
#211 = ORIENTED_EDGE ( 'NONE', *, *, #7303, .T. ) ;
#212 = ORIENTED_EDGE ( 'NONE', *, *, #411, .T. ) ;
#213 = UNCERTAINTY_MEASURE_WITH_UNIT (LENGTH_MEASURE( 1.000000000000000082E-05 ), #2233, 'distance_accuracy_value', 'NONE');
#214 = LINE ( 'NONE', #925, #4091 ) ;
#215 = ORIENTED_EDGE ( 'NONE', *, *, #3385, .T. ) ;
#216 = EDGE_CURVE ( 'NONE', #2876, #7481, #7219, .T. ) ;
#217 = CARTESIAN_POINT ( 'NONE',  ( -0.006290684479731949857, 15.19999999999999751, 0.008155582768842546681 ) ) ;
#218 = ORIENTED_EDGE ( 'NONE', *, *, #4756, .T. ) ;
#219 = ORIENTED_EDGE ( 'NONE', *, *, #3394, .F. ) ;
#220 = CARTESIAN_POINT ( 'NONE',  ( -15.68937042237545576, 27.39353571423245626, -7.300000000000000711 ) ) ;
#221 = DIRECTION ( 'NONE',  ( 0.000000000000000000, 0.000000000000000000, -1.000000000000000000 ) ) ;
#222 = DIRECTION ( 'NONE',  ( -0.000000000000000000, -0.000000000000000000, -1.000000000000000000 ) ) ;
#223 = LINE ( 'NONE', #7275, #6924 ) ;
#224 = ORIENTED_EDGE ( 'NONE', *, *, #6429, .T. ) ;
#225 = CARTESIAN_POINT ( 'NONE',  ( -25.23937042237548312, 24.39353571423245981, -7.350000000000000533 ) ) ;
#226 = CARTESIAN_POINT ( 'NONE',  ( -0.4712900224411504246, 13.89999999999999858, 0.2829480708788691956 ) ) ;
#227 =( NAMED_UNIT ( * ) SI_UNIT ( $, .STERADIAN. ) SOLID_ANGLE_UNIT ( ) );
#228 = CARTESIAN_POINT ( 'NONE',  ( -20.68937042237544688, 33.89353571423244205, 1.449999999999999956 ) ) ;
#229 = ORIENTED_EDGE ( 'NONE', *, *, #6557, .F. ) ;
#230 = EDGE_CURVE ( 'NONE', #7740, #1470, #5937, .T. ) ;
#231 = ORIENTED_EDGE ( 'NONE', *, *, #6186, .T. ) ;
#232 = EDGE_CURVE ( 'NONE', #3998, #6882, #1366, .T. ) ;
#233 = CARTESIAN_POINT ( 'NONE',  ( -18.38937042237545327, 29.69353571423244986, 0.000000000000000000 ) ) ;
#234 = DIRECTION ( 'NONE',  ( 0.000000000000000000, 0.000000000000000000, -1.000000000000000000 ) ) ;
#235 = LINE ( 'NONE', #5504, #2725 ) ;
#236 = ADVANCED_FACE ( 'NONE', ( #1560 ), #6056, .F. ) ;
#237 = FACE_OUTER_BOUND ( 'NONE', #4230, .T. ) ;
#238 = DIRECTION ( 'NONE',  ( -0.000000000000000000, -0.000000000000000000, -1.000000000000000000 ) ) ;
#239 = ORIENTED_EDGE ( 'NONE', *, *, #5147, .T. ) ;
#240 = FACE_OUTER_BOUND ( 'NONE', #3890, .T. ) ;
#241 = ORIENTED_EDGE ( 'NONE', *, *, #4635, .T. ) ;
#242 = DIRECTION ( 'NONE',  ( 0.000000000000000000, -1.000000000000000000, 0.000000000000000000 ) ) ;
#243 = DIRECTION ( 'NONE',  ( 0.000000000000000000, -2.891205793294675467E-15, -1.000000000000000000 ) ) ;
#244 = DIRECTION ( 'NONE',  ( 0.000000000000000000, 0.000000000000000000, 1.000000000000000000 ) ) ;
#245 = ORIENTED_EDGE ( 'NONE', *, *, #6033, .T. ) ;
#246 = ADVANCED_FACE ( 'NONE', ( #275 ), #4804, .F. ) ;
#247 = ORIENTED_EDGE ( 'NONE', *, *, #7824, .F. ) ;
#248 = CARTESIAN_POINT ( 'NONE',  ( -15.68937042237545576, 22.89353571423245270, -7.350000000000000533 ) ) ;
#249 = VECTOR ( 'NONE', #657, 1000.000000000000000 ) ;
#250 = VERTEX_POINT ( 'NONE', #2264 ) ;
#251 = LINE ( 'NONE', #5360, #2302 ) ;
#252 = DIRECTION ( 'NONE',  ( 0.000000000000000000, 0.000000000000000000, 1.000000000000000000 ) ) ;
#253 = EDGE_CURVE ( 'NONE', #1024, #6393, #6102, .T. ) ;
#254 = EDGE_CURVE ( 'NONE', #6037, #8301, #708, .T. ) ;
#255 = VERTEX_POINT ( 'NONE', #3533 ) ;
#256 = ADVANCED_FACE ( 'NONE', ( #8130 ), #8047, .T. ) ;
#257 = VERTEX_POINT ( 'NONE', #7966 ) ;
#258 = VECTOR ( 'NONE', #1719, 1000.000000000000000 ) ;
#259 = CARTESIAN_POINT ( 'NONE',  ( -25.77144432910365168, 20.31262316951115920, -6.534763243861285709 ) ) ;
#260 = DIRECTION ( 'NONE',  ( -1.000000000000000000, 0.000000000000000000, 0.000000000000000000 ) ) ;
#261 = CARTESIAN_POINT ( 'NONE',  ( -16.98937042237545469, 29.69353571423244986, 0.4500000000000001221 ) ) ;
#262 = CARTESIAN_POINT ( 'NONE',  ( -17.68937042237545043, 38.09353571423245910, 0.4500000000000001221 ) ) ;
#263 = ORIENTED_EDGE ( 'NONE', *, *, #7671, .T. ) ;
#264 = CARTESIAN_POINT ( 'NONE',  ( 3.399999999999998579, -2.050000000000001155, 0.5000000000000000000 ) ) ;
#265 = CARTESIAN_POINT ( 'NONE',  ( 1.899999999999998801, 3.600000000000003642, 0.1000000000000000056 ) ) ;
#266 = CARTESIAN_POINT ( 'NONE',  ( 1.342230922150143391, 13.89999999999999858, -3.014700010220582538 ) ) ;
#267 = VECTOR ( 'NONE', #5924, 1000.000000000000000 ) ;
#268 = ORIENTED_EDGE ( 'NONE', *, *, #8074, .F. ) ;
#269 = EDGE_CURVE ( 'NONE', #6442, #737, #1630, .T. ) ;
#270 = VERTEX_POINT ( 'NONE', #3615 ) ;
#271 = DIRECTION ( 'NONE',  ( 1.000000000000000000, 0.000000000000000000, 0.000000000000000000 ) ) ;
#272 = LINE ( 'NONE', #2821, #3002 ) ;
#273 = VECTOR ( 'NONE', #5285, 1000.000000000000000 ) ;
#274 = DIRECTION ( 'NONE',  ( 0.000000000000000000, -1.000000000000000000, 0.000000000000000000 ) ) ;
#275 = FACE_OUTER_BOUND ( 'NONE', #3991, .T. ) ;
#276 = EDGE_CURVE ( 'NONE', #7495, #3905, #8245, .T. ) ;
#277 = VECTOR ( 'NONE', #5212, 1000.000000000000000 ) ;
#278 = CARTESIAN_POINT ( 'NONE',  ( 0.000000000000000000, 0.4999999999999987232, 0.000000000000000000 ) ) ;
#279 = AXIS2_PLACEMENT_3D ( 'NONE', #6621, #4049, #2746 ) ;
#281 = SHAPE_REPRESENTATION_RELATIONSHIP ( 'NONE' , 'NONE' ,  #7806, #5367 ) ;
#280 = APPLICATION_CONTEXT ( 'automotive_design' ) ;
#282 = CARTESIAN_POINT ( 'NONE',  ( -25.68937042237544333, 24.39353571423245981, 0.4500000000000001221 ) ) ;
#283 = EDGE_LOOP ( 'NONE', ( #7862, #198 ) ) ;
#284 = EDGE_LOOP ( 'NONE', ( #2379, #2045, #5687, #7828, #5662, #2002, #2200, #7229, #1977 ) ) ;
#285 =( GEOMETRIC_REPRESENTATION_CONTEXT ( 3 ) GLOBAL_UNCERTAINTY_ASSIGNED_CONTEXT ( ( #1318 ) ) GLOBAL_UNIT_ASSIGNED_CONTEXT ( ( #7568, #6337, #1739 ) ) REPRESENTATION_CONTEXT ( 'NONE', 'WORKASPACE' ) );
#286 = CARTESIAN_POINT ( 'NONE',  ( 2.999999999999998224, 4.650000000000004796, 5.000000000000000000 ) ) ;
#287 = CARTESIAN_POINT ( 'NONE',  ( -1.734723475976807094E-15, 0.4500000000000040079, 2.500000000000000000 ) ) ;
#288 = ADVANCED_FACE ( 'NONE', ( #6782 ), #2184, .T. ) ;
#289 = CARTESIAN_POINT ( 'NONE',  ( -32.81920219114627457, 24.84349069516608921, -6.349999999999800693 ) ) ;
#290 = EDGE_CURVE ( 'NONE', #565, #255, #235, .T. ) ;
#291 = VERTEX_POINT ( 'NONE', #4172 ) ;
#292 = VECTOR ( 'NONE', #451, 1000.000000000000000 ) ;
#293 = EDGE_LOOP ( 'NONE', ( #6811, #7659, #7644, #2631 ) ) ;
#294 = FACE_OUTER_BOUND ( 'NONE', #4608, .T. ) ;
#295 = CIRCLE ( 'NONE', #8258, 1.200000000000002176 ) ;
#296 = EDGE_LOOP ( 'NONE', ( #7230, #2680, #386, #464 ) ) ;
#297 = DIRECTION ( 'NONE',  ( 3.197646960325912517E-16, -1.000000000000000000, 0.000000000000000000 ) ) ;
#298 = VECTOR ( 'NONE', #161, 1000.000000000000000 ) ;
#299 = CIRCLE ( 'NONE', #6653, 0.6999999999999992895 ) ;
#300 = CIRCLE ( 'NONE', #5550, 3.850000000000000089 ) ;
#301 = VERTEX_POINT ( 'NONE', #4761 ) ;
#302 = VECTOR ( 'NONE', #5615, 1000.000000000000000 ) ;
#303 = ORIENTED_EDGE ( 'NONE', *, *, #5447, .T. ) ;
#304 = LINE ( 'NONE', #348, #1505 ) ;
#305 = CYLINDRICAL_SURFACE ( 'NONE', #4108, 0.9000000000000002442 ) ;
#306 = CARTESIAN_POINT ( 'NONE',  ( 4.466912950640278268E-14, 0.4500000000000501932, 0.000000000000000000 ) ) ;
#307 = CARTESIAN_POINT ( 'NONE',  ( -0.4999999999999997780, 16.49999999999999289, 2.299999999999999822 ) ) ;
#308 = ORIENTED_EDGE ( 'NONE', *, *, #2891, .T. ) ;
#309 = LINE ( 'NONE', #6011, #3383 ) ;
#310 = LINE ( 'NONE', #7998, #7999 ) ;
#311 = AXIS2_PLACEMENT_3D ( 'NONE', #4164, #6731, #2815 ) ;
#312 = VECTOR ( 'NONE', #1369, 1000.000000000000000 ) ;
#313 = CARTESIAN_POINT ( 'NONE',  ( -25.23937042237544404, 24.39353571423245981, 0.000000000000000000 ) ) ;
#314 = FACE_OUTER_BOUND ( 'NONE', #1875, .T. ) ;
#315 = EDGE_CURVE ( 'NONE', #5548, #301, #879, .T. ) ;
#316 = VECTOR ( 'NONE', #3850, 1000.000000000000000 ) ;
#317 = VECTOR ( 'NONE', #5099, 1000.000000000000000 ) ;
#318 = ORIENTED_EDGE ( 'NONE', *, *, #7428, .T. ) ;
#319 = VECTOR ( 'NONE', #6768, 1000.000000000000000 ) ;
#320 = ORIENTED_EDGE ( 'NONE', *, *, #166, .F. ) ;
#321 = CARTESIAN_POINT ( 'NONE',  ( -24.55407293565522764, 21.85027710540992629, -7.350000000000000533 ) ) ;
#322 = CARTESIAN_POINT ( 'NONE',  ( -1.000000000000000222, 3.804101966249689326, 1.800000000000000488 ) ) ;
#323 = VECTOR ( 'NONE', #6425, 1000.000000000000000 ) ;
#324 = PLANE ( 'NONE',  #545 ) ;
#325 = CARTESIAN_POINT ( 'NONE',  ( 0.4500000000000000111, 0.4500000000000040079, 2.500000000000000000 ) ) ;
#326 = EDGE_CURVE ( 'NONE', #1781, #7393, #5469, .T. ) ;
#327 = AXIS2_PLACEMENT_3D ( 'NONE', #4255, #8182, #1765 ) ;
#328 = CARTESIAN_POINT ( 'NONE',  ( 4.399999999999998579, 5.150000000000004796, 5.000000000000000000 ) ) ;
#329 =( NAMED_UNIT ( * ) PLANE_ANGLE_UNIT ( ) SI_UNIT ( $, .RADIAN. ) );
#330 = DIRECTION ( 'NONE',  ( 1.000000000000000000, 0.000000000000000000, 0.000000000000000000 ) ) ;
#331 = ORIENTED_EDGE ( 'NONE', *, *, #8299, .F. ) ;
#332 = VERTEX_POINT ( 'NONE', #947 ) ;
#333 = CARTESIAN_POINT ( 'NONE',  ( 0.000000000000000000, 15.89999999999999680, -0.5047000102205828620 ) ) ;
#334 = CARTESIAN_POINT ( 'NONE',  ( 1.479999999999999982, 16.69999999999999574, 1.200000000000000178 ) ) ;
#335 = CARTESIAN_POINT ( 'NONE',  ( -15.68937042237545576, 25.89353571423245270, -8.800000000000002487 ) ) ;
#336 = ORIENTED_EDGE ( 'NONE', *, *, #7367, .F. ) ;
#337 = ORIENTED_EDGE ( 'NONE', *, *, #3195, .F. ) ;
#338 = ORIENTED_EDGE ( 'NONE', *, *, #831, .T. ) ;
#339 = EDGE_CURVE ( 'NONE', #4088, #8207, #361, .T. ) ;
#340 = ADVANCED_FACE ( 'NONE', ( #2917 ), #6140, .F. ) ;
#341 = CARTESIAN_POINT ( 'NONE',  ( -25.23937042237544048, 29.34353571423245910, -4.900000000000003020 ) ) ;
#342 = ORIENTED_EDGE ( 'NONE', *, *, #8233, .F. ) ;
#343 = DIRECTION ( 'NONE',  ( -0.000000000000000000, -0.000000000000000000, -1.000000000000000000 ) ) ;
#344 = CYLINDRICAL_SURFACE ( 'NONE', #1258, 3.500000000000000000 ) ;
#345 = EDGE_LOOP ( 'NONE', ( #6190, #8100 ) ) ;
#346 = ORIENTED_EDGE ( 'NONE', *, *, #3433, .T. ) ;
#347 = EDGE_CURVE ( 'NONE', #5102, #8169, #6172, .T. ) ;
#348 = CARTESIAN_POINT ( 'NONE',  ( 0.000000000000000000, 15.89999999999999680, 2.299999999999999822 ) ) ;
#349 = DIRECTION ( 'NONE',  ( 0.000000000000000000, 1.000000000000000000, 0.000000000000000000 ) ) ;
#350 = DIRECTION ( 'NONE',  ( 0.000000000000000000, 0.000000000000000000, 1.000000000000000000 ) ) ;
#351 = CARTESIAN_POINT ( 'NONE',  ( -25.68937042237543977, 38.44353571423246052, 0.4500000000000001221 ) ) ;
#352 = VERTEX_POINT ( 'NONE', #398 ) ;
#353 = DIRECTION ( 'NONE',  ( -1.000000000000000000, 0.000000000000000000, 0.000000000000000000 ) ) ;
#354 = LINE ( 'NONE', #7278, #3703 ) ;
#355 = ORIENTED_EDGE ( 'NONE', *, *, #799, .T. ) ;
#356 = VERTEX_POINT ( 'NONE', #2987 ) ;
#357 = CARTESIAN_POINT ( 'NONE',  ( 0.000000000000000000, 0.4999999999999987232, 0.000000000000000000 ) ) ;
#358 = PLANE ( 'NONE',  #3028 ) ;
#359 = LINE ( 'NONE', #6664, #6248 ) ;
#360 = FACE_OUTER_BOUND ( 'NONE', #7434, .T. ) ;
#361 = LINE ( 'NONE', #325, #7844 ) ;
#362 = VERTEX_POINT ( 'NONE', #5546 ) ;
#363 = FACE_OUTER_BOUND ( 'NONE', #3008, .T. ) ;
#364 = EDGE_CURVE ( 'NONE', #6180, #5172, #5277, .T. ) ;
#365 = EDGE_CURVE ( 'NONE', #4872, #4548, #1249, .T. ) ;
#366 =( NAMED_UNIT ( * ) PLANE_ANGLE_UNIT ( ) SI_UNIT ( $, .RADIAN. ) );
#367 = LINE ( 'NONE', #5474, #1406 ) ;
#368 = ORIENTED_EDGE ( 'NONE', *, *, #1632, .F. ) ;
#369 = ORIENTED_EDGE ( 'NONE', *, *, #3009, .T. ) ;
#370 = LINE ( 'NONE', #5441, #5291 ) ;
#371 = DIRECTION ( 'NONE',  ( -3.197646960325910545E-16, -1.000000000000000000, 0.000000000000000000 ) ) ;
#372 = CARTESIAN_POINT ( 'NONE',  ( 1.479999999999999982, 16.49999999999999645, 1.000000000000000000 ) ) ;
#373 = ORIENTED_EDGE ( 'NONE', *, *, #2906, .T. ) ;
#374 = VERTEX_POINT ( 'NONE', #1847 ) ;
#375 = ORIENTED_EDGE ( 'NONE', *, *, #1438, .T. ) ;
#376 = LINE ( 'NONE', #2965, #1270 ) ;
#377 = ORIENTED_EDGE ( 'NONE', *, *, #7292, .F. ) ;
#378 = CARTESIAN_POINT ( 'NONE',  ( -1.724392794533815441E-15, 0.4499999999999487188, 4.299999999999999822 ) ) ;
#379 = ADVANCED_FACE ( 'NONE', ( #3080 ), #5634, .F. ) ;
#380 = EDGE_CURVE ( 'NONE', #7344, #7724, #632, .T. ) ;
#381 = ORIENTED_EDGE ( 'NONE', *, *, #3333, .T. ) ;
#382 = ORIENTED_EDGE ( 'NONE', *, *, #5859, .T. ) ;
#383 = CYLINDRICAL_SURFACE ( 'NONE', #2479, 0.6500000000000000222 ) ;
#384 = DIRECTION ( 'NONE',  ( 0.000000000000000000, 0.000000000000000000, 1.000000000000000000 ) ) ;
#385 = CARTESIAN_POINT ( 'NONE',  ( 0.6499999999999984679, 0.4500000000000040634, 0.000000000000000000 ) ) ;
#386 = ORIENTED_EDGE ( 'NONE', *, *, #7254, .F. ) ;
#387 = CARTESIAN_POINT ( 'NONE',  ( -4.400000000000002132, 5.150000000000003020, 0.000000000000000000 ) ) ;
#388 = DIRECTION ( 'NONE',  ( 0.000000000000000000, 0.000000000000000000, -1.000000000000000000 ) ) ;
#389 = VECTOR ( 'NONE', #4482, 1000.000000000000000 ) ;
#390 = EDGE_CURVE ( 'NONE', #7331, #4327, #1378, .T. ) ;
#391 = ADVANCED_FACE ( 'NONE', ( #3718 ), #1809, .F. ) ;
#392 = ORIENTED_EDGE ( 'NONE', *, *, #6988, .T. ) ;
#393 = VERTEX_POINT ( 'NONE', #7668 ) ;
#394 = DIRECTION ( 'NONE',  ( 0.000000000000000000, 0.000000000000000000, -1.000000000000000000 ) ) ;
#395 = CARTESIAN_POINT ( 'NONE',  ( 0.4999999999999987232, 2.950000000000003730, 0.5000000000000000000 ) ) ;
#396 = DIRECTION ( 'NONE',  ( 0.000000000000000000, 1.000000000000000000, 0.000000000000000000 ) ) ;
#397 = CARTESIAN_POINT ( 'NONE',  ( 4.399999999999998579, 3.600000000000004086, 0.000000000000000000 ) ) ;
#398 = CARTESIAN_POINT ( 'NONE',  ( -25.23937042237544404, 25.89353571423245270, -8.800000000000002487 ) ) ;
#399 = CONICAL_SURFACE ( 'NONE', #5124, 0.5999999999062310962, 0.7853981633974482790 ) ;
#400 = EDGE_LOOP ( 'NONE', ( #2768, #1637, #6338, #7195, #2370, #3640, #2347, #549 ) ) ;
#401 = LINE ( 'NONE', #504, #4596 ) ;
#402 = AXIS2_PLACEMENT_3D ( 'NONE', #704, #629, #8339 ) ;
#403 = LINE ( 'NONE', #1888, #6789 ) ;
#404 = DIRECTION ( 'NONE',  ( 0.000000000000000000, 0.000000000000000000, 1.000000000000000000 ) ) ;
#405 = CARTESIAN_POINT ( 'NONE',  ( -1.084202172485504434E-16, 0.4500000000000592970, 2.100000000000000089 ) ) ;
#406 = ORIENTED_EDGE ( 'NONE', *, *, #8119, .T. ) ;
#407 = ORIENTED_EDGE ( 'NONE', *, *, #4351, .T. ) ;
#408 = DIRECTION ( 'NONE',  ( -0.000000000000000000, -0.000000000000000000, -1.000000000000000000 ) ) ;
#409 = CARTESIAN_POINT ( 'NONE',  ( -15.68937042237545576, 27.59353571423245555, 0.4500000000000001221 ) ) ;
#410 = DIRECTION ( 'NONE',  ( -0.000000000000000000, -0.000000000000000000, -1.000000000000000000 ) ) ;
#411 = EDGE_CURVE ( 'NONE', #5438, #6894, #5010, .T. ) ;
#412 = ADVANCED_FACE ( 'NONE', ( #7586 ), #3790, .T. ) ;
#413 = ORIENTED_EDGE ( 'NONE', *, *, #7384, .T. ) ;
#414 = VERTEX_POINT ( 'NONE', #3754 ) ;
#415 = DIRECTION ( 'NONE',  ( 0.000000000000000000, 0.000000000000000000, 1.000000000000000000 ) ) ;
#416 = VERTEX_POINT ( 'NONE', #6311 ) ;
#417 = MECHANICAL_DESIGN_GEOMETRIC_PRESENTATION_REPRESENTATION (  '', ( #4739 ), #5676 ) ;
#418 = FACE_OUTER_BOUND ( 'NONE', #3428, .T. ) ;
#419 = ORIENTED_EDGE ( 'NONE', *, *, #763, .T. ) ;
#420 = CARTESIAN_POINT ( 'NONE',  ( 3.250000000000001332, -7.560000000000000497, 2.100000000000000089 ) ) ;
#421 = FACE_OUTER_BOUND ( 'NONE', #58, .T. ) ;
#422 = ADVANCED_FACE ( 'NONE', ( #1755 ), #2525, .F. ) ;
#423 = VERTEX_POINT ( 'NONE', #6985 ) ;
#424 = CIRCLE ( 'NONE', #2594, 1.000000000000000222 ) ;
#425 = ORIENTED_EDGE ( 'NONE', *, *, #3133, .F. ) ;
#426 = LINE ( 'NONE', #6257, #5145 ) ;
#427 = FACE_OUTER_BOUND ( 'NONE', #7437, .T. ) ;
#428 = CYLINDRICAL_SURFACE ( 'NONE', #4910, 3.850000000000000089 ) ;
#429 = FACE_OUTER_BOUND ( 'NONE', #143, .T. ) ;
#430 = EDGE_CURVE ( 'NONE', #5485, #6289, #1714, .T. ) ;
#431 = CIRCLE ( 'NONE', #1268, 0.6500000000000001332 ) ;
#432 = EDGE_LOOP ( 'NONE', ( #5628, #6462, #5146, #2981 ) ) ;
#433 = DIRECTION ( 'NONE',  ( -1.232047923278981953E-16, 1.000000000000000000, 0.000000000000000000 ) ) ;
#434 = DIRECTION ( 'NONE',  ( 1.000000000000000000, 8.828503404524822102E-16, 0.000000000000000000 ) ) ;
#435 = VECTOR ( 'NONE', #5783, 1000.000000000000000 ) ;
#436 = AXIS2_PLACEMENT_3D ( 'NONE', #8055, #3545, #4897 ) ;
#437 = ORIENTED_EDGE ( 'NONE', *, *, #6138, .T. ) ;
#438 = AXIS2_PLACEMENT_3D ( 'NONE', #467, #2959, #2194 ) ;
#439 = VERTEX_POINT ( 'NONE', #6275 ) ;
#440 = ORIENTED_EDGE ( 'NONE', *, *, #615, .F. ) ;
#441 = LINE ( 'NONE', #6168, #5305 ) ;
#442 = AXIS2_PLACEMENT_3D ( 'NONE', #5770, #7609, #1824 ) ;
#443 = CARTESIAN_POINT ( 'NONE',  ( 0.000000000000000000, 15.89999999999999680, -0.5999999999999998668 ) ) ;
#444 = VECTOR ( 'NONE', #6435, 1000.000000000000114 ) ;
#445 = DIRECTION ( 'NONE',  ( -1.000000000000000000, 0.000000000000000000, 0.000000000000000000 ) ) ;
#446 = ADVANCED_FACE ( 'NONE', ( #3116 ), #3661, .F. ) ;
#447 = EDGE_CURVE ( 'NONE', #2326, #1470, #3041, .T. ) ;
#448 = CARTESIAN_POINT ( 'NONE',  ( -1.000000000000000000, 4.426179070414212546, 2.500000000000000000 ) ) ;
#449 = DIRECTION ( 'NONE',  ( 0.000000000000000000, 0.000000000000000000, 1.000000000000000000 ) ) ;
#450 = VECTOR ( 'NONE', #3934, 1000.000000000000000 ) ;
#451 = DIRECTION ( 'NONE',  ( 0.000000000000000000, 0.000000000000000000, 1.000000000000000000 ) ) ;
#452 = AXIS2_PLACEMENT_3D ( 'NONE', #7033, #1256, #3844 ) ;
#453 =( REPRESENTATION_RELATIONSHIP ('NONE','NONE', #4253, #6940 ) REPRESENTATION_RELATIONSHIP_WITH_TRANSFORMATION ( #3795 )SHAPE_REPRESENTATION_RELATIONSHIP( ) );
#454 = VECTOR ( 'NONE', #140, 1000.000000000000000 ) ;
#455 = ORIENTED_EDGE ( 'NONE', *, *, #2411, .F. ) ;
#456 = VECTOR ( 'NONE', #7204, 1000.000000000000114 ) ;
#457 = CIRCLE ( 'NONE', #1402, 0.9000000000000002442 ) ;
#458 = FACE_OUTER_BOUND ( 'NONE', #2675, .T. ) ;
#459 = AXIS2_PLACEMENT_3D ( 'NONE', #1204, #3161, #3787 ) ;
#460 = CARTESIAN_POINT ( 'NONE',  ( -1.900000000000001910, -4.200000000000000178, 0.1000000000000000056 ) ) ;
#461 = CARTESIAN_POINT ( 'NONE',  ( 0.000000000000000000, 0.000000000000000000, 0.000000000000000000 ) ) ;
#462 = EDGE_CURVE ( 'NONE', #4540, #5765, #6504, .T. ) ;
#463 = FACE_OUTER_BOUND ( 'NONE', #3943, .T. ) ;
#464 = ORIENTED_EDGE ( 'NONE', *, *, #923, .T. ) ;
#465 = VECTOR ( 'NONE', #6299, 1000.000000000000000 ) ;
#466 = LINE ( 'NONE', #5022, #3935 ) ;
#467 = CARTESIAN_POINT ( 'NONE',  ( -1.734723475976807094E-15, 0.4500000000000040079, 0.000000000000000000 ) ) ;
#468 = LINE ( 'NONE', #2238, #7590 ) ;
#469 = AXIS2_PLACEMENT_3D ( 'NONE', #6746, #238, #5437 ) ;
#470 = DIRECTION ( 'NONE',  ( 9.835013635416532540E-15, 7.411214357784366593E-15, 1.000000000000000000 ) ) ;
#471 = VERTEX_POINT ( 'NONE', #7632 ) ;
#472 = VERTEX_POINT ( 'NONE', #5722 ) ;
#473 = CARTESIAN_POINT ( 'NONE',  ( -0.7967663502707702516, 16.69999999999999574, -1.604700010220583728 ) ) ;
#474 = ORIENTED_EDGE ( 'NONE', *, *, #100, .F. ) ;
#475 = EDGE_CURVE ( 'NONE', #5320, #2128, #6081, .T. ) ;
#476 = PRODUCT_RELATED_PRODUCT_CATEGORY ( 'part', '', ( #1051 ) ) ;
#477 = DIRECTION ( 'NONE',  ( -1.000000000000000000, 0.000000000000000000, 0.000000000000000000 ) ) ;
#478 = EDGE_LOOP ( 'NONE', ( #4402, #4995, #2284, #8333 ) ) ;
#479 = DIRECTION ( 'NONE',  ( 0.000000000000000000, 0.000000000000000000, -1.000000000000000000 ) ) ;
#480 = CARTESIAN_POINT ( 'NONE',  ( 4.399999999999998579, 3.600000000000003642, 0.1000000000000001305 ) ) ;
#481 = ORIENTED_EDGE ( 'NONE', *, *, #6756, .T. ) ;
#482 = ORIENTED_EDGE ( 'NONE', *, *, #2432, .F. ) ;
#483 = EDGE_CURVE ( 'NONE', #416, #3053, #3205, .T. ) ;
#484 = DIRECTION ( 'NONE',  ( -1.000000000000000000, 0.000000000000000000, 0.000000000000000000 ) ) ;
#485 = DIRECTION ( 'NONE',  ( -1.000000000000000000, 0.000000000000000000, 0.000000000000000000 ) ) ;
#486 = EDGE_CURVE ( 'NONE', #3359, #1501, #2397, .T. ) ;
#487 = DIRECTION ( 'NONE',  ( -0.000000000000000000, -0.000000000000000000, -1.000000000000000000 ) ) ;
#488 = LINE ( 'NONE', #351, #5185 ) ;
#489 = ORIENTED_EDGE ( 'NONE', *, *, #6631, .F. ) ;
#490 = FACE_OUTER_BOUND ( 'NONE', #6776, .T. ) ;
#491 = DIRECTION ( 'NONE',  ( 0.000000000000000000, 0.000000000000000000, -1.000000000000000000 ) ) ;
#492 = ORIENTED_EDGE ( 'NONE', *, *, #6441, .F. ) ;
#493 = ORIENTED_EDGE ( 'NONE', *, *, #7857, .T. ) ;
#494 = ORIENTED_EDGE ( 'NONE', *, *, #4132, .F. ) ;
#495 = CYLINDRICAL_SURFACE ( 'NONE', #3557, 0.4000000000000001887 ) ;
#496 = LINE ( 'NONE', #6854, #3298 ) ;
#497 = DIRECTION ( 'NONE',  ( 0.000000000000000000, 0.000000000000000000, 1.000000000000000000 ) ) ;
#498 = DIRECTION ( 'NONE',  ( -0.6018150231520500437, 0.7986355100472914970, 0.000000000000000000 ) ) ;
#499 = FACE_OUTER_BOUND ( 'NONE', #3885, .T. ) ;
#500 = DIRECTION ( 'NONE',  ( 1.000000000000000000, 0.000000000000000000, 0.000000000000000000 ) ) ;
#501 = ORIENTED_EDGE ( 'NONE', *, *, #176, .F. ) ;
#502 = EDGE_CURVE ( 'NONE', #661, #621, #2013, .T. ) ;
#503 = EDGE_CURVE ( 'NONE', #7851, #7140, #424, .T. ) ;
#504 = CARTESIAN_POINT ( 'NONE',  ( -1.249999999999999334, 13.50000000000000000, 3.152565349772896486 ) ) ;
#505 =( NAMED_UNIT ( * ) PLANE_ANGLE_UNIT ( ) SI_UNIT ( $, .RADIAN. ) );
#506 = DIRECTION ( 'NONE',  ( 0.000000000000000000, -1.000000000000000000, 0.000000000000000000 ) ) ;
#507 = ORIENTED_EDGE ( 'NONE', *, *, #5514, .T. ) ;
#508 = ORIENTED_EDGE ( 'NONE', *, *, #890, .T. ) ;
#509 = DIRECTION ( 'NONE',  ( 0.000000000000000000, -1.000000000000000000, 0.000000000000000000 ) ) ;
#510 = CARTESIAN_POINT ( 'NONE',  ( 2.999999999999998224, -3.750000000000000000, 5.599999999999999645 ) ) ;
#511 = ORIENTED_EDGE ( 'NONE', *, *, #1092, .F. ) ;
#512 = EDGE_CURVE ( 'NONE', #439, #1199, #1976, .T. ) ;
#513 = DIRECTION ( 'NONE',  ( 1.000000000000000000, 3.197646960325912517E-16, 0.000000000000000000 ) ) ;
#514 = EDGE_LOOP ( 'NONE', ( #1821, #1496, #1184, #1716 ) ) ;
#515 = PRESENTATION_STYLE_ASSIGNMENT (( #3006 ) ) ;
#516 = CARTESIAN_POINT ( 'NONE',  ( -0.3999999999999998557, -11.96000000000000618, 1.800000000000000711 ) ) ;
#517 = DIRECTION ( 'NONE',  ( 0.000000000000000000, 0.000000000000000000, 1.000000000000000000 ) ) ;
#518 = DIRECTION ( 'NONE',  ( -0.000000000000000000, -0.000000000000000000, -1.000000000000000000 ) ) ;
#519 = EDGE_CURVE ( 'NONE', #6295, #1317, #7795, .T. ) ;
#520 = ORIENTED_EDGE ( 'NONE', *, *, #1408, .T. ) ;
#521 = ORIENTED_EDGE ( 'NONE', *, *, #3368, .T. ) ;
#522 = CARTESIAN_POINT ( 'NONE',  ( -0.4500000000000001221, -3.020950878361716274, 1.800000000000000488 ) ) ;
#523 = VERTEX_POINT ( 'NONE', #3326 ) ;
#524 = LINE ( 'NONE', #3102, #3843 ) ;
#525 = FACE_OUTER_BOUND ( 'NONE', #4366, .T. ) ;
#526 = ORIENTED_EDGE ( 'NONE', *, *, #910, .F. ) ;
#527 = CARTESIAN_POINT ( 'NONE',  ( 0.7500000000000001110, 0.000000000000000000, 1.800000000000000266 ) ) ;
#528 = CARTESIAN_POINT ( 'NONE',  ( -16.42466790909578478, 21.85027710540992629, -7.349999999999987210 ) ) ;
#529 = EDGE_CURVE ( 'NONE', #1743, #129, #2453, .T. ) ;
#530 = EDGE_CURVE ( 'NONE', #374, #1005, #5254, .T. ) ;
#531 = ORIENTED_EDGE ( 'NONE', *, *, #4193, .F. ) ;
#532 = ORIENTED_EDGE ( 'NONE', *, *, #7000, .T. ) ;
#533 = EDGE_LOOP ( 'NONE', ( #6700, #3904, #1310, #7328 ) ) ;
#534 = DIRECTION ( 'NONE',  ( 0.000000000000000000, 0.000000000000000000, 1.000000000000000000 ) ) ;
#535 = LINE ( 'NONE', #4506, #444 ) ;
#536 = CARTESIAN_POINT ( 'NONE',  ( -1.900000000000001910, -4.200000000000000178, 0.000000000000000000 ) ) ;
#537 = LINE ( 'NONE', #7539, #7144 ) ;
#538 = LINE ( 'NONE', #1846, #8271 ) ;
#539 = AXIS2_PLACEMENT_3D ( 'NONE', #1691, #4980, #7556 ) ;
#540 = CARTESIAN_POINT ( 'NONE',  ( -1.900000000000001910, -4.200000000000000178, 0.1000000000000000056 ) ) ;
#541 = EDGE_CURVE ( 'NONE', #3765, #4044, #7117, .T. ) ;
#542 = EDGE_LOOP ( 'NONE', ( #3104, #4777, #3261, #4495, #4210, #2624, #3725, #3440 ) ) ;
#543 = FACE_OUTER_BOUND ( 'NONE', #6002, .T. ) ;
#544 = APPLICATION_PROTOCOL_DEFINITION ( 'draft international standard', 'automotive_design', 1998, #6202 ) ;
#545 = AXIS2_PLACEMENT_3D ( 'NONE', #878, #5312, #5936 ) ;
#546 = FACE_OUTER_BOUND ( 'NONE', #3894, .T. ) ;
#547 = ORIENTED_EDGE ( 'NONE', *, *, #2079, .T. ) ;
#548 = ADVANCED_FACE ( 'NONE', ( #5218 ), #5888, .T. ) ;
#549 = ORIENTED_EDGE ( 'NONE', *, *, #2523, .T. ) ;
#550 = CARTESIAN_POINT ( 'NONE',  ( -25.28937042237545185, 8.086647845966487297E-15, 0.04999999999999996808 ) ) ;
#551 = VECTOR ( 'NONE', #2918, 1000.000000000000000 ) ;
#552 = DIRECTION ( 'NONE',  ( -1.355252715606880296E-16, 1.000000000000000000, 0.000000000000000000 ) ) ;
#553 = ORIENTED_EDGE ( 'NONE', *, *, #2801, .T. ) ;
#554 = VECTOR ( 'NONE', #1619, 1000.000000000000000 ) ;
#555 = CARTESIAN_POINT ( 'NONE',  ( -0.4000000000000000222, -7.560000000000000497, 2.100000000000000089 ) ) ;
#556 = ORIENTED_EDGE ( 'NONE', *, *, #6407, .F. ) ;
#557 = DIRECTION ( 'NONE',  ( 0.000000000000000000, 0.000000000000000000, 1.000000000000000000 ) ) ;
#558 = EDGE_CURVE ( 'NONE', #439, #374, #2691, .T. ) ;
#559 = VERTEX_POINT ( 'NONE', #6611 ) ;
#560 = EDGE_CURVE ( 'NONE', #5879, #3917, #3363, .T. ) ;
#561 = VECTOR ( 'NONE', #6265, 1000.000000000000000 ) ;
#562 = LINE ( 'NONE', #2504, #4890 ) ;
#563 = DIRECTION ( 'NONE',  ( 0.000000000000000000, -1.000000000000000000, 0.000000000000000000 ) ) ;
#564 = CARTESIAN_POINT ( 'NONE',  ( -16.89163920131551322, 21.89524132667333944, -5.349999999999986322 ) ) ;
#565 = VERTEX_POINT ( 'NONE', #1928 ) ;
#566 = ORIENTED_EDGE ( 'NONE', *, *, #3089, .F. ) ;
#567 = ORIENTED_EDGE ( 'NONE', *, *, #6448, .F. ) ;
#568 = DIRECTION ( 'NONE',  ( -1.000000000000000000, 1.495451272393799296E-16, 0.000000000000000000 ) ) ;
#569 = CARTESIAN_POINT ( 'NONE',  ( -3.400000000000003020, -0.05202383709185157135, 0.5000000000000000000 ) ) ;
#570 = AXIS2_PLACEMENT_3D ( 'NONE', #2950, #2305, #6668 ) ;
#571 = ORIENTED_EDGE ( 'NONE', *, *, #4103, .T. ) ;
#572 = DIRECTION ( 'NONE',  ( -1.000000000000000000, 0.000000000000000000, 0.000000000000000000 ) ) ;
#573 = CARTESIAN_POINT ( 'NONE',  ( -16.13937042237544972, 24.39353571423245626, -7.350000000000000533 ) ) ;
#574 = ORIENTED_EDGE ( 'NONE', *, *, #7162, .T. ) ;
#575 = AXIS2_PLACEMENT_3D ( 'NONE', #1296, #1334, #7210 ) ;
#576 = ORIENTED_EDGE ( 'NONE', *, *, #5070, .T. ) ;
#577 = EDGE_LOOP ( 'NONE', ( #1215, #7510, #2297, #1574, #2494 ) ) ;
#578 = DIRECTION ( 'NONE',  ( 0.4383711467890771818, -0.8987940462991670376, 0.000000000000000000 ) ) ;
#579 = LINE ( 'NONE', #8080, #5981 ) ;
#580 = ADVANCED_FACE ( 'NONE', ( #3240 ), #5927, .T. ) ;
#581 = CARTESIAN_POINT ( 'NONE',  ( -25.23937042237544048, 23.89353571423246692, -8.100000000000001421 ) ) ;
#582 = CARTESIAN_POINT ( 'NONE',  ( 1.750000000000000000, -5.949999999999999289, 2.100000000000000089 ) ) ;
#583 = AXIS2_PLACEMENT_3D ( 'NONE', #5323, #6591, #2119 ) ;
#584 = DIRECTION ( 'NONE',  ( 0.000000000000000000, 0.000000000000000000, 1.000000000000000000 ) ) ;
#585 = VECTOR ( 'NONE', #2367, 1000.000000000000000 ) ;
#586 = ORIENTED_EDGE ( 'NONE', *, *, #2801, .F. ) ;
#587 = AXIS2_PLACEMENT_3D ( 'NONE', #4659, #4057, #5991 ) ;
#588 = VECTOR ( 'NONE', #3233, 1000.000000000000000 ) ;
#589 = DIRECTION ( 'NONE',  ( -0.000000000000000000, -0.000000000000000000, -1.000000000000000000 ) ) ;
#590 = STYLED_ITEM ( 'NONE', ( #1881 ), #5399 ) ;
#591 =( LENGTH_UNIT ( ) NAMED_UNIT ( * ) SI_UNIT ( .MILLI., .METRE. ) );
#592 = ADVANCED_FACE ( 'NONE', ( #707, #7758, #4681, #2058, #141, #4593 ), #3281, .F. ) ;
#593 = CIRCLE ( 'NONE', #6522, 3.250000000000002665 ) ;
#594 = CARTESIAN_POINT ( 'NONE',  ( 4.099999999999997868, 0.4500000000000040079, 2.500000000000000000 ) ) ;
#595 = ORIENTED_EDGE ( 'NONE', *, *, #7119, .T. ) ;
#596 = ORIENTED_EDGE ( 'NONE', *, *, #1668, .T. ) ;
#597 = CIRCLE ( 'NONE', #311, 0.3500000000000000333 ) ;
#598 = CIRCLE ( 'NONE', #1263, 0.7999999999999999334 ) ;
#599 = LINE ( 'NONE', #7550, #5972 ) ;
#600 = FACE_OUTER_BOUND ( 'NONE', #3197, .T. ) ;
#601 = ORIENTED_EDGE ( 'NONE', *, *, #2779, .F. ) ;
#602 = VECTOR ( 'NONE', #7600, 1000.000000000000000 ) ;
#603 = VECTOR ( 'NONE', #1979, 1000.000000000000000 ) ;
#604 = CARTESIAN_POINT ( 'NONE',  ( 1.479999999999999982, 15.89999999999999680, 0.4999999999999998890 ) ) ;
#605 = AXIS2_PLACEMENT_3D ( 'NONE', #4954, #7528, #2338 ) ;
#606 = PRODUCT ( 'CUI_DEVICES_PT01-B120D-B503', 'CUI_DEVICES_PT01-B120D-B503', '', ( #7085 ) ) ;
#607 = CARTESIAN_POINT ( 'NONE',  ( -24.03937042237544475, 29.99353571423246478, -5.350000000000003197 ) ) ;
#608 = DIRECTION ( 'NONE',  ( 1.000000000000000000, 0.000000000000000000, 0.000000000000000000 ) ) ;
#609 = VECTOR ( 'NONE', #2510, 1000.000000000000000 ) ;
#610 = ORIENTED_EDGE ( 'NONE', *, *, #4538, .F. ) ;
#611 = DIRECTION ( 'NONE',  ( 0.000000000000000000, 0.000000000000000000, 1.000000000000000000 ) ) ;
#612 = LINE ( 'NONE', #3184, #5034 ) ;
#613 = DIRECTION ( 'NONE',  ( -0.4383711467890784030, 0.8987940462991664825, 0.000000000000000000 ) ) ;
#614 = EDGE_CURVE ( 'NONE', #6877, #4097, #3913, .T. ) ;
#615 = EDGE_CURVE ( 'NONE', #789, #5616, #6483, .T. ) ;
#616 = EDGE_LOOP ( 'NONE', ( #44, #3858, #7692, #1287 ) ) ;
#617 = LINE ( 'NONE', #3187, #7032 ) ;
#618 = ORIENTED_EDGE ( 'NONE', *, *, #1843, .F. ) ;
#619 = CARTESIAN_POINT ( 'NONE',  ( -17.33937042237545256, 29.99353571423246123, -5.350000000000003197 ) ) ;
#620 = LINE ( 'NONE', #89, #435 ) ;
#621 = VERTEX_POINT ( 'NONE', #5302 ) ;
#622 = LINE ( 'NONE', #1363, #2416 ) ;
#623 = ORIENTED_EDGE ( 'NONE', *, *, #1597, .F. ) ;
#624 = ADVANCED_FACE ( 'NONE', ( #1377 ), #3962, .T. ) ;
#625 = EDGE_LOOP ( 'NONE', ( #7772, #7578, #5565, #6922 ) ) ;
#626 = CARTESIAN_POINT ( 'NONE',  ( -0.5000000000000015543, 2.950000000000003730, 0.5000000000000000000 ) ) ;
#627 = CARTESIAN_POINT ( 'NONE',  ( -0.4999999999999997780, 15.89999999999999680, 1.500000000000000000 ) ) ;
#628 = PLANE ( 'NONE',  #3704 ) ;
#629 = DIRECTION ( 'NONE',  ( 0.8030775509390620792, 0.5958745230144666394, -1.238326649461290240E-14 ) ) ;
#630 = CARTESIAN_POINT ( 'NONE',  ( 4.399999999999998579, -2.700000000000000622, 0.1000000000000000056 ) ) ;
#631 = CARTESIAN_POINT ( 'NONE',  ( -17.33937042237545256, 30.64353571423245270, -5.350000000000003197 ) ) ;
#632 = LINE ( 'NONE', #1882, #292 ) ;
#633 = VERTEX_POINT ( 'NONE', #480 ) ;
#634 = PLANE ( 'NONE',  #1938 ) ;
#635 = DIRECTION ( 'NONE',  ( -0.000000000000000000, -0.000000000000000000, -1.000000000000000000 ) ) ;
#636 = LINE ( 'NONE', #594, #3783 ) ;
#637 = ORIENTED_EDGE ( 'NONE', *, *, #8048, .T. ) ;
#638 = CARTESIAN_POINT ( 'NONE',  ( 1.000000000000000000, 4.426179070414211658, 2.500000000000000000 ) ) ;
#639 = DIRECTION ( 'NONE',  ( -1.000000000000000000, 0.000000000000000000, 0.000000000000000000 ) ) ;
#640 = EDGE_LOOP ( 'NONE', ( #3707, #406, #4039, #5861 ) ) ;
#641 = ADVANCED_FACE ( 'NONE', ( #5417 ), #1916, .T. ) ;
#642 = EDGE_CURVE ( 'NONE', #4751, #5074, #6636, .T. ) ;
#643 = CYLINDRICAL_SURFACE ( 'NONE', #3229, 1.200000000000002176 ) ;
#644 = FACE_OUTER_BOUND ( 'NONE', #5120, .T. ) ;
#645 = DIRECTION ( 'NONE',  ( 0.000000000000000000, 1.000000000000000000, 0.000000000000000000 ) ) ;
#646 = DIRECTION ( 'NONE',  ( 0.000000000000000000, 1.000000000000000000, 0.000000000000000000 ) ) ;
#647 = DIRECTION ( 'NONE',  ( -1.000000000000000000, 0.000000000000000000, 0.000000000000000000 ) ) ;
#648 = EDGE_CURVE ( 'NONE', #1202, #88, #6880, .T. ) ;
#649 = ORIENTED_EDGE ( 'NONE', *, *, #3106, .F. ) ;
#650 = CARTESIAN_POINT ( 'NONE',  ( -25.55785570342110802, 20.74242368168775030, -7.349999999999916156 ) ) ;
#651 = EDGE_LOOP ( 'NONE', ( #3315, #4698, #3049, #4733 ) ) ;
#652 = UNCERTAINTY_MEASURE_WITH_UNIT (LENGTH_MEASURE( 1.000000000000000082E-05 ), #6004, 'distance_accuracy_value', 'NONE');
#653 = CARTESIAN_POINT ( 'NONE',  ( -23.68937042237543977, 29.69353571423244986, 0.4500000000000001221 ) ) ;
#654 = LINE ( 'NONE', #4577, #5549 ) ;
#655 = ORIENTED_EDGE ( 'NONE', *, *, #1760, .T. ) ;
#656 = CARTESIAN_POINT ( 'NONE',  ( -17.33937042237544901, 30.64353571423245270, -4.900000000000003020 ) ) ;
#657 = DIRECTION ( 'NONE',  ( -0.000000000000000000, -0.000000000000000000, -1.000000000000000000 ) ) ;
#658 = ADVANCED_FACE ( 'NONE', ( #2413 ), #2137, .T. ) ;
#659 = ORIENTED_EDGE ( 'NONE', *, *, #1626, .F. ) ;
#660 = ORIENTED_EDGE ( 'NONE', *, *, #8091, .F. ) ;
#661 = VERTEX_POINT ( 'NONE', #3524 ) ;
#662 = CARTESIAN_POINT ( 'NONE',  ( -3.000000000000001776, 4.650000000000003908, 5.599999999999999645 ) ) ;
#663 = DIRECTION ( 'NONE',  ( -1.000000000000000000, 0.000000000000000000, 0.000000000000000000 ) ) ;
#664 = CARTESIAN_POINT ( 'NONE',  ( -17.63937042237544617, 33.89353571423244205, 0.4500000000000001221 ) ) ;
#665 = DIRECTION ( 'NONE',  ( 0.000000000000000000, 1.000000000000000000, 0.000000000000000000 ) ) ;
#666 = DIRECTION ( 'NONE',  ( 1.000000000000000000, 0.000000000000000000, 0.000000000000000000 ) ) ;
#667 = EDGE_CURVE ( 'NONE', #2283, #1321, #4622, .T. ) ;
#668 = FILL_AREA_STYLE_COLOUR ( '', #6095 ) ;
#669 = DIRECTION ( 'NONE',  ( -1.000000000000000000, 0.000000000000000000, 0.000000000000000000 ) ) ;
#670 = EDGE_CURVE ( 'NONE', #1192, #3054, #21, .T. ) ;
#671 = VERTEX_POINT ( 'NONE', #4359 ) ;
#672 = PRODUCT_DEFINITION_SHAPE ( 'NONE', 'NONE',  #8366 ) ;
#673 = CARTESIAN_POINT ( 'NONE',  ( -17.68937042237545398, 29.69353571423244986, 0.4500000000000001221 ) ) ;
#674 = VECTOR ( 'NONE', #6022, 1000.000000000000000 ) ;
#675 = CARTESIAN_POINT ( 'NONE',  ( -25.68937042237544333, 27.59353571423245910, -0.4000000000000010769 ) ) ;
#676 = LINE ( 'NONE', #3974, #5536 ) ;
#677 = PLANE ( 'NONE',  #169 ) ;
#678 = ORIENTED_EDGE ( 'NONE', *, *, #6421, .F. ) ;
#679 = DIRECTION ( 'NONE',  ( -0.000000000000000000, -1.000000000000000000, -0.000000000000000000 ) ) ;
#680 = ORIENTED_EDGE ( 'NONE', *, *, #3195, .T. ) ;
#681 = CARTESIAN_POINT ( 'NONE',  ( 1.370000000000000329, 13.50000000000000000, 3.349876971653937829 ) ) ;
#682 = EDGE_CURVE ( 'NONE', #7072, #5327, #6927, .T. ) ;
#683 = LINE ( 'NONE', #3183, #6638 ) ;
#684 = PLANE ( 'NONE',  #6906 ) ;
#685 = AXIS2_PLACEMENT_3D ( 'NONE', #997, #2303, #6949 ) ;
#686 = ORIENTED_EDGE ( 'NONE', *, *, #2860, .T. ) ;
#687 = AXIS2_PLACEMENT_3D ( 'NONE', #3647, #6164, #4921 ) ;
#688 = LINE ( 'NONE', #2038, #6350 ) ;
#689 = VERTEX_POINT ( 'NONE', #266 ) ;
#690 = DIRECTION ( 'NONE',  ( 1.000000000000000000, 0.000000000000000000, 0.000000000000000000 ) ) ;
#691 = CARTESIAN_POINT ( 'NONE',  ( -25.78144432910365325, 24.39353571423245270, -5.299999999999999822 ) ) ;
#692 = ORIENTED_EDGE ( 'NONE', *, *, #193, .T. ) ;
#693 = ADVANCED_FACE ( 'NONE', ( #314 ), #6732, .F. ) ;
#694 = FACE_OUTER_BOUND ( 'NONE', #5509, .T. ) ;
#695 = ORIENTED_EDGE ( 'NONE', *, *, #4418, .T. ) ;
#696 = ORIENTED_EDGE ( 'NONE', *, *, #7483, .T. ) ;
#697 = EDGE_CURVE ( 'NONE', #5525, #257, #6655, .T. ) ;
#698 = VERTEX_POINT ( 'NONE', #5462 ) ;
#699 = PLANE ( 'NONE',  #2335 ) ;
#700 = DIRECTION ( 'NONE',  ( -0.000000000000000000, -0.000000000000000000, -1.000000000000000000 ) ) ;
#701 = FACE_OUTER_BOUND ( 'NONE', #6674, .T. ) ;
#702 = LINE ( 'NONE', #2052, #2209 ) ;
#703 = AXIS2_PLACEMENT_3D ( 'NONE', #7238, #780, #4586 ) ;
#704 = CARTESIAN_POINT ( 'NONE',  ( -25.68937042237556057, 22.89353571423245270, -7.349999999999910827 ) ) ;
#705 = CARTESIAN_POINT ( 'NONE',  ( 0.000000000000000000, 0.000000000000000000, 0.1000000000000000056 ) ) ;
#706 = CARTESIAN_POINT ( 'NONE',  ( -2.100000000000000089, -7.560000000000001386, 2.100000000000000089 ) ) ;
#707 = FACE_OUTER_BOUND ( 'NONE', #7460, .T. ) ;
#708 = CIRCLE ( 'NONE', #6496, 3.850000000000000089 ) ;
#709 = ORIENTED_EDGE ( 'NONE', *, *, #6928, .T. ) ;
#710 = EDGE_CURVE ( 'NONE', #7476, #1350, #4131, .T. ) ;
#711 = VERTEX_POINT ( 'NONE', #7366 ) ;
#712 = EDGE_CURVE ( 'NONE', #5710, #4323, #6359, .T. ) ;
#713 = DIRECTION ( 'NONE',  ( -0.000000000000000000, -0.000000000000000000, -1.000000000000000000 ) ) ;
#714 = AXIS2_PLACEMENT_3D ( 'NONE', #6538, #1460, #4042 ) ;
#715 = DIRECTION ( 'NONE',  ( 0.000000000000000000, 0.000000000000000000, 1.000000000000000000 ) ) ;
#716 = DIRECTION ( 'NONE',  ( -3.197646960325911531E-16, -1.000000000000000000, -0.000000000000000000 ) ) ;
#717 = CARTESIAN_POINT ( 'NONE',  ( 0.4999999999999987232, 0.9500000000000040634, 0.5000000000000000000 ) ) ;
#718 = DIRECTION ( 'NONE',  ( 1.000000000000000000, 0.000000000000000000, 0.000000000000000000 ) ) ;
#719 = VECTOR ( 'NONE', #2667, 1000.000000000000000 ) ;
#720 = ORIENTED_EDGE ( 'NONE', *, *, #5137, .T. ) ;
#721 = VECTOR ( 'NONE', #6678, 1000.000000000000000 ) ;
#722 = EDGE_CURVE ( 'NONE', #471, #7140, #7764, .T. ) ;
#723 = CARTESIAN_POINT ( 'NONE',  ( 0.000000000000000000, 18.19999999999999574, 0.000000000000000000 ) ) ;
#724 = ORIENTED_EDGE ( 'NONE', *, *, #7162, .F. ) ;
#725 = CIRCLE ( 'NONE', #5701, 0.4000000000000001887 ) ;
#726 = DIRECTION ( 'NONE',  ( 1.000000000000000000, 0.000000000000000000, -1.517883041479702421E-14 ) ) ;
#727 = VECTOR ( 'NONE', #3749, 1000.000000000000000 ) ;
#728 = CARTESIAN_POINT ( 'NONE',  ( 0.000000000000000000, 15.19999999999999751, 0.000000000000000000 ) ) ;
#729 = CARTESIAN_POINT ( 'NONE',  ( -16.13937042237545327, 27.59353571423245555, -4.400000000000000355 ) ) ;
#730 = VECTOR ( 'NONE', #7391, 1000.000000000000000 ) ;
#731 = VECTOR ( 'NONE', #2180, 1000.000000000000000 ) ;
#732 = APPLICATION_CONTEXT ( 'automotive_design' ) ;
#733 = CIRCLE ( 'NONE', #179, 4.099999999999999645 ) ;
#734 = EDGE_CURVE ( 'NONE', #4949, #5, #2060, .T. ) ;
#735 = ORIENTED_EDGE ( 'NONE', *, *, #2763, .T. ) ;
#736 = DIRECTION ( 'NONE',  ( -0.000000000000000000, -1.000000000000000000, -0.000000000000000000 ) ) ;
#737 = VERTEX_POINT ( 'NONE', #939 ) ;
#738 = CARTESIAN_POINT ( 'NONE',  ( 0.000000000000000000, 13.50000000000000000, 0.000000000000000000 ) ) ;
#739 = CARTESIAN_POINT ( 'NONE',  ( -24.97039759240872314, 21.92455496882227450, -7.349999999999972999 ) ) ;
#740 = ORIENTED_EDGE ( 'NONE', *, *, #3342, .T. ) ;
#741 = FACE_OUTER_BOUND ( 'NONE', #7616, .T. ) ;
#742 = ORIENTED_EDGE ( 'NONE', *, *, #7304, .T. ) ;
#743 = EDGE_CURVE ( 'NONE', #3586, #2964, #3269, .T. ) ;
#744 = ORIENTED_EDGE ( 'NONE', *, *, #4406, .F. ) ;
#745 = EDGE_CURVE ( 'NONE', #6211, #936, #6090, .T. ) ;
#746 = ORIENTED_EDGE ( 'NONE', *, *, #7522, .F. ) ;
#747 = FACE_OUTER_BOUND ( 'NONE', #293, .T. ) ;
#748 = DIRECTION ( 'NONE',  ( -0.000000000000000000, -1.000000000000000000, -0.000000000000000000 ) ) ;
#749 = CARTESIAN_POINT ( 'NONE',  ( -15.60729651564734688, 20.31262316951115565, -6.165236756138606111 ) ) ;
#750 = LINE ( 'NONE', #2557, #985 ) ;
#751 = ORIENTED_EDGE ( 'NONE', *, *, #1055, .T. ) ;
#752 = PLANE ( 'NONE',  #402 ) ;
#753 = LINE ( 'NONE', #1376, #2619 ) ;
#754 = CARTESIAN_POINT ( 'NONE',  ( -16.13937042237545327, 22.89353571423245270, -5.349999999999996092 ) ) ;
#755 = DIRECTION ( 'NONE',  ( -0.000000000000000000, -0.000000000000000000, -1.000000000000000000 ) ) ;
#756 = ORIENTED_EDGE ( 'NONE', *, *, #3966, .T. ) ;
#757 = ORIENTED_EDGE ( 'NONE', *, *, #483, .T. ) ;
#758 = CARTESIAN_POINT ( 'NONE',  ( 0.000000000000000000, 27.59353571423245555, 0.4500000000000001221 ) ) ;
#759 = PLANE ( 'NONE',  #6467 ) ;
#760 = CARTESIAN_POINT ( 'NONE',  ( 4.399999999999998579, -5.949999999999998401, 0.1000000000000002554 ) ) ;
#761 = FACE_BOUND ( 'NONE', #2254, .T. ) ;
#762 = EDGE_CURVE ( 'NONE', #7626, #1707, #3138, .T. ) ;
#763 = EDGE_CURVE ( 'NONE', #4470, #828, #6014, .T. ) ;
#764 = ORIENTED_EDGE ( 'NONE', *, *, #2654, .T. ) ;
#765 = CARTESIAN_POINT ( 'NONE',  ( -3.400000000000003464, -0.05202383709185157135, 0.5000000000000000000 ) ) ;
#766 = ORIENTED_EDGE ( 'NONE', *, *, #3340, .F. ) ;
#767 = CARTESIAN_POINT ( 'NONE',  ( 0.4999999999999987232, 0.000000000000000000, 0.5000000000000000000 ) ) ;
#768 = PLANE ( 'NONE',  #5028 ) ;
#769 = CARTESIAN_POINT ( 'NONE',  ( -0.5000000000000015543, 0.000000000000000000, 0.000000000000000000 ) ) ;
#770 = CARTESIAN_POINT ( 'NONE',  ( -24.48710164343550844, 21.89524132667333944, -7.349999999999925926 ) ) ;
#771 = EDGE_CURVE ( 'NONE', #7508, #5401, #5737, .T. ) ;
#772 = ORIENTED_EDGE ( 'NONE', *, *, #145, .T. ) ;
#773 = DIRECTION ( 'NONE',  ( 0.5958745230144023575, -0.8030775509391098188, 0.000000000000000000 ) ) ;
#774 = PLANE ( 'NONE',  #7042 ) ;
#775 = ORIENTED_EDGE ( 'NONE', *, *, #230, .F. ) ;
#776 = CARTESIAN_POINT ( 'NONE',  ( 1.000000000000000000, 4.426179070414211658, 4.299999999999999822 ) ) ;
#777 = ORIENTED_EDGE ( 'NONE', *, *, #888, .F. ) ;
#778 = EDGE_LOOP ( 'NONE', ( #7567, #5968, #5670, #955, #574, #5220 ) ) ;
#779 = ORIENTED_EDGE ( 'NONE', *, *, #7520, .T. ) ;
#780 = DIRECTION ( 'NONE',  ( -0.000000000000000000, -1.000000000000000000, -0.000000000000000000 ) ) ;
#781 = CARTESIAN_POINT ( 'NONE',  ( -15.60729651564734510, 20.31262316951115565, -7.349999999999987210 ) ) ;
#782 = DIRECTION ( 'NONE',  ( 0.000000000000000000, 0.000000000000000000, 1.000000000000000000 ) ) ;
#783 = CARTESIAN_POINT ( 'NONE',  ( -25.68937042237544333, 29.34353571423245910, -4.900000000000003020 ) ) ;
#784 = VERTEX_POINT ( 'NONE', #8237 ) ;
#785 = CARTESIAN_POINT ( 'NONE',  ( -16.04467252779191000, 21.19274697494673987, -5.349999999999986322 ) ) ;
#786 = DIRECTION ( 'NONE',  ( -1.000000000000000000, 1.761828530288927745E-15, 0.000000000000000000 ) ) ;
#787 = CARTESIAN_POINT ( 'NONE',  ( 0.4999999999999982792, 0.000000000000000000, 0.000000000000000000 ) ) ;
#788 = ADVANCED_FACE ( 'NONE', ( #3096 ), #3255, .F. ) ;
#789 = VERTEX_POINT ( 'NONE', #7096 ) ;
#790 = ORIENTED_EDGE ( 'NONE', *, *, #5267, .F. ) ;
#791 = DIRECTION ( 'NONE',  ( -0.000000000000000000, -1.000000000000000000, -0.000000000000000000 ) ) ;
#792 = CYLINDRICAL_SURFACE ( 'NONE', #7872, 3.300000000000000266 ) ;
#793 = CARTESIAN_POINT ( 'NONE',  ( -0.7499999999999998890, -5.949999999999999289, 2.100000000000000089 ) ) ;
#794 = FACE_OUTER_BOUND ( 'NONE', #1503, .T. ) ;
#795 = EDGE_CURVE ( 'NONE', #1683, #4825, #3734, .T. ) ;
#796 = CARTESIAN_POINT ( 'NONE',  ( 0.000000000000000000, 15.89999999999999680, -1.604700010220583728 ) ) ;
#797 = ORIENTED_EDGE ( 'NONE', *, *, #5771, .T. ) ;
#798 = LINE ( 'NONE', #5149, #389 ) ;
#799 = EDGE_CURVE ( 'NONE', #6896, #5950, #5289, .T. ) ;
#800 = VERTEX_POINT ( 'NONE', #6292 ) ;
#801 = DIRECTION ( 'NONE',  ( -0.000000000000000000, -1.000000000000000000, -0.000000000000000000 ) ) ;
#802 = DIRECTION ( 'NONE',  ( -1.000000000000000000, 0.000000000000000000, 0.000000000000000000 ) ) ;
#803 = CARTESIAN_POINT ( 'NONE',  ( 3.599999999999999645, 5.950000000000003730, 5.000000000000000000 ) ) ;
#804 = AXIS2_PLACEMENT_3D ( 'NONE', #2627, #1899, #7770 ) ;
#805 = DIRECTION ( 'NONE',  ( -1.000000000000000000, 0.000000000000000000, 0.000000000000000000 ) ) ;
#806 =( BOUNDED_CURVE ( )  B_SPLINE_CURVE ( 3, ( #3889, #4442, #6453, #4568 ),
 .UNSPECIFIED., .F., .F. ) 
 B_SPLINE_CURVE_WITH_KNOTS ( ( 4, 4 ),
 ( 1.570796326794895670, 2.955761700480899812 ),
 .UNSPECIFIED. ) 
 CURVE ( )  GEOMETRIC_REPRESENTATION_ITEM ( )  RATIONAL_B_SPLINE_CURVE ( ( 1.000000000000000000, 0.8464422115045089345, 0.8464422115045089345, 1.000000000000000000 ) ) 
 REPRESENTATION_ITEM ( '' )  );
#807 = VERTEX_POINT ( 'NONE', #3892 ) ;
#808 = ADVANCED_FACE ( 'NONE', ( #6455 ), #684, .T. ) ;
#809 = EDGE_CURVE ( 'NONE', #1381, #4693, #7685, .T. ) ;
#810 = LINE ( 'NONE', #1485, #2084 ) ;
#811 = VERTEX_POINT ( 'NONE', #4486 ) ;
#812 = AXIS2_PLACEMENT_3D ( 'NONE', #2182, #4171, #4686 ) ;
#813 = CARTESIAN_POINT ( 'NONE',  ( -16.13937042237545327, 23.89353571423246336, -1.400000000000001021 ) ) ;
#814 = CIRCLE ( 'NONE', #2294, 3.050000000000004263 ) ;
#815 = ORIENTED_EDGE ( 'NONE', *, *, #4924, .F. ) ;
#816 = AXIS2_PLACEMENT_3D ( 'NONE', #4324, #8203, #6889 ) ;
#817 = VERTEX_POINT ( 'NONE', #7005 ) ;
#818 = VERTEX_POINT ( 'NONE', #1826 ) ;
#819 = DIRECTION ( 'NONE',  ( 0.000000000000000000, 0.000000000000000000, 1.000000000000000000 ) ) ;
#820 = CARTESIAN_POINT ( 'NONE',  ( -1.900000000000001910, -4.200000000000000178, 0.1000000000000000056 ) ) ;
#821 = CARTESIAN_POINT ( 'NONE',  ( -1.342230922150142947, 15.19999999999999751, -3.014700010220582538 ) ) ;
#822 = CARTESIAN_POINT ( 'NONE',  ( -20.68937042237544688, 33.89353571423244205, 1.449999999999999956 ) ) ;
#823 = ORIENTED_EDGE ( 'NONE', *, *, #3384, .F. ) ;
#824 = DIRECTION ( 'NONE',  ( -1.000000000000000000, -0.000000000000000000, -0.000000000000000000 ) ) ;
#825 = CARTESIAN_POINT ( 'NONE',  ( -25.33406831695906902, 21.19274697494675408, -5.349999999999999645 ) ) ;
#826 = CARTESIAN_POINT ( 'NONE',  ( -16.13937042237545327, 24.39353571423245626, 0.4500000000000001221 ) ) ;
#827 = AXIS2_PLACEMENT_3D ( 'NONE', #175, #4737, #1448 ) ;
#828 = VERTEX_POINT ( 'NONE', #5698 ) ;
#829 = ORIENTED_EDGE ( 'NONE', *, *, #4337, .F. ) ;
#830 = CARTESIAN_POINT ( 'NONE',  ( -1.629999999999999893, 16.69999999999999574, 0.8499999999999999778 ) ) ;
#831 = EDGE_CURVE ( 'NONE', #1237, #1749, #7988, .T. ) ;
#832 = VECTOR ( 'NONE', #819, 1000.000000000000000 ) ;
#833 = FACE_OUTER_BOUND ( 'NONE', #616, .T. ) ;
#834 = AXIS2_PLACEMENT_3D ( 'NONE', #8270, #5728, #2442 ) ;
#835 = DIRECTION ( 'NONE',  ( 0.000000000000000000, 1.000000000000000000, 0.000000000000000000 ) ) ;
#836 = FACE_OUTER_BOUND ( 'NONE', #6499, .T. ) ;
#837 =( GEOMETRIC_REPRESENTATION_CONTEXT ( 3 ) GLOBAL_UNCERTAINTY_ASSIGNED_CONTEXT ( ( #213 ) ) GLOBAL_UNIT_ASSIGNED_CONTEXT ( ( #2233, #329, #4844 ) ) REPRESENTATION_CONTEXT ( 'NONE', 'WORKASPACE' ) );
#838 = ORIENTED_EDGE ( 'NONE', *, *, #3419, .T. ) ;
#839 = CARTESIAN_POINT ( 'NONE',  ( -3.000000000000001776, -3.750000000000000000, 5.599999999999999645 ) ) ;
#840 = EDGE_CURVE ( 'NONE', #5910, #6289, #5200, .T. ) ;
#841 = CIRCLE ( 'NONE', #2762, 0.6500000000000047962 ) ;
#842 = FACE_OUTER_BOUND ( 'NONE', #8209, .T. ) ;
#843 = CARTESIAN_POINT ( 'NONE',  ( -15.68937042237545576, 29.34353571423245555, -5.350000000000003197 ) ) ;
#844 = AXIS2_PLACEMENT_3D ( 'NONE', #1284, #1235, #6426 ) ;
#845 = AXIS2_PLACEMENT_3D ( 'NONE', #6419, #7777, #2505 ) ;
#846 = FACE_OUTER_BOUND ( 'NONE', #7062, .T. ) ;
#847 = FACE_OUTER_BOUND ( 'NONE', #4118, .T. ) ;
#848 = VECTOR ( 'NONE', #6712, 1000.000000000000000 ) ;
#849 = ORIENTED_EDGE ( 'NONE', *, *, #3731, .F. ) ;
#850 = VECTOR ( 'NONE', #5595, 1000.000000000000000 ) ;
#851 = AXIS2_PLACEMENT_3D ( 'NONE', #7317, #748, #7915 ) ;
#852 = CARTESIAN_POINT ( 'NONE',  ( -23.68937042237543977, 29.69353571423244986, 0.4500000000000001221 ) ) ;
#853 = VECTOR ( 'NONE', #7977, 1000.000000000000000 ) ;
#854 = VERTEX_POINT ( 'NONE', #5036 ) ;
#855 = AXIS2_PLACEMENT_3D ( 'NONE', #147, #2786, #271 ) ;
#856 = CIRCLE ( 'NONE', #1942, 0.6000000000000001998 ) ;
#857 = AXIS2_PLACEMENT_3D ( 'NONE', #7830, #865, #3443 ) ;
#858 = EDGE_CURVE ( 'NONE', #8196, #2241, #4570, .T. ) ;
#859 = EDGE_CURVE ( 'NONE', #7970, #4811, #4409, .T. ) ;
#860 = VECTOR ( 'NONE', #470, 1000.000000000000000 ) ;
#861 = AXIS2_PLACEMENT_3D ( 'NONE', #2017, #22, #3289 ) ;
#862 = EDGE_LOOP ( 'NONE', ( #4783, #6031, #4892, #595, #2240, #4369, #6719, #1618, #2593, #981 ) ) ;
#863 = VERTEX_POINT ( 'NONE', #8357 ) ;
#864 = DIRECTION ( 'NONE',  ( -1.000000000000000000, 0.000000000000000000, 0.000000000000000000 ) ) ;
#865 = DIRECTION ( 'NONE',  ( -0.000000000000000000, -1.000000000000000000, -0.000000000000000000 ) ) ;
#866 = CARTESIAN_POINT ( 'NONE',  ( -15.68937042237545576, 30.64353571423245270, -4.399999999999999467 ) ) ;
#867 = VECTOR ( 'NONE', #7064, 1000.000000000000000 ) ;
#868 = LINE ( 'NONE', #7951, #2487 ) ;
#869 = ORIENTED_EDGE ( 'NONE', *, *, #1092, .T. ) ;
#870 = DIRECTION ( 'NONE',  ( -0.7986355100472914970, -0.6018150231520500437, 1.231477127135775357E-14 ) ) ;
#871 = DIRECTION ( 'NONE',  ( 0.000000000000000000, 0.000000000000000000, 1.000000000000000000 ) ) ;
#872 = VECTOR ( 'NONE', #4452, 1000.000000000000000 ) ;
#873 = DIRECTION ( 'NONE',  ( -0.000000000000000000, -0.000000000000000000, -1.000000000000000000 ) ) ;
#874 = CARTESIAN_POINT ( 'NONE',  ( -0.006290684479731949857, 15.19999999999999751, 0.008155582768842546681 ) ) ;
#875 = ORIENTED_EDGE ( 'NONE', *, *, #3731, .T. ) ;
#876 = EDGE_LOOP ( 'NONE', ( #4527, #1815, #3556, #6052 ) ) ;
#877 = DIRECTION ( 'NONE',  ( 0.000000000000000000, 0.000000000000000000, -1.000000000000000000 ) ) ;
#878 = CARTESIAN_POINT ( 'NONE',  ( -3.400000000000003464, -2.050000000000000711, 0.5000000000000000000 ) ) ;
#879 = LINE ( 'NONE', #6740, #5680 ) ;
#880 = CARTESIAN_POINT ( 'NONE',  ( -0.4000000000000003553, -11.96000000000000618, 1.800000000000000711 ) ) ;
#881 = DIRECTION ( 'NONE',  ( -1.000000000000000000, 0.000000000000000000, 0.000000000000000000 ) ) ;
#882 = ORIENTED_EDGE ( 'NONE', *, *, #6577, .F. ) ;
#883 = CARTESIAN_POINT ( 'NONE',  ( -25.23937042237544404, 38.44353571423246052, -4.900000000000003020 ) ) ;
#884 = EDGE_LOOP ( 'NONE', ( #3058, #5463, #7750, #6389 ) ) ;
#885 = LINE ( 'NONE', #3466, #2745 ) ;
#886 = PLANE ( 'NONE',  #2460 ) ;
#887 = DIRECTION ( 'NONE',  ( -1.000000000000000000, 0.000000000000000000, 0.000000000000000000 ) ) ;
#888 = EDGE_CURVE ( 'NONE', #4947, #811, #2742, .T. ) ;
#889 = EDGE_CURVE ( 'NONE', #332, #2994, #1863, .T. ) ;
#890 = EDGE_CURVE ( 'NONE', #2666, #907, #3217, .T. ) ;
#891 = EDGE_LOOP ( 'NONE', ( #908, #5169 ) ) ;
#892 = VERTEX_POINT ( 'NONE', #6375 ) ;
#893 = DIRECTION ( 'NONE',  ( 1.000000000000000000, -1.121588454295349533E-16, 0.000000000000000000 ) ) ;
#894 = ORIENTED_EDGE ( 'NONE', *, *, #4736, .T. ) ;
#895 = EDGE_CURVE ( 'NONE', #5525, #4381, #612, .T. ) ;
#896 = ORIENTED_EDGE ( 'NONE', *, *, #5635, .T. ) ;
#897 = ORIENTED_EDGE ( 'NONE', *, *, #6814, .F. ) ;
#898 = CARTESIAN_POINT ( 'NONE',  ( -4.400000000000002132, -2.700000000000001066, 0.000000000000000000 ) ) ;
#899 = DIRECTION ( 'NONE',  ( 0.000000000000000000, -1.000000000000000000, 0.000000000000000000 ) ) ;
#900 = FACE_OUTER_BOUND ( 'NONE', #1946, .T. ) ;
#901 = EDGE_CURVE ( 'NONE', #3329, #8112, #2581, .T. ) ;
#902 = VERTEX_POINT ( 'NONE', #1956 ) ;
#903 = LINE ( 'NONE', #4081, #8230 ) ;
#904 = LINE ( 'NONE', #3484, #1801 ) ;
#905 = CARTESIAN_POINT ( 'NONE',  ( -3.650000000000001688, 4.650000000000003908, 5.599999999999999645 ) ) ;
#906 = CARTESIAN_POINT ( 'NONE',  ( -1.062518129035794345E-14, 0.4500000000000127232, 0.5000000000000000000 ) ) ;
#907 = VERTEX_POINT ( 'NONE', #4534 ) ;
#908 = ORIENTED_EDGE ( 'NONE', *, *, #2107, .T. ) ;
#909 = PLANE ( 'NONE',  #6657 ) ;
#910 = EDGE_CURVE ( 'NONE', #2800, #6442, #1443, .T. ) ;
#911 = ADVANCED_FACE ( 'NONE', ( #84 ), #886, .T. ) ;
#912 = FACE_OUTER_BOUND ( 'NONE', #4794, .T. ) ;
#913 = CARTESIAN_POINT ( 'NONE',  ( -25.78144432910365325, 24.39353571423245270, -5.299999999999999822 ) ) ;
#914 = CARTESIAN_POINT ( 'NONE',  ( 0.000000000000000000, 13.89999999999999858, 0.000000000000000000 ) ) ;
#915 = LINE ( 'NONE', #4809, #2896 ) ;
#916 = ORIENTED_EDGE ( 'NONE', *, *, #5418, .T. ) ;
#917 = ORIENTED_EDGE ( 'NONE', *, *, #1730, .T. ) ;
#918 = DIRECTION ( 'NONE',  ( -1.000000000000000000, 0.000000000000000000, 0.000000000000000000 ) ) ;
#919 = CARTESIAN_POINT ( 'NONE',  ( 1.750000000000000000, -7.560000000000000497, 2.100000000000000089 ) ) ;
#920 = CARTESIAN_POINT ( 'NONE',  ( -1.479999999999999982, 15.89999999999999680, 0.8499999999999999778 ) ) ;
#921 = ORIENTED_EDGE ( 'NONE', *, *, #2359, .F. ) ;
#922 = ORIENTED_EDGE ( 'NONE', *, *, #5321, .F. ) ;
#923 = EDGE_CURVE ( 'NONE', #4630, #362, #3467, .T. ) ;
#924 = PRODUCT_RELATED_PRODUCT_CATEGORY ( 'part', '', ( #2953 ) ) ;
#925 = CARTESIAN_POINT ( 'NONE',  ( -25.68937042237543977, 38.44353571423246052, -4.900000000000003020 ) ) ;
#926 = VECTOR ( 'NONE', #4607, 1000.000000000000000 ) ;
#927 = VERTEX_POINT ( 'NONE', #6028 ) ;
#928 = LINE ( 'NONE', #6076, #8095 ) ;
#929 = ORIENTED_EDGE ( 'NONE', *, *, #5138, .T. ) ;
#930 = ORIENTED_EDGE ( 'NONE', *, *, #5956, .F. ) ;
#931 = EDGE_CURVE ( 'NONE', #863, #4978, #5027, .T. ) ;
#932 = DIRECTION ( 'NONE',  ( 1.000000000000000000, -2.282530889443169980E-16, 0.000000000000000000 ) ) ;
#933 = CARTESIAN_POINT ( 'NONE',  ( -1.479999999999999982, 16.49999999999999645, 0.8499999999999999778 ) ) ;
#934 = FACE_OUTER_BOUND ( 'NONE', #4162, .T. ) ;
#935 = DIRECTION ( 'NONE',  ( 0.000000000000000000, 0.000000000000000000, 1.000000000000000000 ) ) ;
#936 = VERTEX_POINT ( 'NONE', #7937 ) ;
#937 = FACE_OUTER_BOUND ( 'NONE', #7294, .T. ) ;
#938 = FACE_OUTER_BOUND ( 'NONE', #3191, .T. ) ;
#939 = CARTESIAN_POINT ( 'NONE',  ( -25.28937042237543764, 38.44353571423246052, 0.4500000000000005107 ) ) ;
#940 = VECTOR ( 'NONE', #3277, 1000.000000000000000 ) ;
#941 = ORIENTED_EDGE ( 'NONE', *, *, #6550, .F. ) ;
#942 = EDGE_CURVE ( 'NONE', #3899, #6930, #1127, .T. ) ;
#943 = ORIENTED_EDGE ( 'NONE', *, *, #8195, .F. ) ;
#944 = CYLINDRICAL_SURFACE ( 'NONE', #5044, 0.7999999999999999334 ) ;
#945 = VECTOR ( 'NONE', #1608, 1000.000000000000000 ) ;
#946 = DIRECTION ( 'NONE',  ( 0.000000000000000000, 1.000000000000000000, 0.000000000000000000 ) ) ;
#947 = CARTESIAN_POINT ( 'NONE',  ( 4.399999999999998579, -2.700000000000000622, 0.000000000000000000 ) ) ;
#948 = EDGE_CURVE ( 'NONE', #7071, #1968, #2833, .T. ) ;
#949 = EDGE_CURVE ( 'NONE', #1192, #784, #7299, .T. ) ;
#950 = PRESENTATION_LAYER_ASSIGNMENT (  '', '', ( #4739 ) ) ;
#951 = LINE ( 'NONE', #6106, #1489 ) ;
#952 = AXIS2_PLACEMENT_3D ( 'NONE', #4841, #7413, #6704 ) ;
#953 = CARTESIAN_POINT ( 'NONE',  ( 0.5000000000000002220, 16.49999999999999289, 2.299999999999999822 ) ) ;
#954 = VERTEX_POINT ( 'NONE', #4111 ) ;
#955 = ORIENTED_EDGE ( 'NONE', *, *, #3808, .T. ) ;
#956 = DIRECTION ( 'NONE',  ( -1.000000000000000000, 0.000000000000000000, 0.000000000000000000 ) ) ;
#957 = CARTESIAN_POINT ( 'NONE',  ( 0.0008203932499369634770, 15.89999999999999680, 4.781147327278692800E-17 ) ) ;
#958 = DIRECTION ( 'NONE',  ( 1.000000000000000000, 1.121588454295349533E-16, 0.000000000000000000 ) ) ;
#959 = EDGE_LOOP ( 'NONE', ( #3459, #6824 ) ) ;
#960 = AXIS2_PLACEMENT_3D ( 'NONE', #7921, #8041, #4710 ) ;
#961 = EDGE_CURVE ( 'NONE', #3329, #1288, #5275, .T. ) ;
#962 = VERTEX_POINT ( 'NONE', #1523 ) ;
#963 = ORIENTED_EDGE ( 'NONE', *, *, #6987, .T. ) ;
#964 = DIRECTION ( 'NONE',  ( 0.000000000000000000, 0.000000000000000000, 1.000000000000000000 ) ) ;
#965 = VECTOR ( 'NONE', #4022, 1000.000000000000000 ) ;
#966 = ORIENTED_EDGE ( 'NONE', *, *, #6490, .F. ) ;
#967 = CARTESIAN_POINT ( 'NONE',  ( 3.649999999999998135, 4.650000000000004796, 5.599999999999999645 ) ) ;
#968 = STYLED_ITEM ( 'NONE', ( #14 ), #5384 ) ;
#969 = DIRECTION ( 'NONE',  ( 0.000000000000000000, 0.000000000000000000, -1.000000000000000000 ) ) ;
#970 = EDGE_CURVE ( 'NONE', #4689, #1462, #7725, .T. ) ;
#971 = VECTOR ( 'NONE', #1861, 1000.000000000000000 ) ;
#972 = AXIS2_PLACEMENT_3D ( 'NONE', #1203, #4425, #62 ) ;
#973 = ORIENTED_EDGE ( 'NONE', *, *, #795, .F. ) ;
#974 = AXIS2_PLACEMENT_3D ( 'NONE', #5905, #119, #4663 ) ;
#975 = ORIENTED_EDGE ( 'NONE', *, *, #269, .T. ) ;
#976 = VECTOR ( 'NONE', #8310, 1000.000000000000000 ) ;
#977 =( NAMED_UNIT ( * ) SI_UNIT ( $, .STERADIAN. ) SOLID_ANGLE_UNIT ( ) );
#978 = CARTESIAN_POINT ( 'NONE',  ( -4.400000000000002132, -4.200000000000000178, 0.1000000000000000056 ) ) ;
#979 = FACE_OUTER_BOUND ( 'NONE', #5160, .T. ) ;
#980 = CARTESIAN_POINT ( 'NONE',  ( -25.28937042237544119, 27.59353571423245910, 0.4500000000000002887 ) ) ;
#981 = ORIENTED_EDGE ( 'NONE', *, *, #4875, .F. ) ;
#982 = CARTESIAN_POINT ( 'NONE',  ( -17.33937042237545256, 37.14353571423244915, -4.900000000000003020 ) ) ;
#983 = DIRECTION ( 'NONE',  ( 0.000000000000000000, 0.000000000000000000, 1.000000000000000000 ) ) ;
#984 = VECTOR ( 'NONE', #5849, 1000.000000000000000 ) ;
#985 = VECTOR ( 'NONE', #2686, 1000.000000000000000 ) ;
#986 = AXIS2_PLACEMENT_3D ( 'NONE', #7950, #4125, #4633 ) ;
#987 = EDGE_CURVE ( 'NONE', #5290, #6167, #300, .T. ) ;
#988 = CIRCLE ( 'NONE', #6107, 3.300000000000000266 ) ;
#989 = EDGE_CURVE ( 'NONE', #3146, #4726, #2153, .T. ) ;
#990 = VERTEX_POINT ( 'NONE', #4774 ) ;
#991 = AXIS2_PLACEMENT_3D ( 'NONE', #5162, #7655, #2040 ) ;
#992 = ORIENTED_EDGE ( 'NONE', *, *, #2232, .F. ) ;
#993 = DIRECTION ( 'NONE',  ( -1.000000000000000000, 1.717185386315406380E-46, 1.979779959279646290E-31 ) ) ;
#994 = FACE_OUTER_BOUND ( 'NONE', #4150, .T. ) ;
#995 = DIRECTION ( 'NONE',  ( -0.9999994735200916640, 0.000000000000000000, 0.001026138167772390822 ) ) ;
#996 = VECTOR ( 'NONE', #384, 1000.000000000000000 ) ;
#997 = CARTESIAN_POINT ( 'NONE',  ( -17.68937042237545398, 29.69353571423244986, 0.000000000000000000 ) ) ;
#998 = DIRECTION ( 'NONE',  ( 0.000000000000000000, 0.000000000000000000, -1.000000000000000000 ) ) ;
#999 = ORIENTED_EDGE ( 'NONE', *, *, #667, .F. ) ;
#1000 = DIRECTION ( 'NONE',  ( -0.000000000000000000, -1.000000000000000000, -0.000000000000000000 ) ) ;
#1001 = LINE ( 'NONE', #4808, #7980 ) ;
#1002 = DIRECTION ( 'NONE',  ( 0.000000000000000000, 0.000000000000000000, 1.000000000000000000 ) ) ;
#1003 = EDGE_LOOP ( 'NONE', ( #1544, #3198, #7138, #4547 ) ) ;
#1004 = EDGE_CURVE ( 'NONE', #6470, #6411, #4697, .T. ) ;
#1005 = VERTEX_POINT ( 'NONE', #1352 ) ;
#1006 = ADVANCED_FACE ( 'NONE', ( #4612 ), #2033, .T. ) ;
#1007 = CARTESIAN_POINT ( 'NONE',  ( 7.347880794884120229E-17, 18.00000000000000711, 0.6000000000000001998 ) ) ;
#1008 = DIRECTION ( 'NONE',  ( -1.000000000000000000, -1.156482317317869240E-14, 2.762033637247984495E-44 ) ) ;
#1009 = CARTESIAN_POINT ( 'NONE',  ( 0.4999999999999987232, 1.540871211463575419, 0.5000000000000000000 ) ) ;
#1010 = ORIENTED_EDGE ( 'NONE', *, *, #5117, .T. ) ;
#1011 = ORIENTED_EDGE ( 'NONE', *, *, #6918, .T. ) ;
#1012 = ORIENTED_EDGE ( 'NONE', *, *, #3035, .T. ) ;
#1013 =( NAMED_UNIT ( * ) PLANE_ANGLE_UNIT ( ) SI_UNIT ( $, .RADIAN. ) );
#1014 = EDGE_CURVE ( 'NONE', #807, #5891, #7855, .T. ) ;
#1015 = VERTEX_POINT ( 'NONE', #2081 ) ;
#1016 = EDGE_CURVE ( 'NONE', #2009, #4303, #6556, .T. ) ;
#1017 = DIRECTION ( 'NONE',  ( -1.000000000000000000, 0.000000000000000000, 0.000000000000000000 ) ) ;
#1018 = DIRECTION ( 'NONE',  ( 1.000000000000000000, 0.000000000000000000, 0.000000000000000000 ) ) ;
#1019 = ORIENTED_EDGE ( 'NONE', *, *, #8195, .T. ) ;
#1020 = ORIENTED_EDGE ( 'NONE', *, *, #6268, .F. ) ;
#1021 = CARTESIAN_POINT ( 'NONE',  ( -1.479999999999997540, 16.49999999999999645, 0.8499999999999999778 ) ) ;
#1022 = CARTESIAN_POINT ( 'NONE',  ( -2.900000000000000355, -7.560000000000002274, 1.800000000000000711 ) ) ;
#1023 = CARTESIAN_POINT ( 'NONE',  ( 0.4499999999999991784, -3.625230054855794304, 2.100000000000000089 ) ) ;
#1024 = VERTEX_POINT ( 'NONE', #7227 ) ;
#1025 = DIRECTION ( 'NONE',  ( -1.000000000000000000, -2.282530889443169980E-16, -0.000000000000000000 ) ) ;
#1026 = CARTESIAN_POINT ( 'NONE',  ( 1.899999999999999023, 5.100000000000004086, 0.1000000000000000056 ) ) ;
#1027 = EDGE_LOOP ( 'NONE', ( #2883, #1452 ) ) ;
#1028 = ORIENTED_EDGE ( 'NONE', *, *, #5841, .T. ) ;
#1029 = DIRECTION ( 'NONE',  ( 8.845923557788683676E-17, 0.7071067811865486830, -0.7071067811865464625 ) ) ;
#1030 = FACE_OUTER_BOUND ( 'NONE', #4950, .T. ) ;
#1031 = FACE_OUTER_BOUND ( 'NONE', #5259, .T. ) ;
#1032 = ADVANCED_FACE ( 'NONE', ( #846 ), #2880, .T. ) ;
#1033 = ADVANCED_FACE ( 'NONE', ( #3430 ), #1045, .F. ) ;
#1034 = LINE ( 'NONE', #6856, #6471 ) ;
#1035 = CARTESIAN_POINT ( 'NONE',  ( -0.4000000000000000222, -7.560000000000000497, 1.800000000000000711 ) ) ;
#1036 = CARTESIAN_POINT ( 'NONE',  ( -25.68937042237544333, 28.59353571423247331, -5.600000000000004974 ) ) ;
#1037 = EDGE_LOOP ( 'NONE', ( #4671, #3925, #211, #6134 ) ) ;
#1038 = DIRECTION ( 'NONE',  ( 0.9999994735200916640, 0.000000000000000000, -0.001026138167772390822 ) ) ;
#1039 = FACE_OUTER_BOUND ( 'NONE', #7198, .T. ) ;
#1040 = ADVANCED_FACE ( 'NONE', ( #4939 ), #6750, .T. ) ;
#1041 = CARTESIAN_POINT ( 'NONE',  ( -3.400000000000001688, 0.9500000000000038414, 0.5000000000000000000 ) ) ;
#1042 = ORIENTED_EDGE ( 'NONE', *, *, #4529, .T. ) ;
#1043 = ORIENTED_EDGE ( 'NONE', *, *, #6268, .T. ) ;
#1044 = CARTESIAN_POINT ( 'NONE',  ( -25.68937042237545043, 23.89353571423246692, -1.400000000000001021 ) ) ;
#1045 = PLANE ( 'NONE',  #3960 ) ;
#1046 = VERTEX_POINT ( 'NONE', #4179 ) ;
#1047 = EDGE_LOOP ( 'NONE', ( #1423, #7494, #3692, #6324 ) ) ;
#1048 = EDGE_CURVE ( 'NONE', #3917, #954, #162, .T. ) ;
#1049 = CARTESIAN_POINT ( 'NONE',  ( -24.13937042237544617, 33.89353571423244205, 1.449999999999999956 ) ) ;
#1050 = VERTEX_POINT ( 'NONE', #2404 ) ;
#1051 = PRODUCT ( 'PT01-B_SHELL', 'PT01-B_SHELL', '', ( #7636 ) ) ;
#1052 = VERTEX_POINT ( 'NONE', #1599 ) ;
#1053 = LINE ( 'NONE', #4948, #7565 ) ;
#1054 = CARTESIAN_POINT ( 'NONE',  ( -15.68937042237545576, 37.14353571423244915, -5.350000000000003197 ) ) ;
#1055 = EDGE_CURVE ( 'NONE', #1570, #7214, #6233, .T. ) ;
#1056 = EDGE_CURVE ( 'NONE', #1789, #523, #468, .T. ) ;
#1057 = VERTEX_POINT ( 'NONE', #4849 ) ;
#1058 = AXIS2_PLACEMENT_3D ( 'NONE', #1633, #5318, #1562 ) ;
#1059 = VERTEX_POINT ( 'NONE', #919 ) ;
#1060 = DIRECTION ( 'NONE',  ( 0.000000000000000000, -1.000000000000000000, 0.000000000000000000 ) ) ;
#1061 = DIRECTION ( 'NONE',  ( -1.000000000000000000, 0.000000000000000000, 0.000000000000000000 ) ) ;
#1062 = CARTESIAN_POINT ( 'NONE',  ( 0.2999999999999997113, 16.69999999999999574, 1.500000000000000000 ) ) ;
#1063 = VERTEX_POINT ( 'NONE', #5606 ) ;
#1064 = CARTESIAN_POINT ( 'NONE',  ( -25.68937042237544333, 27.39353571423245981, -5.600000000000002309 ) ) ;
#1065 = LINE ( 'NONE', #7491, #7193 ) ;
#1066 = AXIS2_PLACEMENT_3D ( 'NONE', #3630, #5649, #3729 ) ;
#1067 = ORIENTED_EDGE ( 'NONE', *, *, #7128, .F. ) ;
#1068 = EDGE_CURVE ( 'NONE', #5515, #5873, #6772, .T. ) ;
#1069 = EDGE_LOOP ( 'NONE', ( #4876, #4903, #3376, #6572, #1967, #3563, #8191, #4059, #6952, #4913, #2732, #1356, #5072, #3270, #4236, #2371, #4532, #1557, #4202, #7232, #7268, #6709, #4722, #869, #1430, #2391 ) ) ;
#1070 = EDGE_LOOP ( 'NONE', ( #5271, #1766, #2048, #6936 ) ) ;
#1071 = DIRECTION ( 'NONE',  ( 1.000000000000000000, 0.000000000000000000, 0.000000000000000000 ) ) ;
#1072 = DIRECTION ( 'NONE',  ( 0.000000000000000000, 1.000000000000000000, 0.000000000000000000 ) ) ;
#1073 = LINE ( 'NONE', #6982, #1514 ) ;
#1074 = CARTESIAN_POINT ( 'NONE',  ( -16.01372054189694438, 20.09524132667336005, -6.349999999999987210 ) ) ;
#1075 = CARTESIAN_POINT ( 'NONE',  ( -0.2999999999999993783, 16.69999999999999574, 1.500000000000000000 ) ) ;
#1076 = DIRECTION ( 'NONE',  ( -0.4383711467890784030, -0.8987940462991664825, 0.000000000000000000 ) ) ;
#1077 = CIRCLE ( 'NONE', #5657, 1.199999999999993072 ) ;
#1078 = ORIENTED_EDGE ( 'NONE', *, *, #5823, .T. ) ;
#1079 = ADVANCED_FACE ( 'NONE', ( #2315 ), #3673, .T. ) ;
#1080 = DIRECTION ( 'NONE',  ( -1.000000000000000000, 0.000000000000000000, 0.000000000000000000 ) ) ;
#1081 = PLANE ( 'NONE',  #2598 ) ;
#1082 = CARTESIAN_POINT ( 'NONE',  ( -4.400000000000002132, 5.100000000000004086, 0.1000000000000000888 ) ) ;
#1083 = EDGE_LOOP ( 'NONE', ( #6327, #7832, #4647, #6554 ) ) ;
#1084 = LINE ( 'NONE', #4523, #4873 ) ;
#1085 = LINE ( 'NONE', #7346, #848 ) ;
#1086 = DIRECTION ( 'NONE',  ( 0.000000000000000000, 0.000000000000000000, 1.000000000000000000 ) ) ;
#1087 = DIRECTION ( 'NONE',  ( 0.000000000000000000, 0.000000000000000000, -1.000000000000000000 ) ) ;
#1088 = VECTOR ( 'NONE', #2835, 1000.000000000000000 ) ;
#1089 = EDGE_LOOP ( 'NONE', ( #5080, #2259, #4027, #2941 ) ) ;
#1090 = EDGE_CURVE ( 'NONE', #8077, #291, #295, .T. ) ;
#1091 = ORIENTED_EDGE ( 'NONE', *, *, #6008, .T. ) ;
#1092 = EDGE_CURVE ( 'NONE', #711, #3809, #7513, .T. ) ;
#1093 = DIRECTION ( 'NONE',  ( -0.000000000000000000, -0.000000000000000000, -1.000000000000000000 ) ) ;
#1094 = ORIENTED_EDGE ( 'NONE', *, *, #7462, .F. ) ;
#1095 = CIRCLE ( 'NONE', #7024, 0.4000000000000001887 ) ;
#1096 = ORIENTED_EDGE ( 'NONE', *, *, #722, .T. ) ;
#1097 = CARTESIAN_POINT ( 'NONE',  ( -25.68937042237544333, 29.34353571423246620, -4.735155374106317879E-14 ) ) ;
#1098 = VECTOR ( 'NONE', #3671, 1000.000000000000000 ) ;
#1099 = DIRECTION ( 'NONE',  ( -0.8987940462991664825, -0.4383711467890786251, -0.000000000000000000 ) ) ;
#1100 = DIRECTION ( 'NONE',  ( 1.000000000000000000, 2.282530889443169980E-16, 0.000000000000000000 ) ) ;
#1101 = ORIENTED_EDGE ( 'NONE', *, *, #4170, .F. ) ;
#1102 = AXIS2_PLACEMENT_3D ( 'NONE', #6218, #584, #500 ) ;
#1103 = ORIENTED_EDGE ( 'NONE', *, *, #895, .F. ) ;
#1104 = FILL_AREA_STYLE_COLOUR ( '', #2989 ) ;
#1105 = CARTESIAN_POINT ( 'NONE',  ( -25.68937042237544333, 24.39353571423245981, -1.400000000000001021 ) ) ;
#1106 = CARTESIAN_POINT ( 'NONE',  ( -1.479999999999999982, 16.69999999999999574, 0.8499999999999999778 ) ) ;
#1107 = CARTESIAN_POINT ( 'NONE',  ( 1.980935939680744334E-16, 15.89999999999999680, -8.819695041044892934E-17 ) ) ;
#1108 = AXIS2_PLACEMENT_3D ( 'NONE', #7371, #4331, #3077 ) ;
#1109 = ORIENTED_EDGE ( 'NONE', *, *, #7700, .F. ) ;
#1110 = DIRECTION ( 'NONE',  ( 2.154044051295704582E-16, 0.000000000000000000, 1.000000000000000000 ) ) ;
#1111 = DIRECTION ( 'NONE',  ( 0.000000000000000000, 0.000000000000000000, 1.000000000000000000 ) ) ;
#1112 = CARTESIAN_POINT ( 'NONE',  ( -1.479999999999999982, 16.69999999999999574, 0.4999999999999998890 ) ) ;
#1113 = EDGE_CURVE ( 'NONE', #6710, #2590, #7347, .T. ) ;
#1114 = EDGE_CURVE ( 'NONE', #5237, #5316, #1723, .T. ) ;
#1115 = VECTOR ( 'NONE', #801, 1000.000000000000000 ) ;
#1116 = VECTOR ( 'NONE', #4145, 1000.000000000000000 ) ;
#1117 = ORIENTED_EDGE ( 'NONE', *, *, #1526, .T. ) ;
#1118 = VECTOR ( 'NONE', #3501, 1000.000000000000000 ) ;
#1119 = ORIENTED_EDGE ( 'NONE', *, *, #7722, .T. ) ;
#1120 = CARTESIAN_POINT ( 'NONE',  ( -25.23937042237544048, 38.09353571423245910, 0.4500000000000001221 ) ) ;
#1121 = CIRCLE ( 'NONE', #442, 3.450000000000001510 ) ;
#1122 = FACE_OUTER_BOUND ( 'NONE', #533, .T. ) ;
#1123 = VECTOR ( 'NONE', #6647, 1000.000000000000000 ) ;
#1124 = CARTESIAN_POINT ( 'NONE',  ( -16.01372054189694438, 20.09524132667336005, -6.349999999999987210 ) ) ;
#1125 = CARTESIAN_POINT ( 'NONE',  ( -2.291287847475519612, 1.205247666209016023E-13, 1.000000000000116351 ) ) ;
#1126 = DIRECTION ( 'NONE',  ( -0.9999994735200916640, 0.000000000000000000, 0.001026138167772244671 ) ) ;
#1127 =( BOUNDED_CURVE ( )  B_SPLINE_CURVE ( 3, ( #5904, #3305, #7976, #5866 ),
 .UNSPECIFIED., .F., .T. ) 
 B_SPLINE_CURVE_WITH_KNOTS ( ( 4, 4 ),
 ( 6.097354354070692040, 6.283185307179586232 ),
 .UNSPECIFIED. ) 
 CURVE ( )  GEOMETRIC_REPRESENTATION_ITEM ( )  RATIONAL_B_SPLINE_CURVE ( ( 1.000000000000000000, 0.9971243078549344441, 0.9971243078549344441, 1.000000000000000000 ) ) 
 REPRESENTATION_ITEM ( '' )  );
#1128 = DIRECTION ( 'NONE',  ( -1.776356839400250465E-15, 0.000000000000000000, -1.000000000000000000 ) ) ;
#1129 = EDGE_CURVE ( 'NONE', #1838, #7996, #5512, .T. ) ;
#1130 = VECTOR ( 'NONE', #1879, 1000.000000000000000 ) ;
#1131 = AXIS2_PLACEMENT_3D ( 'NONE', #4002, #5131, #7076 ) ;
#1132 = VECTOR ( 'NONE', #8079, 1000.000000000000000 ) ;
#1133 = LINE ( 'NONE', #1680, #7551 ) ;
#1134 = CIRCLE ( 'NONE', #3408, 0.6999999999999992895 ) ;
#1135 = CARTESIAN_POINT ( 'NONE',  ( -16.13937042237545327, 30.64353571423245270, -4.400000000000000355 ) ) ;
#1136 =( NAMED_UNIT ( * ) SI_UNIT ( $, .STERADIAN. ) SOLID_ANGLE_UNIT ( ) );
#1137 = DIRECTION ( 'NONE',  ( 0.000000000000000000, 1.668003342285391867E-18, -1.000000000000000000 ) ) ;
#1138 = ORIENTED_EDGE ( 'NONE', *, *, #82, .T. ) ;
#1139 = DIRECTION ( 'NONE',  ( 0.000000000000000000, 0.000000000000000000, -1.000000000000000000 ) ) ;
#1140 = DIRECTION ( 'NONE',  ( 0.000000000000000000, 0.000000000000000000, 1.000000000000000000 ) ) ;
#1141 = VECTOR ( 'NONE', #7932, 1000.000000000000000 ) ;
#1142 = CARTESIAN_POINT ( 'NONE',  ( -17.23937042237544404, 33.89353571423244205, 0.4500000000000001776 ) ) ;
#1143 = EDGE_LOOP ( 'NONE', ( #3476, #1550, #7020, #6883 ) ) ;
#1144 = DIRECTION ( 'NONE',  ( -0.000000000000000000, -0.000000000000000000, -1.000000000000000000 ) ) ;
#1145 = ORIENTED_EDGE ( 'NONE', *, *, #8103, .T. ) ;
#1146 = DIRECTION ( 'NONE',  ( -0.000000000000000000, -1.000000000000000000, -0.000000000000000000 ) ) ;
#1147 = EDGE_CURVE ( 'NONE', #3708, #2944, #2924, .T. ) ;
#1148 = EDGE_CURVE ( 'NONE', #7237, #6289, #5478, .T. ) ;
#1149 = DIRECTION ( 'NONE',  ( 1.000000000000000000, 0.000000000000000000, 0.000000000000000000 ) ) ;
#1150 = ADVANCED_FACE ( 'NONE', ( #8185 ), #2997, .F. ) ;
#1151 = DIRECTION ( 'NONE',  ( 0.000000000000000000, 0.000000000000000000, -1.000000000000000000 ) ) ;
#1152 = ORIENTED_EDGE ( 'NONE', *, *, #8361, .F. ) ;
#1153 = VERTEX_POINT ( 'NONE', #6713 ) ;
#1154 = CARTESIAN_POINT ( 'NONE',  ( -17.33937042237545256, 29.34353571423245555, -5.350000000000003197 ) ) ;
#1155 = ORIENTED_EDGE ( 'NONE', *, *, #4514, .F. ) ;
#1156 = CARTESIAN_POINT ( 'NONE',  ( 1.097644678823669562, 15.19999999999999751, -0.5047000102205829730 ) ) ;
#1157 = LINE ( 'NONE', #3103, #8281 ) ;
#1158 = ORIENTED_EDGE ( 'NONE', *, *, #7492, .T. ) ;
#1159 = EDGE_CURVE ( 'NONE', #2311, #807, #6068, .T. ) ;
#1160 = PLANE ( 'NONE',  #142 ) ;
#1161 = FACE_BOUND ( 'NONE', #1586, .T. ) ;
#1162 = LINE ( 'NONE', #2386, #3553 ) ;
#1163 = ORIENTED_EDGE ( 'NONE', *, *, #253, .T. ) ;
#1164 = EDGE_CURVE ( 'NONE', #565, #7073, #8021, .T. ) ;
#1165 = ORIENTED_EDGE ( 'NONE', *, *, #315, .T. ) ;
#1166 = CARTESIAN_POINT ( 'NONE',  ( -15.68937042237545576, 23.89353571423246336, -1.400000000000001021 ) ) ;
#1167 = CARTESIAN_POINT ( 'NONE',  ( -25.68937042237544333, 24.39353571423245981, -7.350000000000000533 ) ) ;
#1168 = CYLINDRICAL_SURFACE ( 'NONE', #3837, 0.6999999999999992895 ) ;
#1169 = CARTESIAN_POINT ( 'NONE',  ( 0.000000000000000000, 39.29353571423244773, 0.000000000000000000 ) ) ;
#1170 = CARTESIAN_POINT ( 'NONE',  ( 1.000000000000000000, 4.426179070414211658, 4.299999999999999822 ) ) ;
#1171 = DIRECTION ( 'NONE',  ( 0.000000000000000000, 0.000000000000000000, -1.000000000000000000 ) ) ;
#1172 = DIRECTION ( 'NONE',  ( -1.000000000000000000, 0.000000000000000000, 0.000000000000000000 ) ) ;
#1173 = EDGE_LOOP ( 'NONE', ( #2100, #1399, #6010, #1837 ) ) ;
#1174 = ADVANCED_FACE ( 'NONE', ( #4525 ), #7089, .F. ) ;
#1175 = EDGE_CURVE ( 'NONE', #2373, #3829, #7040, .T. ) ;
#1176 = CARTESIAN_POINT ( 'NONE',  ( 0.5000000000000002220, 16.49999999999999289, 1.500000000000000000 ) ) ;
#1177 = APPLICATION_PROTOCOL_DEFINITION ( 'draft international standard', 'automotive_design', 1998, #732 ) ;
#1178 = UNCERTAINTY_MEASURE_WITH_UNIT (LENGTH_MEASURE( 1.000000000000000082E-05 ), #1718, 'distance_accuracy_value', 'NONE');
#1179 = DIRECTION ( 'NONE',  ( 0.000000000000000000, 1.000000000000000000, 0.000000000000000000 ) ) ;
#1180 = VERTEX_POINT ( 'NONE', #1264 ) ;
#1181 = DIRECTION ( 'NONE',  ( -1.000000000000000000, 0.000000000000000000, 0.000000000000000000 ) ) ;
#1182 = DIRECTION ( 'NONE',  ( 0.000000000000000000, 0.000000000000000000, -1.000000000000000000 ) ) ;
#1183 = DIRECTION ( 'NONE',  ( 0.000000000000000000, 0.000000000000000000, -1.000000000000000000 ) ) ;
#1184 = ORIENTED_EDGE ( 'NONE', *, *, #7779, .T. ) ;
#1185 = FACE_OUTER_BOUND ( 'NONE', #4824, .T. ) ;
#1186 = ORIENTED_EDGE ( 'NONE', *, *, #1983, .T. ) ;
#1187 = DIRECTION ( 'NONE',  ( -1.000000000000000000, 0.000000000000000000, 0.000000000000000000 ) ) ;
#1188 = CARTESIAN_POINT ( 'NONE',  ( -25.23937042237546180, 22.89353571423243849, -5.349999999999975664 ) ) ;
#1189 = DIRECTION ( 'NONE',  ( -3.197646960325912517E-16, 1.000000000000000000, 0.000000000000000000 ) ) ;
#1190 = EDGE_CURVE ( 'NONE', #7495, #7996, #26, .T. ) ;
#1191 = VERTEX_POINT ( 'NONE', #3849 ) ;
#1192 = VERTEX_POINT ( 'NONE', #1216 ) ;
#1193 = DIRECTION ( 'NONE',  ( 0.000000000000000000, 0.000000000000000000, 1.000000000000000000 ) ) ;
#1194 = ORIENTED_EDGE ( 'NONE', *, *, #3987, .T. ) ;
#1195 = CARTESIAN_POINT ( 'NONE',  ( 0.000000000000000000, 7.000000000000000000, 0.000000000000000000 ) ) ;
#1196 = DIRECTION ( 'NONE',  ( 0.4067366430758009299, 0.000000000000000000, 0.9135454576426004225 ) ) ;
#1197 = EDGE_LOOP ( 'NONE', ( #1883, #3980, #7358, #4944 ) ) ;
#1198 = CARTESIAN_POINT ( 'NONE',  ( -1.479999999999999982, 15.89999999999999680, 0.8499999999999999778 ) ) ;
#1199 = VERTEX_POINT ( 'NONE', #6363 ) ;
#1200 = EDGE_CURVE ( 'NONE', #1379, #3998, #3726, .T. ) ;
#1201 = ORIENTED_EDGE ( 'NONE', *, *, #5114, .T. ) ;
#1202 = VERTEX_POINT ( 'NONE', #2533 ) ;
#1203 = CARTESIAN_POINT ( 'NONE',  ( -1.900000000000001910, -4.200000000000000178, 0.1000000000000000056 ) ) ;
#1204 = CARTESIAN_POINT ( 'NONE',  ( -0.006290684479731949857, 15.89999999999999680, 0.008155582768842546681 ) ) ;
#1205 = LINE ( 'NONE', #4465, #5935 ) ;
#1206 = FACE_OUTER_BOUND ( 'NONE', #7443, .T. ) ;
#1207 = AXIS2_PLACEMENT_3D ( 'NONE', #3226, #7001, #2447 ) ;
#1208 = CARTESIAN_POINT ( 'NONE',  ( -15.68937042237545931, 38.44353571423245342, -0.4000000000000010769 ) ) ;
#1209 = EDGE_LOOP ( 'NONE', ( #3354, #3646, #1028, #3596 ) ) ;
#1210 = DIRECTION ( 'NONE',  ( 0.000000000000000000, -1.000000000000000000, -1.334402673828314818E-16 ) ) ;
#1211 = DIRECTION ( 'NONE',  ( 0.6427876096865376976, -0.7660444431189794567, 0.000000000000000000 ) ) ;
#1212 = VECTOR ( 'NONE', #5982, 1000.000000000000000 ) ;
#1213 = LINE ( 'NONE', #3797, #2705 ) ;
#1214 = ORIENTED_EDGE ( 'NONE', *, *, #4911, .T. ) ;
#1215 = ORIENTED_EDGE ( 'NONE', *, *, #503, .T. ) ;
#1216 = CARTESIAN_POINT ( 'NONE',  ( 1.090871211463567247, -0.05000000000000069666, 0.5000000000000000000 ) ) ;
#1217 = VECTOR ( 'NONE', #1080, 1000.000000000000000 ) ;
#1218 = ADVANCED_FACE ( 'NONE', ( #8316 ), #6995, .T. ) ;
#1219 = DIRECTION ( 'NONE',  ( -1.000000000000000000, 1.215054158819962036E-16, 0.000000000000000000 ) ) ;
#1220 = EDGE_CURVE ( 'NONE', #8309, #1696, #5826, .T. ) ;
#1221 = ORIENTED_EDGE ( 'NONE', *, *, #4184, .T. ) ;
#1222 = AXIS2_PLACEMENT_3D ( 'NONE', #5496, #5532, #8113 ) ;
#1223 = CARTESIAN_POINT ( 'NONE',  ( 0.000000000000000000, 27.59353571423245555, 0.4500000000000001221 ) ) ;
#1224 = PLANE ( 'NONE',  #1389 ) ;
#1225 = ORIENTED_EDGE ( 'NONE', *, *, #1884, .T. ) ;
#1226 = AXIS2_PLACEMENT_3D ( 'NONE', #5990, #1860, #8354 ) ;
#1227 = DIRECTION ( 'NONE',  ( 0.000000000000000000, 1.000000000000000000, 0.000000000000000000 ) ) ;
#1228 = DIRECTION ( 'NONE',  ( -0.000000000000000000, -0.000000000000000000, -1.000000000000000000 ) ) ;
#1229 = DIRECTION ( 'NONE',  ( 0.000000000000000000, 0.000000000000000000, 1.000000000000000000 ) ) ;
#1230 = AXIS2_PLACEMENT_3D ( 'NONE', #1904, #7061, #3347 ) ;
#1231 = VERTEX_POINT ( 'NONE', #5729 ) ;
#1232 = CARTESIAN_POINT ( 'NONE',  ( 2.100000000000000089, -7.560000000000000497, 1.800000000000000266 ) ) ;
#1233 = ORIENTED_EDGE ( 'NONE', *, *, #8135, .F. ) ;
#1234 = CARTESIAN_POINT ( 'NONE',  ( -3.400000000000003464, -2.050000000000000711, 0.5000000000000000000 ) ) ;
#1235 = DIRECTION ( 'NONE',  ( -0.000000000000000000, -0.000000000000000000, -1.000000000000000000 ) ) ;
#1236 = CIRCLE ( 'NONE', #3666, 1.200000000000061240 ) ;
#1237 = VERTEX_POINT ( 'NONE', #8226 ) ;
#1238 = DIRECTION ( 'NONE',  ( 0.000000000000000000, 0.000000000000000000, 1.000000000000000000 ) ) ;
#1239 = EDGE_CURVE ( 'NONE', #1199, #138, #3801, .T. ) ;
#1240 = ORIENTED_EDGE ( 'NONE', *, *, #5957, .F. ) ;
#1241 = AXIS2_PLACEMENT_3D ( 'NONE', #4555, #7081, #8342 ) ;
#1242 = ORIENTED_EDGE ( 'NONE', *, *, #1324, .T. ) ;
#1243 = CARTESIAN_POINT ( 'NONE',  ( -0.5000000000000015543, 2.950000000000003730, 0.5000000000000000000 ) ) ;
#1244 = CARTESIAN_POINT ( 'NONE',  ( -15.68937042237545576, 27.39353571423245626, -8.800000000000000711 ) ) ;
#1245 = CARTESIAN_POINT ( 'NONE',  ( -25.68937042237544333, 29.34353571423245910, -4.400000000000000355 ) ) ;
#1246 = CYLINDRICAL_SURFACE ( 'NONE', #1537, 0.6500000000000000222 ) ;
#1247 = AXIS2_PLACEMENT_3D ( 'NONE', #2840, #5326, #2122 ) ;
#1248 = AXIS2_PLACEMENT_3D ( 'NONE', #5561, #8145, #6868 ) ;
#1249 = LINE ( 'NONE', #540, #7436 ) ;
#1250 = EDGE_CURVE ( 'NONE', #352, #523, #599, .T. ) ;
#1251 = ADVANCED_FACE ( 'NONE', ( #4346 ), #2443, .T. ) ;
#1252 = VECTOR ( 'NONE', #6965, 1000.000000000000000 ) ;
#1253 = ORIENTED_EDGE ( 'NONE', *, *, #3385, .F. ) ;
#1254 = VECTOR ( 'NONE', #6243, 1000.000000000000000 ) ;
#1255 = CIRCLE ( 'NONE', #5696, 0.6500000000000000222 ) ;
#1256 = DIRECTION ( 'NONE',  ( -0.000000000000000000, -0.000000000000000000, -1.000000000000000000 ) ) ;
#1257 = DIRECTION ( 'NONE',  ( 0.000000000000000000, 0.000000000000000000, -1.000000000000000000 ) ) ;
#1258 = AXIS2_PLACEMENT_3D ( 'NONE', #7433, #2414, #1018 ) ;
#1259 = CIRCLE ( 'NONE', #3290, 3.000000000000000444 ) ;
#1260 = CARTESIAN_POINT ( 'NONE',  ( 0.000000000000000000, -0.05000000000000071054, 0.000000000000000000 ) ) ;
#1261 = ORIENTED_EDGE ( 'NONE', *, *, #2552, .F. ) ;
#1262 = AXIS2_PLACEMENT_3D ( 'NONE', #2174, #7244, #3404 ) ;
#1263 = AXIS2_PLACEMENT_3D ( 'NONE', #7440, #7526, #8067 ) ;
#1264 = CARTESIAN_POINT ( 'NONE',  ( -1.090871211463572132, 0.9500000000000040634, 0.000000000000000000 ) ) ;
#1265 = CARTESIAN_POINT ( 'NONE',  ( -3.400000000000003464, -0.05202383709185157135, 0.5000000000000000000 ) ) ;
#1266 = ORIENTED_EDGE ( 'NONE', *, *, #6009, .F. ) ;
#1267 = VECTOR ( 'NONE', #1183, 1000.000000000000000 ) ;
#1268 = AXIS2_PLACEMENT_3D ( 'NONE', #6855, #8255, #445 ) ;
#1269 = DIRECTION ( 'NONE',  ( 0.000000000000000000, 0.000000000000000000, -1.000000000000000000 ) ) ;
#1270 = VECTOR ( 'NONE', #6804, 1000.000000000000000 ) ;
#1271 = ADVANCED_FACE ( 'NONE', ( #6958 ), #677, .T. ) ;
#1272 = EDGE_CURVE ( 'NONE', #4105, #3902, #8349, .T. ) ;
#1273 = PRODUCT_DEFINITION_SHAPE ( 'NONE', 'NONE',  #5772 ) ;
#1274 = CARTESIAN_POINT ( 'NONE',  ( -15.68937042237545576, 30.64353571423245270, -4.400000000000000355 ) ) ;
#1275 = CIRCLE ( 'NONE', #7885, 0.6500000000000047962 ) ;
#1276 = DIRECTION ( 'NONE',  ( 1.000000000000000000, 0.000000000000000000, 0.000000000000000000 ) ) ;
#1277 = CARTESIAN_POINT ( 'NONE',  ( -2.710505431213761085E-16, -11.96000000000000618, 1.800000000000000711 ) ) ;
#1278 = VERTEX_POINT ( 'NONE', #7640 ) ;
#1279 = EDGE_CURVE ( 'NONE', #5, #5237, #1651, .T. ) ;
#1280 = ADVANCED_FACE ( 'NONE', ( #6320 ), #2571, .T. ) ;
#1281 = DIRECTION ( 'NONE',  ( 0.000000000000000000, 0.000000000000000000, -1.000000000000000000 ) ) ;
#1282 = EDGE_LOOP ( 'NONE', ( #7058, #1221, #206, #7943 ) ) ;
#1283 = DIRECTION ( 'NONE',  ( 0.000000000000000000, 1.000000000000000000, 0.000000000000000000 ) ) ;
#1284 = CARTESIAN_POINT ( 'NONE',  ( -3.000000000000001776, 4.650000000000003908, 5.000000000000000000 ) ) ;
#1285 = ORIENTED_EDGE ( 'NONE', *, *, #6219, .F. ) ;
#1286 = DIRECTION ( 'NONE',  ( 1.000000000000000000, 0.000000000000000000, 0.000000000000000000 ) ) ;
#1287 = ORIENTED_EDGE ( 'NONE', *, *, #4822, .T. ) ;
#1288 = VERTEX_POINT ( 'NONE', #5143 ) ;
#1289 = ORIENTED_EDGE ( 'NONE', *, *, #6019, .T. ) ;
#1290 = CARTESIAN_POINT ( 'NONE',  ( 0.000000000000000000, 18.19999999997889972, -0.4000000000132786226 ) ) ;
#1291 = LINE ( 'NONE', #4550, #2887 ) ;
#1292 = CARTESIAN_POINT ( 'NONE',  ( -24.03937042237544475, 38.44353571423246052, -4.900000000000003020 ) ) ;
#1293 = CARTESIAN_POINT ( 'NONE',  ( -17.98937042237545469, 29.99353571423246123, -5.350000000000003197 ) ) ;
#1294 = CARTESIAN_POINT ( 'NONE',  ( -24.03937042237544475, 29.99353571423246478, -4.900000000000003020 ) ) ;
#1295 = DIRECTION ( 'NONE',  ( -1.000000000000000000, 0.000000000000000000, 0.000000000000000000 ) ) ;
#1296 = CARTESIAN_POINT ( 'NONE',  ( 0.000000000000000000, 0.000000000000000000, 0.000000000000000000 ) ) ;
#1297 = ORIENTED_EDGE ( 'NONE', *, *, #4514, .T. ) ;
#1298 = LINE ( 'NONE', #3918, #4901 ) ;
#1299 = ADVANCED_FACE ( 'NONE', ( #7719 ), #1944, .T. ) ;
#1300 = PLANE ( 'NONE',  #4231 ) ;
#1301 = SHAPE_DEFINITION_REPRESENTATION ( #1273, #4253 ) ;
#1302 = DIRECTION ( 'NONE',  ( 3.197646960325912517E-16, -1.000000000000000000, 0.000000000000000000 ) ) ;
#1303 = CARTESIAN_POINT ( 'NONE',  ( -16.40834325234228430, 21.92455496882227450, -7.349999999999996092 ) ) ;
#1304 = CARTESIAN_POINT ( 'NONE',  ( 1.479999999999999982, 16.69999999999999574, 0.8499999999999999778 ) ) ;
#1305 = DIRECTION ( 'NONE',  ( 0.000000000000000000, 0.000000000000000000, -1.000000000000000000 ) ) ;
#1306 = ORIENTED_EDGE ( 'NONE', *, *, #1705, .T. ) ;
#1307 = CARTESIAN_POINT ( 'NONE',  ( 3.399999999999998135, -0.05000000000000100198, 0.5000000000000000000 ) ) ;
#1308 = ADVANCED_FACE ( 'NONE', ( #836 ), #1469, .F. ) ;
#1309 = DIRECTION ( 'NONE',  ( 0.000000000000000000, 0.000000000000000000, 1.000000000000000000 ) ) ;
#1310 = ORIENTED_EDGE ( 'NONE', *, *, #3737, .F. ) ;
#1311 = DIRECTION ( 'NONE',  ( 1.000000000000000000, 2.282530889443169980E-16, 0.000000000000000000 ) ) ;
#1312 = CARTESIAN_POINT ( 'NONE',  ( -15.68937042237545576, 27.59353571423245555, -0.4000000000000010214 ) ) ;
#1313 = LINE ( 'NONE', #5821, #450 ) ;
#1314 = ADVANCED_FACE ( 'NONE', ( #4563 ), #6622, .T. ) ;
#1315 = VERTEX_POINT ( 'NONE', #2112 ) ;
#1316 = CARTESIAN_POINT ( 'NONE',  ( -2.100000000000000089, -11.96000000000000796, 1.800000000000000266 ) ) ;
#1317 = VERTEX_POINT ( 'NONE', #2621 ) ;
#1318 = UNCERTAINTY_MEASURE_WITH_UNIT (LENGTH_MEASURE( 1.000000000000000082E-05 ), #7568, 'distance_accuracy_value', 'NONE');
#1319 = FACE_OUTER_BOUND ( 'NONE', #1636, .T. ) ;
#1320 = LINE ( 'NONE', #3223, #6253 ) ;
#1321 = VERTEX_POINT ( 'NONE', #1985 ) ;
#1322 = LINE ( 'NONE', #7016, #8004 ) ;
#1323 = EDGE_CURVE ( 'NONE', #4316, #6037, #202, .T. ) ;
#1324 = EDGE_CURVE ( 'NONE', #1647, #5228, #7125, .T. ) ;
#1325 = ORIENTED_EDGE ( 'NONE', *, *, #6009, .T. ) ;
#1326 = ORIENTED_EDGE ( 'NONE', *, *, #4888, .F. ) ;
#1327 = EDGE_LOOP ( 'NONE', ( #941, #5665, #4122, #2963, #7003 ) ) ;
#1328 = DIRECTION ( 'NONE',  ( 1.000000000000000000, 0.000000000000000000, 0.000000000000000000 ) ) ;
#1329 = CARTESIAN_POINT ( 'NONE',  ( -3.000000000000001776, -3.750000000000000000, 5.000000000000000000 ) ) ;
#1330 = LINE ( 'NONE', #3833, #7461 ) ;
#1331 = CARTESIAN_POINT ( 'NONE',  ( 1.750000000000000000, -7.560000000000000497, 2.100000000000000089 ) ) ;
#1332 = CARTESIAN_POINT ( 'NONE',  ( 2.500000000000000000, -7.560000000000000497, 1.800000000000000266 ) ) ;
#1333 = CARTESIAN_POINT ( 'NONE',  ( 2.600000000000000533, 0.4999999999999987232, 1.500000000000000000 ) ) ;
#1334 = DIRECTION ( 'NONE',  ( 0.000000000000000000, 0.000000000000000000, 1.000000000000000000 ) ) ;
#1335 = ORIENTED_EDGE ( 'NONE', *, *, #6459, .T. ) ;
#1336 = ORIENTED_EDGE ( 'NONE', *, *, #5488, .F. ) ;
#1337 = PLANE ( 'NONE',  #2977 ) ;
#1338 = PLANE ( 'NONE',  #861 ) ;
#1339 = VECTOR ( 'NONE', #1144, 1000.000000000000000 ) ;
#1340 = DIRECTION ( 'NONE',  ( 0.9999994735200916640, 0.000000000000000000, -0.001026138167772244671 ) ) ;
#1341 = DIRECTION ( 'NONE',  ( -0.000000000000000000, -1.000000000000000000, -0.000000000000000000 ) ) ;
#1342 = FACE_BOUND ( 'NONE', #959, .T. ) ;
#1343 = ADVANCED_FACE ( 'NONE', ( #761, #5985, #2747, #5265, #1342 ), #4688, .T. ) ;
#1344 = ORIENTED_EDGE ( 'NONE', *, *, #1779, .F. ) ;
#1345 = CYLINDRICAL_SURFACE ( 'NONE', #804, 0.6999999999999992895 ) ;
#1346 = CIRCLE ( 'NONE', #2568, 0.7999999999999999334 ) ;
#1347 = ORIENTED_EDGE ( 'NONE', *, *, #7108, .F. ) ;
#1348 = LINE ( 'NONE', #3928, #4753 ) ;
#1349 = VECTOR ( 'NONE', #6176, 1000.000000000000000 ) ;
#1350 = VERTEX_POINT ( 'NONE', #3372 ) ;
#1351 = DIRECTION ( 'NONE',  ( 1.000000000000000000, 0.000000000000000000, 0.000000000000000000 ) ) ;
#1352 = CARTESIAN_POINT ( 'NONE',  ( -3.250000000000001332, -5.950000000000001066, 2.100000000000000089 ) ) ;
#1353 = EDGE_CURVE ( 'NONE', #250, #2795, #4014, .T. ) ;
#1354 = CIRCLE ( 'NONE', #4063, 0.6500000000000047962 ) ;
#1355 = EDGE_CURVE ( 'NONE', #2274, #1231, #3976, .T. ) ;
#1356 = ORIENTED_EDGE ( 'NONE', *, *, #614, .F. ) ;
#1357 = VECTOR ( 'NONE', #6249, 1000.000000000000000 ) ;
#1358 = DIRECTION ( 'NONE',  ( -1.000000000000000000, 0.000000000000000000, 0.000000000000000000 ) ) ;
#1359 = ORIENTED_EDGE ( 'NONE', *, *, #5418, .F. ) ;
#1360 = PLANE ( 'NONE',  #5577 ) ;
#1361 = CARTESIAN_POINT ( 'NONE',  ( -0.7500000000000000000, -5.949999999999999289, 1.800000000000000266 ) ) ;
#1362 = ORIENTED_EDGE ( 'NONE', *, *, #2597, .F. ) ;
#1363 = CARTESIAN_POINT ( 'NONE',  ( 0.000000000000000000, -5.950000000000000178, 1.800000000000000266 ) ) ;
#1364 = ORIENTED_EDGE ( 'NONE', *, *, #8233, .T. ) ;
#1365 = EDGE_LOOP ( 'NONE', ( #4181, #3365, #896, #7199, #5440, #6888 ) ) ;
#1366 = CIRCLE ( 'NONE', #6355, 4.099999999999999645 ) ;
#1367 = ORIENTED_EDGE ( 'NONE', *, *, #3011, .T. ) ;
#1368 = LINE ( 'NONE', #5129, #3525 ) ;
#1369 = DIRECTION ( 'NONE',  ( -1.084202172485504434E-16, -1.000000000000000000, -0.000000000000000000 ) ) ;
#1370 = DIRECTION ( 'NONE',  ( -0.000000000000000000, -0.000000000000000000, -1.000000000000000000 ) ) ;
#1371 = EDGE_CURVE ( 'NONE', #5901, #2223, #1933, .T. ) ;
#1372 = EDGE_CURVE ( 'NONE', #7050, #6815, #5858, .T. ) ;
#1373 = ORIENTED_EDGE ( 'NONE', *, *, #7374, .T. ) ;
#1374 = AXIS2_PLACEMENT_3D ( 'NONE', #5491, #932, #2809 ) ;
#1375 = DIRECTION ( 'NONE',  ( 1.000000000000000000, 0.000000000000000000, -1.517883041479702421E-14 ) ) ;
#1376 = CARTESIAN_POINT ( 'NONE',  ( 0.000000000000000000, -2.700000000000001066, 0.000000000000000000 ) ) ;
#1377 = FACE_OUTER_BOUND ( 'NONE', #1197, .T. ) ;
#1378 = CIRCLE ( 'NONE', #1512, 0.7999999999999999334 ) ;
#1379 = VERTEX_POINT ( 'NONE', #7804 ) ;
#1380 = AXIS2_PLACEMENT_3D ( 'NONE', #5100, #6409, #7035 ) ;
#1381 = VERTEX_POINT ( 'NONE', #2022 ) ;
#1382 = LINE ( 'NONE', #5893, #4058 ) ;
#1383 = AXIS2_PLACEMENT_3D ( 'NONE', #5655, #2541, #2633 ) ;
#1384 = EDGE_CURVE ( 'NONE', #6866, #250, #1388, .T. ) ;
#1385 = CARTESIAN_POINT ( 'NONE',  ( -25.23937042237544404, 28.59353571423247331, -5.600000000000004974 ) ) ;
#1386 = AXIS2_PLACEMENT_3D ( 'NONE', #7710, #7027, #2607 ) ;
#1387 = FACE_BOUND ( 'NONE', #4440, .T. ) ;
#1388 = LINE ( 'NONE', #6547, #7453 ) ;
#1389 = AXIS2_PLACEMENT_3D ( 'NONE', #7047, #4483, #4405 ) ;
#1390 = ORIENTED_EDGE ( 'NONE', *, *, #3133, .T. ) ;
#1391 = VECTOR ( 'NONE', #2662, 1000.000000000000000 ) ;
#1392 = AXIS2_PLACEMENT_3D ( 'NONE', #2799, #3382, #3432 ) ;
#1393 = LINE ( 'NONE', #7223, #1880 ) ;
#1394 = ORIENTED_EDGE ( 'NONE', *, *, #462, .F. ) ;
#1395 = VECTOR ( 'NONE', #983, 1000.000000000000000 ) ;
#1396 = ADVANCED_FACE ( 'NONE', ( #3335 ), #5897, .F. ) ;
#1397 = DIRECTION ( 'NONE',  ( 1.541976423090495476E-14, 1.065645045353142775E-30, 1.000000000000000000 ) ) ;
#1398 = VECTOR ( 'NONE', #2791, 1000.000000000000000 ) ;
#1399 = ORIENTED_EDGE ( 'NONE', *, *, #483, .F. ) ;
#1400 = DIRECTION ( 'NONE',  ( 0.000000000000000000, 0.000000000000000000, -1.000000000000000000 ) ) ;
#1401 = DIRECTION ( 'NONE',  ( -1.000000000000000000, 0.000000000000000000, 0.000000000000000000 ) ) ;
#1402 = AXIS2_PLACEMENT_3D ( 'NONE', #6006, #2851, #6042 ) ;
#1403 = DIRECTION ( 'NONE',  ( -0.000000000000000000, -0.000000000000000000, -1.000000000000000000 ) ) ;
#1404 = VECTOR ( 'NONE', #7396, 1000.000000000000000 ) ;
#1405 = EDGE_LOOP ( 'NONE', ( #1689, #3509 ) ) ;
#1406 = VECTOR ( 'NONE', #7783, 1000.000000000000000 ) ;
#1407 = EDGE_CURVE ( 'NONE', #6185, #3391, #2069, .T. ) ;
#1408 = EDGE_CURVE ( 'NONE', #8060, #7620, #8000, .T. ) ;
#1409 = CARTESIAN_POINT ( 'NONE',  ( 4.466912950640278268E-14, 0.4500000000000501932, 0.5000000000000000000 ) ) ;
#1410 = ORIENTED_EDGE ( 'NONE', *, *, #2156, .T. ) ;
#1411 = PLANE ( 'NONE',  #1247 ) ;
#1412 = VERTEX_POINT ( 'NONE', #5176 ) ;
#1413 = DIRECTION ( 'NONE',  ( 0.000000000000000000, 0.000000000000000000, 1.000000000000000000 ) ) ;
#1414 = AXIS2_PLACEMENT_3D ( 'NONE', #405, #4973, #5065 ) ;
#1415 = VERTEX_POINT ( 'NONE', #4383 ) ;
#1416 = VERTEX_POINT ( 'NONE', #1167 ) ;
#1417 = ORIENTED_EDGE ( 'NONE', *, *, #7254, .T. ) ;
#1418 = ADVANCED_FACE ( 'NONE', ( #7753 ), #5090, .F. ) ;
#1419 = CARTESIAN_POINT ( 'NONE',  ( -25.68937042237545043, -1.369759897468786958E-15, -8.799999999999979394 ) ) ;
#1420 = LINE ( 'NONE', #2007, #4221 ) ;
#1421 = CARTESIAN_POINT ( 'NONE',  ( -15.68937042237545931, 38.44353571423245342, -8.800000000000000711 ) ) ;
#1422 = DIRECTION ( 'NONE',  ( 1.000000000000000000, -2.282530889443169980E-16, 0.000000000000000000 ) ) ;
#1423 = ORIENTED_EDGE ( 'NONE', *, *, #3299, .T. ) ;
#1424 = CARTESIAN_POINT ( 'NONE',  ( -3.400000000000001688, 2.950000000000003286, 0.5000000000000000000 ) ) ;
#1425 = CYLINDRICAL_SURFACE ( 'NONE', #4106, 0.6499999999999978018 ) ;
#1426 = DIRECTION ( 'NONE',  ( 1.000000000000000000, 0.000000000000000000, 0.000000000000000000 ) ) ;
#1427 = CARTESIAN_POINT ( 'NONE',  ( -3.250000000000001332, -5.950000000000001066, 2.100000000000000089 ) ) ;
#1428 = ORIENTED_EDGE ( 'NONE', *, *, #7262, .F. ) ;
#1429 = ADVANCED_FACE ( 'NONE', ( #5845 ), #3112, .T. ) ;
#1430 = ORIENTED_EDGE ( 'NONE', *, *, #3631, .T. ) ;
#1431 = CARTESIAN_POINT ( 'NONE',  ( -25.23937042237544404, 37.14353571423244205, -4.399999999999999467 ) ) ;
#1432 = CARTESIAN_POINT ( 'NONE',  ( -18.38937042237544972, 38.09353571423245910, 0.4500000000000001221 ) ) ;
#1433 = DIRECTION ( 'NONE',  ( -0.000000000000000000, -0.000000000000000000, -1.000000000000000000 ) ) ;
#1434 = CARTESIAN_POINT ( 'NONE',  ( 0.000000000000000000, 15.89999999999999680, -0.5047000102205828620 ) ) ;
#1435 = DIRECTION ( 'NONE',  ( 1.000000000000000000, 0.000000000000000000, 0.000000000000000000 ) ) ;
#1436 = VERTEX_POINT ( 'NONE', #1802 ) ;
#1437 = EDGE_CURVE ( 'NONE', #7352, #8038, #2556, .T. ) ;
#1438 = EDGE_CURVE ( 'NONE', #5074, #4751, #37, .T. ) ;
#1439 = DIRECTION ( 'NONE',  ( -1.000000000000000000, -0.000000000000000000, -0.000000000000000000 ) ) ;
#1440 = B_SPLINE_CURVE_WITH_KNOTS ( 'NONE', 3,
 ( #1125, #3716, #5677, #8256 ),
 .UNSPECIFIED., .F., .F.,
 ( 4, 4 ),
 ( 1.875554071987366070E-16, 0.0007707912170038308660 ),
 .UNSPECIFIED. ) ;
#1441 = FACE_OUTER_BOUND ( 'NONE', #1089, .T. ) ;
#1442 = CARTESIAN_POINT ( 'NONE',  ( -25.23937042237544048, 38.44353571423246052, 0.000000000000000000 ) ) ;
#1443 = LINE ( 'NONE', #7180, #7446 ) ;
#1444 = DIRECTION ( 'NONE',  ( -1.000000000000000000, 0.000000000000000000, 0.000000000000000000 ) ) ;
#1445 = ORIENTED_EDGE ( 'NONE', *, *, #5523, .F. ) ;
#1446 = CARTESIAN_POINT ( 'NONE',  ( 0.4000000000000001332, -7.560000000000000497, 1.800000000000000711 ) ) ;
#1447 = ORIENTED_EDGE ( 'NONE', *, *, #682, .F. ) ;
#1448 = DIRECTION ( 'NONE',  ( -1.000000000000000000, -2.282530889443169980E-16, 0.000000000000000000 ) ) ;
#1449 = EDGE_CURVE ( 'NONE', #4626, #2283, #1921, .T. ) ;
#1450 = ORIENTED_EDGE ( 'NONE', *, *, #2398, .F. ) ;
#1451 = ORIENTED_EDGE ( 'NONE', *, *, #5278, .T. ) ;
#1452 = ORIENTED_EDGE ( 'NONE', *, *, #7633, .T. ) ;
#1453 = CARTESIAN_POINT ( 'NONE',  ( 0.9999999999999995559, 3.804101966249688438, 1.800000000000000488 ) ) ;
#1454 = FACE_OUTER_BOUND ( 'NONE', #3967, .T. ) ;
#1455 = CARTESIAN_POINT ( 'NONE',  ( 0.01275798393824550958, 15.19999999999999751, 0.008155582768801673127 ) ) ;
#1456 = DIRECTION ( 'NONE',  ( -1.000000000000000000, 0.000000000000000000, 0.000000000000000000 ) ) ;
#1457 = EDGE_LOOP ( 'NONE', ( #105, #1865, #7749, #1905 ) ) ;
#1458 = PLANE ( 'NONE',  #7826 ) ;
#1459 = CARTESIAN_POINT ( 'NONE',  ( 0.000000000000000000, 0.000000000000000000, 0.5000000000000000000 ) ) ;
#1460 = DIRECTION ( 'NONE',  ( -0.000000000000000000, -0.000000000000000000, -1.000000000000000000 ) ) ;
#1461 = EDGE_CURVE ( 'NONE', #7140, #3086, #6654, .T. ) ;
#1462 = VERTEX_POINT ( 'NONE', #3831 ) ;
#1463 = ORIENTED_EDGE ( 'NONE', *, *, #6369, .T. ) ;
#1464 = CARTESIAN_POINT ( 'NONE',  ( -0.7967663502707702516, 16.69999999999999574, -1.604700010220583728 ) ) ;
#1465 = DIRECTION ( 'NONE',  ( 2.551063935260010491E-16, -1.000000000000000000, 2.891205793294675467E-15 ) ) ;
#1466 = ITEM_DEFINED_TRANSFORMATION ( 'NONE', 'NONE', #1380,  #4879 ) ;
#1467 = FACE_OUTER_BOUND ( 'NONE', #6502, .T. ) ;
#1468 = FACE_OUTER_BOUND ( 'NONE', #8106, .T. ) ;
#1469 = PLANE ( 'NONE',  #5300 ) ;
#1470 = VERTEX_POINT ( 'NONE', #627 ) ;
#1471 = CARTESIAN_POINT ( 'NONE',  ( -20.68937042237544688, 33.89353571423244205, 0.1999999999999999556 ) ) ;
#1472 = EDGE_LOOP ( 'NONE', ( #4019, #4695 ) ) ;
#1473 = CYLINDRICAL_SURFACE ( 'NONE', #1226, 0.4000000000000010214 ) ;
#1474 = FACE_OUTER_BOUND ( 'NONE', #7748, .T. ) ;
#1475 = EDGE_CURVE ( 'NONE', #1783, #4626, #535, .T. ) ;
#1476 = ORIENTED_EDGE ( 'NONE', *, *, #8318, .T. ) ;
#1477 = ADVANCED_FACE ( 'NONE', ( #701 ), #5213, .F. ) ;
#1478 = DIRECTION ( 'NONE',  ( 1.618212197739559129E-16, 0.000000000000000000, 1.000000000000000000 ) ) ;
#1479 = DIRECTION ( 'NONE',  ( 1.000000000000000000, 0.000000000000000000, 0.000000000000000000 ) ) ;
#1480 = TOROIDAL_SURFACE ( 'NONE', #8214, 3.249999999999999556, 0.1999999999999976519 ) ;
#1481 = FACE_OUTER_BOUND ( 'NONE', #7021, .T. ) ;
#1482 = EDGE_LOOP ( 'NONE', ( #5768, #5309, #2535, #4127 ) ) ;
#1483 = ORIENTED_EDGE ( 'NONE', *, *, #3572, .T. ) ;
#1484 = PRODUCT_DEFINITION_CONTEXT ( 'detailed design', #6659, 'design' ) ;
#1485 = CARTESIAN_POINT ( 'NONE',  ( -3.250000000000001332, -1.831784155265234362E-15, 1.800000000000000266 ) ) ;
#1486 = ORIENTED_EDGE ( 'NONE', *, *, #931, .F. ) ;
#1487 = AXIS2_PLACEMENT_3D ( 'NONE', #5726, #109, #1890 ) ;
#1488 = DIRECTION ( 'NONE',  ( 0.000000000000000000, 0.000000000000000000, 1.000000000000000000 ) ) ;
#1489 = VECTOR ( 'NONE', #1000, 1000.000000000000000 ) ;
#1490 = VECTOR ( 'NONE', #4004, 1000.000000000000000 ) ;
#1491 = ORIENTED_EDGE ( 'NONE', *, *, #8074, .T. ) ;
#1492 = ORIENTED_EDGE ( 'NONE', *, *, #7051, .F. ) ;
#1493 = CARTESIAN_POINT ( 'NONE',  ( 1.899999999999996358, -4.200000000000000178, 0.1000000000000000056 ) ) ;
#1494 = CARTESIAN_POINT ( 'NONE',  ( -0.4999999999999997780, 16.49999999999999289, 1.500000000000000000 ) ) ;
#1495 = DIRECTION ( 'NONE',  ( 3.197646960325912517E-16, -1.000000000000000000, 0.000000000000000000 ) ) ;
#1496 = ORIENTED_EDGE ( 'NONE', *, *, #4154, .T. ) ;
#1497 = DIRECTION ( 'NONE',  ( -0.000000000000000000, -1.000000000000000000, -0.000000000000000000 ) ) ;
#1498 = CARTESIAN_POINT ( 'NONE',  ( -24.03937042237544475, 30.64353571423245626, -4.900000000000003020 ) ) ;
#1499 = DIRECTION ( 'NONE',  ( -0.000000000000000000, -0.000000000000000000, -1.000000000000000000 ) ) ;
#1500 = AXIS2_PLACEMENT_3D ( 'NONE', #2641, #3779, #572 ) ;
#1501 = VERTEX_POINT ( 'NONE', #8254 ) ;
#1502 = CLOSED_SHELL ( 'NONE', ( #6250, #3757, #580, #4350, #6304, #7399, #1032, #5052, #3618, #1738, #6642, #7086, #3638, #1561, #6999, #7097, #6332, #6174, #1539, #120, #4615, #4390, #6881, #4651, #3600, #4075, #8240, #2189, #3944, #3810, #5625, #19, #1343, #4636, #7588, #1715, #5030, #4065, #5397, #7234, #7129, #5684, #5472, #3637, #5362, #3472, #6947, #2282, #4691, #7881, #7930, #3877, #2877, #5092, #6061, #2661, #1174, #4835, #5498, #2978 ) ) ;
#1503 = EDGE_LOOP ( 'NONE', ( #875, #2974, #6836, #8064 ) ) ;
#1504 = DIRECTION ( 'NONE',  ( -1.000000000000000000, 0.000000000000000000, 0.000000000000000000 ) ) ;
#1505 = VECTOR ( 'NONE', #2129, 1000.000000000000000 ) ;
#1506 = EDGE_CURVE ( 'NONE', #1381, #6356, #2478, .T. ) ;
#1507 = DIRECTION ( 'NONE',  ( -1.000000000000000000, 0.000000000000000000, 0.000000000000000000 ) ) ;
#1508 = ADVANCED_FACE ( 'NONE', ( #3200 ), #1970, .F. ) ;
#1509 = VECTOR ( 'NONE', #6319, 1000.000000000000000 ) ;
#1510 = DIRECTION ( 'NONE',  ( -1.000000000000000000, 0.000000000000000000, 0.000000000000000000 ) ) ;
#1511 = VERTEX_POINT ( 'NONE', #10 ) ;
#1512 = AXIS2_PLACEMENT_3D ( 'NONE', #4335, #4429, #1172 ) ;
#1513 = CARTESIAN_POINT ( 'NONE',  ( 0.000000000000000000, 13.89999999999999858, 0.000000000000000000 ) ) ;
#1514 = VECTOR ( 'NONE', #3038, 1000.000000000000000 ) ;
#1515 = EDGE_CURVE ( 'NONE', #6404, #250, #8335, .T. ) ;
#1516 = DIRECTION ( 'NONE',  ( 1.000000000000000000, -2.282530889443169980E-16, 0.000000000000000000 ) ) ;
#1517 = ORIENTED_EDGE ( 'NONE', *, *, #3856, .T. ) ;
#1518 = DIRECTION ( 'NONE',  ( -0.000000000000000000, -0.000000000000000000, -1.000000000000000000 ) ) ;
#1519 = ORIENTED_EDGE ( 'NONE', *, *, #74, .T. ) ;
#1520 = CARTESIAN_POINT ( 'NONE',  ( -20.68937042237544688, 33.89353571423244205, 1.449999999999999956 ) ) ;
#1521 = VECTOR ( 'NONE', #2803, 1000.000000000000000 ) ;
#1522 = VECTOR ( 'NONE', #5442, 1000.000000000000000 ) ;
#1523 = CARTESIAN_POINT ( 'NONE',  ( 0.4000000000000004663, -7.560000000000000497, 2.100000000000000089 ) ) ;
#1524 = DIRECTION ( 'NONE',  ( -0.4383711467890784030, -0.8987940462991664825, 0.000000000000000000 ) ) ;
#1525 = MECHANICAL_DESIGN_GEOMETRIC_PRESENTATION_REPRESENTATION (  '', ( #968 ), #3414 ) ;
#1526 = EDGE_CURVE ( 'NONE', #4266, #8112, #1291, .T. ) ;
#1527 = EDGE_CURVE ( 'NONE', #1749, #1237, #1255, .T. ) ;
#1528 = ORIENTED_EDGE ( 'NONE', *, *, #6321, .F. ) ;
#1529 = AXIS2_PLACEMENT_3D ( 'NONE', #6328, #2629, #5152 ) ;
#1530 = VECTOR ( 'NONE', #6604, 1000.000000000000000 ) ;
#1531 = ORIENTED_EDGE ( 'NONE', *, *, #6632, .F. ) ;
#1532 = LINE ( 'NONE', #6074, #2605 ) ;
#1533 = VECTOR ( 'NONE', #4130, 1000.000000000000000 ) ;
#1534 = EDGE_LOOP ( 'NONE', ( #6753, #7548, #1096, #4436 ) ) ;
#1535 = VECTOR ( 'NONE', #6897, 1000.000000000000114 ) ;
#1536 = DIRECTION ( 'NONE',  ( 0.000000000000000000, 1.000000000000000000, 0.000000000000000000 ) ) ;
#1537 = AXIS2_PLACEMENT_3D ( 'NONE', #2559, #6438, #4639 ) ;
#1538 = AXIS2_PLACEMENT_3D ( 'NONE', #3445, #3481, #6043 ) ;
#1539 = ADVANCED_FACE ( 'NONE', ( #6476 ), #6348, .F. ) ;
#1540 = VECTOR ( 'NONE', #7552, 1000.000000000000000 ) ;
#1541 = EDGE_CURVE ( 'NONE', #2373, #2365, #2775, .T. ) ;
#1542 = VECTOR ( 'NONE', #5006, 1000.000000000000000 ) ;
#1543 = ORIENTED_EDGE ( 'NONE', *, *, #3433, .F. ) ;
#1544 = ORIENTED_EDGE ( 'NONE', *, *, #1114, .F. ) ;
#1545 = PLANE ( 'NONE',  #5007 ) ;
#1546 = LINE ( 'NONE', #7949, #7324 ) ;
#1547 = PLANE ( 'NONE',  #4650 ) ;
#1548 = VECTOR ( 'NONE', #5494, 1000.000000000000000 ) ;
#1549 = FACE_OUTER_BOUND ( 'NONE', #6601, .T. ) ;
#1550 = ORIENTED_EDGE ( 'NONE', *, *, #2738, .T. ) ;
#1551 = DIRECTION ( 'NONE',  ( 0.000000000000000000, 0.000000000000000000, -1.000000000000000000 ) ) ;
#1552 = CARTESIAN_POINT ( 'NONE',  ( 2.500942654745081928, 0.3317597448391139681, 1.331759744839111415 ) ) ;
#1553 = AXIS2_PLACEMENT_3D ( 'NONE', #2191, #2267, #330 ) ;
#1554 = DIRECTION ( 'NONE',  ( -1.000000000000000000, 0.000000000000000000, 0.000000000000000000 ) ) ;
#1555 = CARTESIAN_POINT ( 'NONE',  ( 3.399999999999998579, 0.9500000000000038414, 0.5000000000000000000 ) ) ;
#1556 = EDGE_LOOP ( 'NONE', ( #355, #7785 ) ) ;
#1557 = ORIENTED_EDGE ( 'NONE', *, *, #3194, .F. ) ;
#1558 = DIRECTION ( 'NONE',  ( 1.000000000000000000, 0.000000000000000000, 0.000000000000000000 ) ) ;
#1559 = DIRECTION ( 'NONE',  ( 0.000000000000000000, 1.000000000000000000, -1.156482317317867583E-15 ) ) ;
#1560 = FACE_OUTER_BOUND ( 'NONE', #126, .T. ) ;
#1561 = ADVANCED_FACE ( 'NONE', ( #1454 ), #7201, .T. ) ;
#1562 = DIRECTION ( 'NONE',  ( 0.000000000000000000, 0.000000000000000000, 1.000000000000000000 ) ) ;
#1563 = CARTESIAN_POINT ( 'NONE',  ( 0.8032336497292296151, 16.69999999999999574, -2.404700010220583106 ) ) ;
#1564 = ORIENTED_EDGE ( 'NONE', *, *, #6720, .T. ) ;
#1565 = EDGE_LOOP ( 'NONE', ( #6109, #2248, #2071, #218 ) ) ;
#1566 = DIRECTION ( 'NONE',  ( 0.000000000000000000, 0.000000000000000000, 1.000000000000000000 ) ) ;
#1567 = CARTESIAN_POINT ( 'NONE',  ( -25.23937042237544048, 38.44353571423246052, 0.4500000000000001221 ) ) ;
#1568 = ORIENTED_EDGE ( 'NONE', *, *, #3887, .F. ) ;
#1569 = EDGE_CURVE ( 'NONE', #8038, #291, #5335, .T. ) ;
#1570 = VERTEX_POINT ( 'NONE', #4587 ) ;
#1571 = DIRECTION ( 'NONE',  ( -1.000000000000000000, 0.000000000000000000, 0.000000000000000000 ) ) ;
#1572 = VERTEX_POINT ( 'NONE', #4036 ) ;
#1573 = EDGE_CURVE ( 'NONE', #2358, #4437, #6099, .T. ) ;
#1574 = ORIENTED_EDGE ( 'NONE', *, *, #541, .F. ) ;
#1575 = ORIENTED_EDGE ( 'NONE', *, *, #4259, .T. ) ;
#1576 = LINE ( 'NONE', #4123, #3256 ) ;
#1577 = DIRECTION ( 'NONE',  ( -0.000000000000000000, -1.000000000000000000, -0.000000000000000000 ) ) ;
#1578 = CARTESIAN_POINT ( 'NONE',  ( -1.089941313553887348, -0.05202383709185177951, 0.000000000000000000 ) ) ;
#1579 = CYLINDRICAL_SURFACE ( 'NONE', #1538, 0.4000000000000000777 ) ;
#1580 = ORIENTED_EDGE ( 'NONE', *, *, #3580, .T. ) ;
#1581 = CARTESIAN_POINT ( 'NONE',  ( -24.59455531713553000, 21.67492864669429764, -5.349999999999958789 ) ) ;
#1582 = LINE ( 'NONE', #6694, #2076 ) ;
#1583 = EDGE_CURVE ( 'NONE', #8169, #4999, #1420, .T. ) ;
#1584 = CARTESIAN_POINT ( 'NONE',  ( -16.13937042237545327, 27.59353571423245555, -1.400000000000001021 ) ) ;
#1585 = EDGE_CURVE ( 'NONE', #8252, #7796, #2097, .T. ) ;
#1586 = EDGE_LOOP ( 'NONE', ( #2999, #5194 ) ) ;
#1587 = EDGE_LOOP ( 'NONE', ( #744, #3042, #7634, #8019 ) ) ;
#1588 = CARTESIAN_POINT ( 'NONE',  ( -3.600000000000001421, 5.950000000000001954, 5.000000000000000000 ) ) ;
#1589 = DIRECTION ( 'NONE',  ( 0.000000000000000000, 0.000000000000000000, 1.000000000000000000 ) ) ;
#1590 = DIRECTION ( 'NONE',  ( -1.000000000000000000, 2.282530889443169980E-16, 0.000000000000000000 ) ) ;
#1591 = CARTESIAN_POINT ( 'NONE',  ( -25.23937042237556128, 6.263023396829152227E-15, -7.350000000000000533 ) ) ;
#1592 = EDGE_CURVE ( 'NONE', #4548, #7595, #3954, .T. ) ;
#1593 = DIRECTION ( 'NONE',  ( -1.232047923278981953E-16, 1.000000000000000000, 0.000000000000000000 ) ) ;
#1594 = DIRECTION ( 'NONE',  ( -0.000000000000000000, -1.000000000000000000, -0.000000000000000000 ) ) ;
#1595 = ORIENTED_EDGE ( 'NONE', *, *, #4050, .T. ) ;
#1596 = ORIENTED_EDGE ( 'NONE', *, *, #6001, .T. ) ;
#1597 = EDGE_CURVE ( 'NONE', #5930, #471, #186, .T. ) ;
#1598 = CARTESIAN_POINT ( 'NONE',  ( 3.673940397442060361E-16, 7.000000000000000000, 3.000000000000000444 ) ) ;
#1599 = CARTESIAN_POINT ( 'NONE',  ( -0.4999999999999997780, 16.49999999999999289, 2.299999999999999822 ) ) ;
#1600 = CARTESIAN_POINT ( 'NONE',  ( -15.64864419910532867, 20.39582636196002952, -7.028955536850492791 ) ) ;
#1601 = ORIENTED_EDGE ( 'NONE', *, *, #2695, .T. ) ;
#1602 = EDGE_LOOP ( 'NONE', ( #6734, #5573, #7368, #2531 ) ) ;
#1603 = ORIENTED_EDGE ( 'NONE', *, *, #3185, .T. ) ;
#1604 = DIRECTION ( 'NONE',  ( -0.000000000000000000, -0.000000000000000000, -1.000000000000000000 ) ) ;
#1605 = VECTOR ( 'NONE', #7850, 1000.000000000000000 ) ;
#1606 = ORIENTED_EDGE ( 'NONE', *, *, #2523, .F. ) ;
#1607 = EDGE_CURVE ( 'NONE', #7183, #863, #8125, .T. ) ;
#1608 = DIRECTION ( 'NONE',  ( 1.000000000000000000, 0.000000000000000000, 0.000000000000000000 ) ) ;
#1609 = EDGE_CURVE ( 'NONE', #3586, #6896, #3399, .T. ) ;
#1610 = CARTESIAN_POINT ( 'NONE',  ( -15.68937042237545576, 27.39353571423245626, 0.4500000000000001221 ) ) ;
#1611 = ORIENTED_EDGE ( 'NONE', *, *, #1828, .T. ) ;
#1612 = EDGE_LOOP ( 'NONE', ( #2436, #6394, #5517, #897 ) ) ;
#1613 = VECTOR ( 'NONE', #1179, 1000.000000000000000 ) ;
#1614 = PLANE ( 'NONE',  #6891 ) ;
#1615 = CARTESIAN_POINT ( 'NONE',  ( 1.479999999999999982, 15.89999999999999680, 0.8499999999999999778 ) ) ;
#1616 = DIRECTION ( 'NONE',  ( 1.355252715606880296E-16, -1.000000000000000000, 0.000000000000000000 ) ) ;
#1617 = DIRECTION ( 'NONE',  ( 1.000000000000000000, 0.000000000000000000, 0.000000000000000000 ) ) ;
#1618 = ORIENTED_EDGE ( 'NONE', *, *, #6219, .T. ) ;
#1619 = DIRECTION ( 'NONE',  ( 0.000000000000000000, 0.000000000000000000, 1.000000000000000000 ) ) ;
#1620 = FACE_OUTER_BOUND ( 'NONE', #6044, .T. ) ;
#1621 = DIRECTION ( 'NONE',  ( 1.000000000000000000, 0.000000000000000000, 0.000000000000000000 ) ) ;
#1622 = VECTOR ( 'NONE', #5008, 1000.000000000000000 ) ;
#1623 = ORIENTED_EDGE ( 'NONE', *, *, #762, .F. ) ;
#1624 = EDGE_CURVE ( 'NONE', #291, #4303, #6529, .T. ) ;
#1625 = ORIENTED_EDGE ( 'NONE', *, *, #1449, .F. ) ;
#1626 = EDGE_CURVE ( 'NONE', #2023, #2274, #1546, .T. ) ;
#1627 = CARTESIAN_POINT ( 'NONE',  ( 0.000000000000000000, 13.50000000000000000, -3.000000000000000444 ) ) ;
#1628 = PLANE ( 'NONE',  #45 ) ;
#1629 = DIRECTION ( 'NONE',  ( -1.541976423090495476E-14, -1.065645045353142775E-30, -1.000000000000000000 ) ) ;
#1630 = LINE ( 'NONE', #6021, #7572 ) ;
#1631 = PRESENTATION_LAYER_ASSIGNMENT (  '', '', ( #3936 ) ) ;
#1632 = EDGE_CURVE ( 'NONE', #5048, #3001, #4704, .T. ) ;
#1633 = CARTESIAN_POINT ( 'NONE',  ( 0.0008203932499369634770, 16.69999999999999574, 4.781147327278692800E-17 ) ) ;
#1634 = AXIS2_PLACEMENT_3D ( 'NONE', #6951, #4292, #1128 ) ;
#1635 = CARTESIAN_POINT ( 'NONE',  ( -23.68937042237544333, 38.09353571423245910, 0.4500000000000001221 ) ) ;
#1636 = EDGE_LOOP ( 'NONE', ( #1306, #3585, #601, #4183, #3389, #5842, #3541, #6065, #4557, #1297, #3272, #342 ) ) ;
#1637 = ORIENTED_EDGE ( 'NONE', *, *, #1678, .T. ) ;
#1638 = AXIS2_PLACEMENT_3D ( 'NONE', #5473, #3583, #6790 ) ;
#1639 = CARTESIAN_POINT ( 'NONE',  ( 0.000000000000000000, 2.950000000000003286, 0.000000000000000000 ) ) ;
#1640 = DIRECTION ( 'NONE',  ( -1.000000000000000000, 0.000000000000000000, 0.000000000000000000 ) ) ;
#1641 = CARTESIAN_POINT ( 'NONE',  ( 4.399999999999998579, -5.949999999999998401, 1.800000000000000266 ) ) ;
#1642 = ORIENTED_EDGE ( 'NONE', *, *, #7555, .T. ) ;
#1643 = ORIENTED_EDGE ( 'NONE', *, *, #1609, .F. ) ;
#1644 = ORIENTED_EDGE ( 'NONE', *, *, #4257, .T. ) ;
#1645 = FILL_AREA_STYLE ('',( #1775 ) ) ;
#1646 = VECTOR ( 'NONE', #7381, 1000.000000000000000 ) ;
#1647 = VERTEX_POINT ( 'NONE', #5920 ) ;
#1648 = CARTESIAN_POINT ( 'NONE',  ( 2.900000000000000799, -11.96000000000000618, 1.800000000000000711 ) ) ;
#1649 = VECTOR ( 'NONE', #6482, 1000.000000000000000 ) ;
#1650 = VECTOR ( 'NONE', #6191, 1000.000000000000000 ) ;
#1651 = CIRCLE ( 'NONE', #3544, 0.3500000000000000333 ) ;
#1652 = EDGE_CURVE ( 'NONE', #7740, #1052, #7273, .T. ) ;
#1653 = ORIENTED_EDGE ( 'NONE', *, *, #3009, .F. ) ;
#1654 = VECTOR ( 'NONE', #8056, 1000.000000000000000 ) ;
#1655 = ORIENTED_EDGE ( 'NONE', *, *, #890, .F. ) ;
#1656 = AXIS2_PLACEMENT_3D ( 'NONE', #6663, #7889, #7370 ) ;
#1657 = CARTESIAN_POINT ( 'NONE',  ( -1.000000000000000000, 4.426179070414212546, 4.299999999999999822 ) ) ;
#1658 = DIRECTION ( 'NONE',  ( -1.000000000000000000, 0.000000000000000000, 0.000000000000000000 ) ) ;
#1659 = PLANE ( 'NONE',  #5443 ) ;
#1660 = CARTESIAN_POINT ( 'NONE',  ( -16.13937042237545327, 27.59353571423245555, 0.4500000000000001221 ) ) ;
#1661 = ORIENTED_EDGE ( 'NONE', *, *, #3259, .F. ) ;
#1662 = PLANE ( 'NONE',  #1222 ) ;
#1663 = CARTESIAN_POINT ( 'NONE',  ( 2.900000000000000355, -7.560000000000000497, 1.800000000000000711 ) ) ;
#1664 = VECTOR ( 'NONE', #7155, 1000.000000000000000 ) ;
#1665 = AXIS2_PLACEMENT_3D ( 'NONE', #7679, #3802, #5069 ) ;
#1666 = VECTOR ( 'NONE', #635, 1000.000000000000000 ) ;
#1667 = ORIENTED_EDGE ( 'NONE', *, *, #5215, .T. ) ;
#1668 = EDGE_CURVE ( 'NONE', #5520, #7331, #2168, .T. ) ;
#1669 = VECTOR ( 'NONE', #6153, 1000.000000000000000 ) ;
#1670 = ORIENTED_EDGE ( 'NONE', *, *, #2515, .F. ) ;
#1671 = LINE ( 'NONE', #7751, #6377 ) ;
#1672 = CARTESIAN_POINT ( 'NONE',  ( 1.899999999999996358, -4.200000000000000178, 0.1000000000000000056 ) ) ;
#1673 = CARTESIAN_POINT ( 'NONE',  ( 1.090871211463568358, 0.9500000000000061728, 0.5000000000000000000 ) ) ;
#1674 = VECTOR ( 'NONE', #1594, 1000.000000000000000 ) ;
#1675 = DIRECTION ( 'NONE',  ( 0.000000000000000000, 0.000000000000000000, 1.000000000000000000 ) ) ;
#1676 = DIRECTION ( 'NONE',  ( -0.000000000000000000, -1.000000000000000000, -0.000000000000000000 ) ) ;
#1677 = DIRECTION ( 'NONE',  ( 1.000000000000000000, 0.000000000000000000, 0.000000000000000000 ) ) ;
#1678 = EDGE_CURVE ( 'NONE', #892, #7071, #5294, .T. ) ;
#1679 = ORIENTED_EDGE ( 'NONE', *, *, #8121, .T. ) ;
#1680 = CARTESIAN_POINT ( 'NONE',  ( -16.13937042237545327, 27.59353571423245555, 0.4500000000000001221 ) ) ;
#1681 = CARTESIAN_POINT ( 'NONE',  ( -3.250000000000001332, -7.560000000000002274, 1.800000000000000711 ) ) ;
#1682 = CARTESIAN_POINT ( 'NONE',  ( -16.13937042237544972, 22.89353571423245270, -7.349999999999987210 ) ) ;
#1683 = VERTEX_POINT ( 'NONE', #898 ) ;
#1684 = ORIENTED_EDGE ( 'NONE', *, *, #6797, .T. ) ;
#1685 = LINE ( 'NONE', #2878, #165 ) ;
#1686 = DIRECTION ( 'NONE',  ( 0.000000000000000000, 1.000000000000000000, 0.000000000000000000 ) ) ;
#1687 = EDGE_CURVE ( 'NONE', #2666, #7820, #6915, .T. ) ;
#1688 = ADVANCED_FACE ( 'NONE', ( #3479 ), #6041, .T. ) ;
#1689 = ORIENTED_EDGE ( 'NONE', *, *, #5286, .F. ) ;
#1690 = ORIENTED_EDGE ( 'NONE', *, *, #4289, .F. ) ;
#1691 = CARTESIAN_POINT ( 'NONE',  ( -15.68937042237545576, 29.34353571423245555, -4.400000000000000355 ) ) ;
#1692 = ORIENTED_EDGE ( 'NONE', *, *, #2564, .T. ) ;
#1693 = EDGE_LOOP ( 'NONE', ( #1988, #4789, #1201, #481, #999, #1625 ) ) ;
#1694 = FACE_OUTER_BOUND ( 'NONE', #3143, .T. ) ;
#1695 = LINE ( 'NONE', #3097, #302 ) ;
#1696 = VERTEX_POINT ( 'NONE', #2050 ) ;
#1697 = VERTEX_POINT ( 'NONE', #4916 ) ;
#1698 = DIRECTION ( 'NONE',  ( 1.495451272393799296E-16, 1.000000000000000000, 0.000000000000000000 ) ) ;
#1699 = DIRECTION ( 'NONE',  ( -0.000000000000000000, -1.000000000000000000, -0.000000000000000000 ) ) ;
#1700 = LINE ( 'NONE', #7487, #2766 ) ;
#1701 = DIRECTION ( 'NONE',  ( -1.495451272393799049E-16, -1.000000000000000000, 0.000000000000000000 ) ) ;
#1702 = ORIENTED_EDGE ( 'NONE', *, *, #6784, .F. ) ;
#1703 = DIRECTION ( 'NONE',  ( 1.000000000000000000, 0.000000000000000000, 0.000000000000000000 ) ) ;
#1704 = CARTESIAN_POINT ( 'NONE',  ( -16.08937042237545612, 27.59353571423245555, 0.04999999999999996808 ) ) ;
#1705 = EDGE_CURVE ( 'NONE', #7595, #2277, #6766, .T. ) ;
#1706 = VERTEX_POINT ( 'NONE', #4827 ) ;
#1707 = VERTEX_POINT ( 'NONE', #7360 ) ;
#1708 = EDGE_LOOP ( 'NONE', ( #4380, #2640 ) ) ;
#1709 = PLANE ( 'NONE',  #3017 ) ;
#1710 = CARTESIAN_POINT ( 'NONE',  ( -16.13937042237545327, 23.89353571423246336, -0.4000000000000010214 ) ) ;
#1711 = CARTESIAN_POINT ( 'NONE',  ( -1.479999999999999982, 16.69999999999999574, 0.8499999999999999778 ) ) ;
#1712 = DIRECTION ( 'NONE',  ( 1.224646799147353207E-16, 1.000000000000000000, -0.000000000000000000 ) ) ;
#1713 = CARTESIAN_POINT ( 'NONE',  ( -3.400000000000001688, 0.9500000000000039524, 0.000000000000000000 ) ) ;
#1714 = LINE ( 'NONE', #1208, #3942 ) ;
#1715 = ADVANCED_FACE ( 'NONE', ( #5456 ), #305, .T. ) ;
#1716 = ORIENTED_EDGE ( 'NONE', *, *, #529, .F. ) ;
#1717 = CARTESIAN_POINT ( 'NONE',  ( -23.68937042237544333, 38.09353571423245910, 0.4500000000000001221 ) ) ;
#1718 =( LENGTH_UNIT ( ) NAMED_UNIT ( * ) SI_UNIT ( .MILLI., .METRE. ) );
#1719 = DIRECTION ( 'NONE',  ( 1.000000000000000000, 0.000000000000000000, 0.000000000000000000 ) ) ;
#1720 = ORIENTED_EDGE ( 'NONE', *, *, #7253, .F. ) ;
#1721 = ORIENTED_EDGE ( 'NONE', *, *, #3893, .T. ) ;
#1722 = LINE ( 'NONE', #333, #1118 ) ;
#1723 = LINE ( 'NONE', #334, #4627 ) ;
#1724 = DIRECTION ( 'NONE',  ( 0.8987940462991664825, -0.4383711467890785696, -1.385919228607421386E-14 ) ) ;
#1725 = VERTEX_POINT ( 'NONE', #2900 ) ;
#1726 = EDGE_LOOP ( 'NONE', ( #2417, #3616, #6066, #1966, #1720, #1773, #2687, #2724 ) ) ;
#1727 = DIRECTION ( 'NONE',  ( -1.232047923278981953E-16, 1.000000000000000000, 0.000000000000000000 ) ) ;
#1728 = EDGE_LOOP ( 'NONE', ( #2753, #2970, #3864, #1519 ) ) ;
#1729 = EDGE_CURVE ( 'NONE', #5891, #927, #2215, .T. ) ;
#1730 = EDGE_CURVE ( 'NONE', #3515, #5316, #5702, .T. ) ;
#1731 = DIRECTION ( 'NONE',  ( 1.000000000000000000, 0.000000000000000000, 0.000000000000000000 ) ) ;
#1732 = ORIENTED_EDGE ( 'NONE', *, *, #7127, .F. ) ;
#1733 = CARTESIAN_POINT ( 'NONE',  ( -16.13937042237545327, 27.59353571423245555, -7.350000000000000533 ) ) ;
#1734 = LINE ( 'NONE', #1054, #3155 ) ;
#1735 = ORIENTED_EDGE ( 'NONE', *, *, #6247, .T. ) ;
#1736 = VECTOR ( 'NONE', #4138, 1000.000000000000000 ) ;
#1737 = ORIENTED_EDGE ( 'NONE', *, *, #961, .T. ) ;
#1738 = ADVANCED_FACE ( 'NONE', ( #427 ), #1943, .T. ) ;
#1739 =( NAMED_UNIT ( * ) SI_UNIT ( $, .STERADIAN. ) SOLID_ANGLE_UNIT ( ) );
#1740 = CARTESIAN_POINT ( 'NONE',  ( 2.100000000000000089, -7.560000000000000497, 1.800000000000000711 ) ) ;
#1741 = CARTESIAN_POINT ( 'NONE',  ( 0.000000000000000000, 18.00000000008594725, 0.000000000000000000 ) ) ;
#1742 = LINE ( 'NONE', #5621, #465 ) ;
#1743 = VERTEX_POINT ( 'NONE', #6128 ) ;
#1744 = FACE_OUTER_BOUND ( 'NONE', #3868, .T. ) ;
#1745 = PLANE ( 'NONE',  #816 ) ;
#1746 = DIRECTION ( 'NONE',  ( 0.8987940462991663715, 0.4383711467890785696, 0.000000000000000000 ) ) ;
#1747 = EDGE_LOOP ( 'NONE', ( #3590, #5828, #2748, #3503 ) ) ;
#1748 = VECTOR ( 'NONE', #8347, 1000.000000000000000 ) ;
#1749 = VERTEX_POINT ( 'NONE', #6726 ) ;
#1750 = ORIENTED_EDGE ( 'NONE', *, *, #8083, .T. ) ;
#1751 = LINE ( 'NONE', #5538, #1535 ) ;
#1752 = LINE ( 'NONE', #1169, #8137 ) ;
#1753 = DIRECTION ( 'NONE',  ( 0.000000000000000000, 0.000000000000000000, 1.000000000000000000 ) ) ;
#1754 = CARTESIAN_POINT ( 'NONE',  ( -3.400000000000001243, 0.000000000000000000, 0.000000000000000000 ) ) ;
#1755 = FACE_OUTER_BOUND ( 'NONE', #2193, .T. ) ;
#1756 = VECTOR ( 'NONE', #396, 1000.000000000000000 ) ;
#1757 = ORIENTED_EDGE ( 'NONE', *, *, #6458, .T. ) ;
#1758 = CARTESIAN_POINT ( 'NONE',  ( -17.98937042237545825, 37.79353571423245484, -4.900000000000003020 ) ) ;
#1759 = EDGE_CURVE ( 'NONE', #8112, #7508, #598, .T. ) ;
#1760 = EDGE_CURVE ( 'NONE', #2957, #7183, #5439, .T. ) ;
#1761 = VECTOR ( 'NONE', #353, 1000.000000000000000 ) ;
#1762 = EDGE_CURVE ( 'NONE', #374, #6562, #5492, .T. ) ;
#1763 = PLANE ( 'NONE',  #2626 ) ;
#1764 =( LENGTH_UNIT ( ) NAMED_UNIT ( * ) SI_UNIT ( .MILLI., .METRE. ) );
#1765 = DIRECTION ( 'NONE',  ( 1.000000000000000000, 0.000000000000000000, 0.000000000000000000 ) ) ;
#1766 = ORIENTED_EDGE ( 'NONE', *, *, #5038, .F. ) ;
#1767 = ORIENTED_EDGE ( 'NONE', *, *, #5301, .F. ) ;
#1768 = DIRECTION ( 'NONE',  ( 0.000000000000000000, 0.000000000000000000, -1.000000000000000000 ) ) ;
#1769 = CARTESIAN_POINT ( 'NONE',  ( 0.6700000000000003730, 15.89999999999999680, 0.5999999999999998668 ) ) ;
#1770 = VERTEX_POINT ( 'NONE', #1105 ) ;
#1771 = DIRECTION ( 'NONE',  ( 0.000000000000000000, 0.000000000000000000, 1.000000000000000000 ) ) ;
#1772 = EDGE_CURVE ( 'NONE', #711, #8290, #4952, .T. ) ;
#1773 = ORIENTED_EDGE ( 'NONE', *, *, #5908, .F. ) ;
#1774 = VECTOR ( 'NONE', #7914, 1000.000000000000000 ) ;
#1775 = FILL_AREA_STYLE_COLOUR ( '', #2070 ) ;
#1776 = ORIENTED_EDGE ( 'NONE', *, *, #7974, .T. ) ;
#1777 = DIRECTION ( 'NONE',  ( 0.000000000000000000, 0.000000000000000000, 1.000000000000000000 ) ) ;
#1778 = CARTESIAN_POINT ( 'NONE',  ( -16.01372054189685556, 20.09524132667339913, -6.412032947622324563 ) ) ;
#1779 = EDGE_CURVE ( 'NONE', #3307, #1063, #4865, .T. ) ;
#1780 = CIRCLE ( 'NONE', #4345, 0.6500000000000000222 ) ;
#1781 = VERTEX_POINT ( 'NONE', #6084 ) ;
#1782 = VECTOR ( 'NONE', #4084, 1000.000000000000000 ) ;
#1783 = VERTEX_POINT ( 'NONE', #6845 ) ;
#1784 = CARTESIAN_POINT ( 'NONE',  ( -25.68937042237544333, 37.14353571423245626, -5.350000000000003197 ) ) ;
#1785 = ORIENTED_EDGE ( 'NONE', *, *, #1475, .F. ) ;
#1786 = LINE ( 'NONE', #2463, #8014 ) ;
#1787 = PLANE ( 'NONE',  #3169 ) ;
#1788 = AXIS2_PLACEMENT_3D ( 'NONE', #6795, #3051, #6067 ) ;
#1789 = VERTEX_POINT ( 'NONE', #2938 ) ;
#1790 = PLANE ( 'NONE',  #8362 ) ;
#1791 = DIRECTION ( 'NONE',  ( 0.000000000000000000, 0.000000000000000000, -1.000000000000000000 ) ) ;
#1792 = VECTOR ( 'NONE', #1676, 1000.000000000000000 ) ;
#1793 = AXIS2_PLACEMENT_3D ( 'NONE', #7261, #4061, #1401 ) ;
#1794 = ADVANCED_FACE ( 'NONE', ( #8160 ), #2287, .F. ) ;
#1795 = EDGE_CURVE ( 'NONE', #6287, #6126, #3294, .T. ) ;
#1796 = ORIENTED_EDGE ( 'NONE', *, *, #4043, .T. ) ;
#1797 = AXIS2_PLACEMENT_3D ( 'NONE', #3814, #5738, #5776 ) ;
#1798 = ORIENTED_EDGE ( 'NONE', *, *, #1592, .T. ) ;
#1799 = ORIENTED_EDGE ( 'NONE', *, *, #3649, .F. ) ;
#1800 = CYLINDRICAL_SURFACE ( 'NONE', #8277, 1.199999999999999734 ) ;
#1801 = VECTOR ( 'NONE', #2905, 1000.000000000000000 ) ;
#1802 = CARTESIAN_POINT ( 'NONE',  ( -24.03937042237544475, 29.34353571423246265, -4.900000000000003020 ) ) ;
#1803 = DIRECTION ( 'NONE',  ( -2.282530889443169980E-16, 1.000000000000000000, 0.000000000000000000 ) ) ;
#1804 = AXIS2_PLACEMENT_3D ( 'NONE', #5130, #2601, #7663 ) ;
#1805 = DIRECTION ( 'NONE',  ( 1.000000000000000000, 0.000000000000000000, 0.000000000000000000 ) ) ;
#1806 = CARTESIAN_POINT ( 'NONE',  ( 0.000000000000000000, 15.19999999999999751, -0.5047000102205828620 ) ) ;
#1807 = DIRECTION ( 'NONE',  ( 0.4383711467890786806, -0.8987940462991664825, 0.000000000000000000 ) ) ;
#1808 = VECTOR ( 'NONE', #6886, 1000.000000000000000 ) ;
#1809 = PLANE ( 'NONE',  #4085 ) ;
#1810 = VECTOR ( 'NONE', #877, 1000.000000000000000 ) ;
#1811 = ORIENTED_EDGE ( 'NONE', *, *, #2622, .T. ) ;
#1812 = CONICAL_SURFACE ( 'NONE', #5433, 0.5999999999062310962, 0.7853981633974482790 ) ;
#1813 = DIRECTION ( 'NONE',  ( -0.000000000000000000, -0.000000000000000000, -1.000000000000000000 ) ) ;
#1814 = CARTESIAN_POINT ( 'NONE',  ( 4.399999999999998579, -4.200000000000000178, 0.000000000000000000 ) ) ;
#1815 = ORIENTED_EDGE ( 'NONE', *, *, #2988, .F. ) ;
#1816 = DIRECTION ( 'NONE',  ( 0.000000000000000000, 0.000000000000000000, 1.000000000000000000 ) ) ;
#1817 = CARTESIAN_POINT ( 'NONE',  ( -2.900000000000000355, -1.831784155265234362E-15, 1.800000000000000266 ) ) ;
#1818 = VECTOR ( 'NONE', #5742, 1000.000000000000000 ) ;
#1819 = LINE ( 'NONE', #2572, #316 ) ;
#1820 = ADVANCED_FACE ( 'NONE', ( #6160 ), #383, .T. ) ;
#1821 = ORIENTED_EDGE ( 'NONE', *, *, #4148, .F. ) ;
#1822 = CARTESIAN_POINT ( 'NONE',  ( -25.78144432910365325, 24.39353571423245270, -5.299999999999999822 ) ) ;
#1823 = ORIENTED_EDGE ( 'NONE', *, *, #6478, .T. ) ;
#1824 = DIRECTION ( 'NONE',  ( -1.000000000000000000, 0.000000000000000000, 0.000000000000000000 ) ) ;
#1825 = PLANE ( 'NONE',  #3537 ) ;
#1826 = CARTESIAN_POINT ( 'NONE',  ( -4.854636593218676524E-17, 16.69999999999999574, -0.6000000000000000888 ) ) ;
#1827 = CARTESIAN_POINT ( 'NONE',  ( -24.03937042237544475, 29.34353571423245910, -5.350000000000003197 ) ) ;
#1828 = EDGE_CURVE ( 'NONE', #6220, #8218, #3643, .T. ) ;
#1829 = VERTEX_POINT ( 'NONE', #3018 ) ;
#1830 = ORIENTED_EDGE ( 'NONE', *, *, #5838, .F. ) ;
#1831 = SURFACE_STYLE_USAGE ( .BOTH. , #3145 ) ;
#1832 = VERTEX_POINT ( 'NONE', #6258 ) ;
#1833 = CARTESIAN_POINT ( 'NONE',  ( -25.68937042237543977, 38.44353571423246052, 0.04999999999999996808 ) ) ;
#1834 = CARTESIAN_POINT ( 'NONE',  ( 0.000000000000000000, 15.19999999999999751, -0.5047000102205828620 ) ) ;
#1835 = EDGE_LOOP ( 'NONE', ( #2384, #7430, #7284, #2276 ) ) ;
#1836 = LINE ( 'NONE', #1112, #3975 ) ;
#1837 = ORIENTED_EDGE ( 'NONE', *, *, #3033, .T. ) ;
#1838 = VERTEX_POINT ( 'NONE', #4320 ) ;
#1839 = EDGE_LOOP ( 'NONE', ( #6724, #2319, #38 ) ) ;
#1840 = DIRECTION ( 'NONE',  ( 0.000000000000000000, 0.000000000000000000, -1.000000000000000000 ) ) ;
#1841 = DIRECTION ( 'NONE',  ( -0.000000000000000000, -0.000000000000000000, -1.000000000000000000 ) ) ;
#1842 = CARTESIAN_POINT ( 'NONE',  ( 1.750000000000000000, -7.560000000000000497, 1.800000000000000711 ) ) ;
#1843 = EDGE_CURVE ( 'NONE', #1770, #1063, #7993, .T. ) ;
#1844 = ADVANCED_FACE ( 'NONE', ( #5795 ), #628, .F. ) ;
#1845 = CARTESIAN_POINT ( 'NONE',  ( -16.13937042237545327, 38.09353571423245910, 0.000000000000000000 ) ) ;
#1846 = CARTESIAN_POINT ( 'NONE',  ( -16.13937042237545327, 27.59353571423245555, -8.800000000000000711 ) ) ;
#1847 = CARTESIAN_POINT ( 'NONE',  ( -3.250000000000001332, -7.560000000000001386, 2.100000000000000089 ) ) ;
#1848 = ORIENTED_EDGE ( 'NONE', *, *, #1632, .T. ) ;
#1849 = CARTESIAN_POINT ( 'NONE',  ( 3.399999999999998579, -2.050000000000001155, 0.5000000000000000000 ) ) ;
#1850 = APPLICATION_PROTOCOL_DEFINITION ( 'draft international standard', 'automotive_design', 1998, #6659 ) ;
#1851 = EDGE_CURVE ( 'NONE', #5811, #565, #4646, .T. ) ;
#1852 = CARTESIAN_POINT ( 'NONE',  ( -25.68937042237543977, 37.14353571423244915, 0.4500000000000001221 ) ) ;
#1853 = VERTEX_POINT ( 'NONE', #1292 ) ;
#1854 = ORIENTED_EDGE ( 'NONE', *, *, #5666, .F. ) ;
#1855 = DIRECTION ( 'NONE',  ( -1.000000000000000000, 2.282530889443169980E-16, 0.000000000000000000 ) ) ;
#1856 = DIRECTION ( 'NONE',  ( 0.000000000000000000, 0.000000000000000000, -1.000000000000000000 ) ) ;
#1857 = ORIENTED_EDGE ( 'NONE', *, *, #4969, .T. ) ;
#1858 = FACE_OUTER_BOUND ( 'NONE', #1482, .T. ) ;
#1859 = ORIENTED_EDGE ( 'NONE', *, *, #5941, .F. ) ;
#1860 = DIRECTION ( 'NONE',  ( 1.541976423090495476E-14, 1.065645045353142775E-30, 1.000000000000000000 ) ) ;
#1861 = DIRECTION ( 'NONE',  ( 0.000000000000000000, -1.000000000000000000, 0.000000000000000000 ) ) ;
#1862 = DIRECTION ( 'NONE',  ( -1.000000000000000000, 0.000000000000000000, 0.000000000000000000 ) ) ;
#1863 = LINE ( 'NONE', #3771, #6091 ) ;
#1864 = ORIENTED_EDGE ( 'NONE', *, *, #6441, .T. ) ;
#1865 = ORIENTED_EDGE ( 'NONE', *, *, #3506, .F. ) ;
#1866 = ADVANCED_FACE ( 'NONE', ( #4463 ), #5177, .T. ) ;
#1867 = DIRECTION ( 'NONE',  ( -3.197646960325912517E-16, 1.000000000000000000, 0.000000000000000000 ) ) ;
#1868 = ORIENTED_EDGE ( 'NONE', *, *, #4406, .T. ) ;
#1869 = EDGE_CURVE ( 'NONE', #4718, #4713, #2602, .T. ) ;
#1870 = DIRECTION ( 'NONE',  ( 0.000000000000000000, 0.000000000000000000, -1.000000000000000000 ) ) ;
#1871 = DIRECTION ( 'NONE',  ( 1.000000000000000000, 3.197646960325912517E-16, 0.000000000000000000 ) ) ;
#1872 = VERTEX_POINT ( 'NONE', #5091 ) ;
#1873 = FACE_OUTER_BOUND ( 'NONE', #2739, .T. ) ;
#1874 = ORIENTED_EDGE ( 'NONE', *, *, #2359, .T. ) ;
#1875 = EDGE_LOOP ( 'NONE', ( #419, #2179, #2993, #2224 ) ) ;
#1876 = CARTESIAN_POINT ( 'NONE',  ( -16.08937042237544546, -5.144812642466648531E-15, 0.04999999999999996808 ) ) ;
#1877 = DIRECTION ( 'NONE',  ( 1.000000000000000000, 0.000000000000000000, 0.000000000000000000 ) ) ;
#1878 = CARTESIAN_POINT ( 'NONE',  ( 3.599999999999999645, -5.949999999999999289, 0.000000000000000000 ) ) ;
#1879 = DIRECTION ( 'NONE',  ( 0.000000000000000000, 0.000000000000000000, -1.000000000000000000 ) ) ;
#1880 = VECTOR ( 'NONE', #1439, 1000.000000000000000 ) ;
#1881 = PRESENTATION_STYLE_ASSIGNMENT (( #7667 ) ) ;
#1882 = CARTESIAN_POINT ( 'NONE',  ( -3.400000000000003464, -2.050000000000000711, 0.5000000000000000000 ) ) ;
#1883 = ORIENTED_EDGE ( 'NONE', *, *, #4193, .T. ) ;
#1884 = EDGE_CURVE ( 'NONE', #6558, #4689, #3276, .T. ) ;
#1885 = ADVANCED_FACE ( 'NONE', ( #7664 ), #2520, .F. ) ;
#1886 = AXIS2_PLACEMENT_3D ( 'NONE', #2793, #6706, #7256 ) ;
#1887 = FACE_OUTER_BOUND ( 'NONE', #3634, .T. ) ;
#1888 = CARTESIAN_POINT ( 'NONE',  ( 4.399999999999998579, -5.949999999999998401, 5.000000000000000000 ) ) ;
#1889 = CARTESIAN_POINT ( 'NONE',  ( 0.000000000000000000, 0.000000000000000000, 0.000000000000000000 ) ) ;
#1890 = DIRECTION ( 'NONE',  ( 0.000000000000000000, 1.000000000000000000, 0.000000000000000000 ) ) ;
#1891 = CARTESIAN_POINT ( 'NONE',  ( 1.479999999999999982, 16.49999999999999645, 0.5000000000000002220 ) ) ;
#1892 = DIRECTION ( 'NONE',  ( 0.000000000000000000, 0.000000000000000000, 1.000000000000000000 ) ) ;
#1893 = VECTOR ( 'NONE', #5063, 1000.000000000000000 ) ;
#1894 = CARTESIAN_POINT ( 'NONE',  ( -16.13937042237545327, 27.59353571423245555, -0.4000000000000010214 ) ) ;
#1895 = ORIENTED_EDGE ( 'NONE', *, *, #2721, .F. ) ;
#1896 = EDGE_CURVE ( 'NONE', #1697, #6346, #750, .T. ) ;
#1897 = ADVANCED_FACE ( 'NONE', ( #2008 ), #7791, .T. ) ;
#1898 = VECTOR ( 'NONE', #4128, 1000.000000000000000 ) ;
#1899 = DIRECTION ( 'NONE',  ( -0.000000000000000000, -0.000000000000000000, -1.000000000000000000 ) ) ;
#1900 = CARTESIAN_POINT ( 'NONE',  ( -25.68937042237544333, 23.89353571423246692, 0.000000000000000000 ) ) ;
#1901 = DIRECTION ( 'NONE',  ( 0.000000000000000000, 1.000000000000000000, 0.000000000000000000 ) ) ;
#1902 = CIRCLE ( 'NONE', #703, 0.9000000000000002442 ) ;
#1903 = ORIENTED_EDGE ( 'NONE', *, *, #4756, .F. ) ;
#1904 = CARTESIAN_POINT ( 'NONE',  ( 0.4710170047248282144, 13.50000000000000000, 0.2824361629302609145 ) ) ;
#1905 = ORIENTED_EDGE ( 'NONE', *, *, #2043, .F. ) ;
#1906 = DIRECTION ( 'NONE',  ( 0.000000000000000000, 0.000000000000000000, 1.000000000000000000 ) ) ;
#1907 = DIRECTION ( 'NONE',  ( 0.000000000000000000, 0.000000000000000000, -1.000000000000000000 ) ) ;
#1908 = AXIS2_PLACEMENT_3D ( 'NONE', #5226, #1341, #3247 ) ;
#1909 = VERTEX_POINT ( 'NONE', #3955 ) ;
#1910 = LINE ( 'NONE', #2642, #5113 ) ;
#1911 = FACE_OUTER_BOUND ( 'NONE', #5501, .T. ) ;
#1912 = AXIS2_PLACEMENT_3D ( 'NONE', #3173, #5724, #2491 ) ;
#1913 = EDGE_CURVE ( 'NONE', #6882, #3998, #7057, .T. ) ;
#1914 = ADVANCED_FACE ( 'NONE', ( #7023 ), #3321, .F. ) ;
#1915 = VERTEX_POINT ( 'NONE', #11 ) ;
#1916 = TOROIDAL_SURFACE ( 'NONE', #5545, 3.249999999999999556, 0.1999999999999976519 ) ;
#1917 = VERTEX_POINT ( 'NONE', #5719 ) ;
#1918 = AXIS2_PLACEMENT_3D ( 'NONE', #8236, #3770, #2452 ) ;
#1919 = VERTEX_POINT ( 'NONE', #7831 ) ;
#1920 = LINE ( 'NONE', #9, #6073 ) ;
#1921 = LINE ( 'NONE', #7022, #727 ) ;
#1922 = CARTESIAN_POINT ( 'NONE',  ( -15.68937042237545221, 22.89353571423245270, -7.350000000000000533 ) ) ;
#1923 = DIRECTION ( 'NONE',  ( 0.000000000000000000, -1.000000000000000000, 0.000000000000000000 ) ) ;
#1924 = DIRECTION ( 'NONE',  ( 1.000000000000000000, 0.000000000000000000, 0.000000000000000000 ) ) ;
#1925 = AXIS2_PLACEMENT_3D ( 'NONE', #4028, #8026, #6595 ) ;
#1926 = AXIS2_PLACEMENT_3D ( 'NONE', #5993, #2798, #1008 ) ;
#1927 = DIRECTION ( 'NONE',  ( -1.000000000000000000, 0.000000000000000000, 1.618212197739559129E-16 ) ) ;
#1928 = CARTESIAN_POINT ( 'NONE',  ( 1.000000000000000000, 4.426179070414211658, 2.500000000000000000 ) ) ;
#1929 = AXIS2_PLACEMENT_3D ( 'NONE', #3932, #242, #1400 ) ;
#1930 = EDGE_CURVE ( 'NONE', #7508, #2550, #702, .T. ) ;
#1931 = ORIENTED_EDGE ( 'NONE', *, *, #3846, .F. ) ;
#1932 = AXIS2_PLACEMENT_3D ( 'NONE', #4185, #2278, #2324 ) ;
#1933 = CIRCLE ( 'NONE', #6373, 4.099999999999999645 ) ;
#1934 = DIRECTION ( 'NONE',  ( 0.000000000000000000, 0.000000000000000000, 1.000000000000000000 ) ) ;
#1935 = FACE_OUTER_BOUND ( 'NONE', #3735, .T. ) ;
#1936 = AXIS2_PLACEMENT_3D ( 'NONE', #4146, #1403, #805 ) ;
#1937 = DIRECTION ( 'NONE',  ( 0.000000000000000000, 0.000000000000000000, 1.000000000000000000 ) ) ;
#1938 = AXIS2_PLACEMENT_3D ( 'NONE', #4135, #3529, #6097 ) ;
#1939 = CARTESIAN_POINT ( 'NONE',  ( -1.750000000000000222, -5.950000000000001066, 1.800000000000000266 ) ) ;
#1940 = EDGE_CURVE ( 'NONE', #2740, #7331, #4588, .T. ) ;
#1941 = CARTESIAN_POINT ( 'NONE',  ( 1.899999999999998801, 3.600000000000003197, 0.1000000000000000056 ) ) ;
#1942 = AXIS2_PLACEMENT_3D ( 'NONE', #3024, #6938, #2342 ) ;
#1943 = TOROIDAL_SURFACE ( 'NONE', #5846, 0.1500000000000000777, 0.1999999999999993727 ) ;
#1944 = PLANE ( 'NONE',  #3014 ) ;
#1945 = CYLINDRICAL_SURFACE ( 'NONE', #8276, 0.6500000000000000222 ) ;
#1946 = EDGE_LOOP ( 'NONE', ( #2706, #3516, #375, #501 ) ) ;
#1947 = AXIS2_PLACEMENT_3D ( 'NONE', #3212, #6413, #639 ) ;
#1948 = AXIS2_PLACEMENT_3D ( 'NONE', #5199, #611, #1276 ) ;
#1949 = LINE ( 'NONE', #33, #7541 ) ;
#1950 = AXIS2_PLACEMENT_3D ( 'NONE', #1660, #6934, #3604 ) ;
#1951 = PRODUCT_DEFINITION_SHAPE ( 'NONE', 'NONE',  #8365 ) ;
#1952 = FACE_OUTER_BOUND ( 'NONE', #2317, .T. ) ;
#1953 = EDGE_CURVE ( 'NONE', #5873, #5438, #1330, .T. ) ;
#1954 = EDGE_CURVE ( 'NONE', #2419, #88, #6399, .T. ) ;
#1955 = CYLINDRICAL_SURFACE ( 'NONE', #7038, 1.200000000000011502 ) ;
#1956 = CARTESIAN_POINT ( 'NONE',  ( -3.650000000000001688, -3.750000000000000000, 5.599999999999999645 ) ) ;
#1957 = DIRECTION ( 'NONE',  ( -1.000000000000000000, 0.000000000000000000, 0.000000000000000000 ) ) ;
#1958 = ORIENTED_EDGE ( 'NONE', *, *, #6969, .T. ) ;
#1959 = LINE ( 'NONE', #2714, #3530 ) ;
#1960 = ORIENTED_EDGE ( 'NONE', *, *, #6448, .T. ) ;
#1961 = CARTESIAN_POINT ( 'NONE',  ( 0.000000000000000000, 15.19999999999999751, 0.000000000000000000 ) ) ;
#1962 = CARTESIAN_POINT ( 'NONE',  ( -25.68937042237544333, 30.64353571423245626, -5.350000000000003197 ) ) ;
#1963 = ORIENTED_EDGE ( 'NONE', *, *, #6293, .F. ) ;
#1964 = EDGE_CURVE ( 'NONE', #7283, #5739, #3201, .T. ) ;
#1965 = CYLINDRICAL_SURFACE ( 'NONE', #3495, 1.200000000000006617 ) ;
#1966 = ORIENTED_EDGE ( 'NONE', *, *, #2928, .F. ) ;
#1967 = ORIENTED_EDGE ( 'NONE', *, *, #2025, .T. ) ;
#1968 = VERTEX_POINT ( 'NONE', #5755 ) ;
#1969 = PLANE ( 'NONE',  #2177 ) ;
#1970 = PLANE ( 'NONE',  #972 ) ;
#1971 = CARTESIAN_POINT ( 'NONE',  ( 0.000000000000000000, -5.950000000000000178, 0.000000000000000000 ) ) ;
#1972 = ADVANCED_FACE ( 'NONE', ( #4126 ), #1579, .T. ) ;
#1973 = CYLINDRICAL_SURFACE ( 'NONE', #6618, 1.199999999999963762 ) ;
#1974 = PLANE ( 'NONE',  #178 ) ;
#1975 = LINE ( 'NONE', #2057, #1649 ) ;
#1976 = LINE ( 'NONE', #7245, #4349 ) ;
#1977 = ORIENTED_EDGE ( 'NONE', *, *, #1954, .T. ) ;
#1978 = CARTESIAN_POINT ( 'NONE',  ( -17.33937042237545256, 37.14353571423244915, -5.350000000000003197 ) ) ;
#1979 = DIRECTION ( 'NONE',  ( 3.197646960325911531E-16, 1.000000000000000000, 0.000000000000000000 ) ) ;
#1980 = CONTEXT_DEPENDENT_SHAPE_REPRESENTATION ( #3906, #1951 ) ;
#1981 = EDGE_CURVE ( 'NONE', #4707, #4740, #6606, .T. ) ;
#1982 = CARTESIAN_POINT ( 'NONE',  ( -24.13937042237544617, 33.89353571423244205, 0.4500000000000001776 ) ) ;
#1983 = EDGE_CURVE ( 'NONE', #1052, #5048, #2902, .T. ) ;
#1984 = CARTESIAN_POINT ( 'NONE',  ( -3.250000000000001332, -5.950000000000001066, 1.800000000000000266 ) ) ;
#1985 = CARTESIAN_POINT ( 'NONE',  ( 3.261177379365211237, 15.89999999999999680, -0.5047000102205828620 ) ) ;
#1986 = ORIENTED_EDGE ( 'NONE', *, *, #2962, .F. ) ;
#1987 = DIRECTION ( 'NONE',  ( 0.000000000000000000, 0.000000000000000000, 1.000000000000000000 ) ) ;
#1988 = ORIENTED_EDGE ( 'NONE', *, *, #6383, .F. ) ;
#1989 = CARTESIAN_POINT ( 'NONE',  ( 1.565936075841832809, 15.19999999999999751, -3.517150011924013331 ) ) ;
#1990 = FACE_OUTER_BOUND ( 'NONE', #4702, .T. ) ;
#1991 = DIRECTION ( 'NONE',  ( 1.000000000000000000, 0.000000000000000000, 0.000000000000000000 ) ) ;
#1992 = SHAPE_REPRESENTATION ( 'PT01-B_SHELL', ( #4879 ), #837 ) ;
#1993 = ADVANCED_FACE ( 'NONE', ( #1549 ), #6691, .T. ) ;
#1994 = EDGE_CURVE ( 'NONE', #3401, #99, #5458, .T. ) ;
#1995 = ORIENTED_EDGE ( 'NONE', *, *, #6625, .T. ) ;
#1996 = DIRECTION ( 'NONE',  ( 0.000000000000000000, 0.000000000000000000, -1.000000000000000000 ) ) ;
#1997 = ORIENTED_EDGE ( 'NONE', *, *, #4614, .T. ) ;
#1998 = CARTESIAN_POINT ( 'NONE',  ( 2.900000000000000799, -11.96000000000000618, 2.100000000000000089 ) ) ;
#1999 = DIRECTION ( 'NONE',  ( 0.000000000000000000, 0.000000000000000000, 1.000000000000000000 ) ) ;
#2000 = ORIENTED_EDGE ( 'NONE', *, *, #5278, .F. ) ;
#2001 = DIRECTION ( 'NONE',  ( 1.000000000000000000, -2.282530889443169980E-16, 0.000000000000000000 ) ) ;
#2002 = ORIENTED_EDGE ( 'NONE', *, *, #7700, .T. ) ;
#2003 = EDGE_CURVE ( 'NONE', #6607, #3311, #223, .T. ) ;
#2004 = ORIENTED_EDGE ( 'NONE', *, *, #6142, .F. ) ;
#2005 = ORIENTED_EDGE ( 'NONE', *, *, #4942, .T. ) ;
#2006 = CARTESIAN_POINT ( 'NONE',  ( -25.23937042237544404, 27.39353571423245981, -5.600000000000002309 ) ) ;
#2007 = CARTESIAN_POINT ( 'NONE',  ( -17.33937042237545256, 29.34353571423245555, -4.400000000000000355 ) ) ;
#2008 = FACE_OUTER_BOUND ( 'NONE', #4245, .T. ) ;
#2009 = VERTEX_POINT ( 'NONE', #8037 ) ;
#2010 = FACE_OUTER_BOUND ( 'NONE', #7805, .T. ) ;
#2011 = CARTESIAN_POINT ( 'NONE',  ( -25.23937042237544048, 38.44353571423246052, 0.4500000000000001221 ) ) ;
#2012 = CARTESIAN_POINT ( 'NONE',  ( 0.6700000000000000400, 16.69999999999999574, -0.6000000000000000888 ) ) ;
#2013 = LINE ( 'NONE', #826, #5154 ) ;
#2014 = ORIENTED_EDGE ( 'NONE', *, *, #5868, .T. ) ;
#2015 = ORIENTED_EDGE ( 'NONE', *, *, #6206, .T. ) ;
#2016 = CARTESIAN_POINT ( 'NONE',  ( 0.000000000000000000, 0.000000000000000000, 0.000000000000000000 ) ) ;
#2017 = CARTESIAN_POINT ( 'NONE',  ( -1.891663167769253473, 13.50000000000000000, 3.353223890482888159 ) ) ;
#2018 = CIRCLE ( 'NONE', #6456, 0.4000000000000010214 ) ;
#2019 = FACE_OUTER_BOUND ( 'NONE', #1083, .T. ) ;
#2020 = LINE ( 'NONE', #717, #2047 ) ;
#2021 = APPLICATION_CONTEXT ( 'automotive_design' ) ;
#2022 = CARTESIAN_POINT ( 'NONE',  ( 1.899999999999996358, -4.200000000000000178, 0.000000000000000000 ) ) ;
#2023 = VERTEX_POINT ( 'NONE', #6649 ) ;
#2024 = ADVANCED_FACE ( 'NONE', ( #900 ), #2777, .F. ) ;
#2025 = EDGE_CURVE ( 'NONE', #7393, #936, #5413, .T. ) ;
#2026 = CARTESIAN_POINT ( 'NONE',  ( -16.13937042237545327, 27.59353571423245555, 0.4500000000000001221 ) ) ;
#2027 = AXIS2_PLACEMENT_3D ( 'NONE', #4561, #2617, #1340 ) ;
#2028 = EDGE_LOOP ( 'NONE', ( #7573, #7345, #6473, #8239 ) ) ;
#2029 = CARTESIAN_POINT ( 'NONE',  ( 0.000000000000000000, 18.00000000000000711, 0.000000000000000000 ) ) ;
#2030 = VECTOR ( 'NONE', #4934, 1000.000000000000000 ) ;
#2031 = ORIENTED_EDGE ( 'NONE', *, *, #5128, .F. ) ;
#2032 = CARTESIAN_POINT ( 'NONE',  ( -24.92664915606493281, 20.99403537297251887, -5.349999999999918820 ) ) ;
#2033 = PLANE ( 'NONE',  #1793 ) ;
#2034 = CIRCLE ( 'NONE', #2574, 1.199999999999963762 ) ;
#2035 = EDGE_CURVE ( 'NONE', #6016, #4740, #868, .T. ) ;
#2036 = ORIENTED_EDGE ( 'NONE', *, *, #3914, .F. ) ;
#2037 = CIRCLE ( 'NONE', #6752, 0.6500000000000000222 ) ;
#2038 = CARTESIAN_POINT ( 'NONE',  ( -25.68937042237544333, 22.89353571423245626, -7.350000000000000533 ) ) ;
#2039 = ORIENTED_EDGE ( 'NONE', *, *, #2979, .F. ) ;
#2040 = DIRECTION ( 'NONE',  ( -1.000000000000000000, 4.427158870982468024E-15, 0.000000000000000000 ) ) ;
#2041 = SHAPE_REPRESENTATION ( 'PT01-B_HOUSING', ( #153, #5539, #1380 ), #3946 ) ;
#2042 = EDGE_LOOP ( 'NONE', ( #5164, #4336, #6117 ) ) ;
#2043 = EDGE_CURVE ( 'NONE', #1278, #7164, #189, .T. ) ;
#2044 = AXIS2_PLACEMENT_3D ( 'NONE', #6296, #1698, #4274 ) ;
#2045 = ORIENTED_EDGE ( 'NONE', *, *, #3392, .F. ) ;
#2046 = ORIENTED_EDGE ( 'NONE', *, *, #949, .F. ) ;
#2047 = VECTOR ( 'NONE', #4602, 1000.000000000000000 ) ;
#2048 = ORIENTED_EDGE ( 'NONE', *, *, #3546, .F. ) ;
#2049 = DIRECTION ( 'NONE',  ( -1.000000000000000000, -1.495451272393799296E-16, 0.000000000000000000 ) ) ;
#2050 = CARTESIAN_POINT ( 'NONE',  ( -24.03937042237544475, 38.44353571423246052, -5.350000000000003197 ) ) ;
#2051 = FACE_OUTER_BOUND ( 'NONE', #6828, .T. ) ;
#2052 = CARTESIAN_POINT ( 'NONE',  ( -4.400000000000002132, 0.000000000000000000, 0.000000000000000000 ) ) ;
#2053 = ORIENTED_EDGE ( 'NONE', *, *, #2952, .F. ) ;
#2054 = CARTESIAN_POINT ( 'NONE',  ( 0.000000000000000000, 13.50000000000000000, 0.000000000000000000 ) ) ;
#2055 = LINE ( 'NONE', #2011, #6103 ) ;
#2056 = EDGE_CURVE ( 'NONE', #5332, #4914, #2812, .T. ) ;
#2057 = CARTESIAN_POINT ( 'NONE',  ( -0.4500000000000001776, 0.4500000000000592970, 2.100000000000000089 ) ) ;
#2058 = FACE_BOUND ( 'NONE', #8034, .T. ) ;
#2059 = EDGE_CURVE ( 'NONE', #1379, #203, #5308, .T. ) ;
#2060 = CIRCLE ( 'NONE', #6764, 0.1999999999999994282 ) ;
#2061 = EDGE_LOOP ( 'NONE', ( #2951, #8062, #6149, #3784, #7818 ) ) ;
#2062 = ORIENTED_EDGE ( 'NONE', *, *, #1795, .F. ) ;
#2063 = LINE ( 'NONE', #2528, #317 ) ;
#2064 = VECTOR ( 'NONE', #1901, 1000.000000000000000 ) ;
#2065 = CARTESIAN_POINT ( 'NONE',  ( 2.100000000000000089, -11.96000000000000618, 1.800000000000000711 ) ) ;
#2066 = DIRECTION ( 'NONE',  ( -1.000000000000000000, -3.197646960325912517E-16, 0.000000000000000000 ) ) ;
#2067 = TOROIDAL_SURFACE ( 'NONE', #1929, 0.1500000000000000777, 0.1999999999999994282 ) ;
#2068 = CYLINDRICAL_SURFACE ( 'NONE', #150, 3.050000000000000711 ) ;
#2069 = LINE ( 'NONE', #7252, #7048 ) ;
#2070 = COLOUR_RGB ( '',0.7921568627450980005, 0.8196078431372548767, 0.9333333333333333481 ) ;
#2071 = ORIENTED_EDGE ( 'NONE', *, *, #4306, .F. ) ;
#2072 = AXIS2_PLACEMENT_3D ( 'NONE', #5718, #8303, #2519 ) ;
#2073 = VECTOR ( 'NONE', #6013, 1000.000000000000000 ) ;
#2074 = CARTESIAN_POINT ( 'NONE',  ( -1.749999999999999778, -5.950000000000000178, 2.100000000000000089 ) ) ;
#2075 = VECTOR ( 'NONE', #7580, 1000.000000000000000 ) ;
#2076 = VECTOR ( 'NONE', #871, 1000.000000000000000 ) ;
#2077 = DIRECTION ( 'NONE',  ( -1.000000000000000000, 0.000000000000000000, 0.000000000000000000 ) ) ;
#2078 = AXIS2_PLACEMENT_3D ( 'NONE', #1244, #6532, #5249 ) ;
#2079 = EDGE_CURVE ( 'NONE', #1511, #4589, #8005, .T. ) ;
#2080 = LINE ( 'NONE', #4661, #5421 ) ;
#2081 = CARTESIAN_POINT ( 'NONE',  ( -0.6500000000000019096, 0.4500000000000040079, 0.000000000000000000 ) ) ;
#2082 = VECTOR ( 'NONE', #2216, 1000.000000000000000 ) ;
#2083 = CIRCLE ( 'NONE', #5574, 0.6500000000000001332 ) ;
#2084 = VECTOR ( 'NONE', #6635, 1000.000000000000000 ) ;
#2085 = ORIENTED_EDGE ( 'NONE', *, *, #5321, .T. ) ;
#2086 = VECTOR ( 'NONE', #6809, 1000.000000000000000 ) ;
#2087 = ORIENTED_EDGE ( 'NONE', *, *, #560, .T. ) ;
#2088 = PRODUCT_DEFINITION_CONTEXT ( 'detailed design', #2021, 'design' ) ;
#2089 = CARTESIAN_POINT ( 'NONE',  ( -23.73937042237545114, 33.89353571423244205, 0.1999999999999999556 ) ) ;
#2090 = ORIENTED_EDGE ( 'NONE', *, *, #7906, .T. ) ;
#2091 = EDGE_CURVE ( 'NONE', #7164, #1379, #733, .T. ) ;
#2092 = DIRECTION ( 'NONE',  ( 0.000000000000000000, -1.000000000000000000, 0.000000000000000000 ) ) ;
#2093 = EDGE_LOOP ( 'NONE', ( #7386, #2031, #8042, #4411 ) ) ;
#2094 = ORIENTED_EDGE ( 'NONE', *, *, #6988, .F. ) ;
#2095 = ORIENTED_EDGE ( 'NONE', *, *, #2845, .T. ) ;
#2096 = DIRECTION ( 'NONE',  ( -1.000000000000000000, 0.000000000000000000, 0.000000000000000000 ) ) ;
#2097 = LINE ( 'NONE', #4674, #1530 ) ;
#2098 = LINE ( 'NONE', #7202, #2082 ) ;
#2099 = DIRECTION ( 'NONE',  ( -0.000000000000000000, -0.000000000000000000, -1.000000000000000000 ) ) ;
#2100 = ORIENTED_EDGE ( 'NONE', *, *, #4016, .T. ) ;
#2101 = DIRECTION ( 'NONE',  ( 0.9999994735200916640, 0.000000000000000000, -0.001026138167770710742 ) ) ;
#2102 = FACE_BOUND ( 'NONE', #7379, .T. ) ;
#2103 = DIRECTION ( 'NONE',  ( 0.000000000000000000, 1.000000000000000000, 0.000000000000000000 ) ) ;
#2104 = ORIENTED_EDGE ( 'NONE', *, *, #5908, .T. ) ;
#2105 = ADVANCED_FACE ( 'NONE', ( #5967 ), #4196, .F. ) ;
#2106 = ORIENTED_EDGE ( 'NONE', *, *, #3144, .T. ) ;
#2107 = EDGE_CURVE ( 'NONE', #4677, #1706, #5978, .T. ) ;
#2108 = CYLINDRICAL_SURFACE ( 'NONE', #7327, 0.3500000000000000333 ) ;
#2109 = FACE_OUTER_BOUND ( 'NONE', #7533, .T. ) ;
#2110 = CARTESIAN_POINT ( 'NONE',  ( 0.6700000000000001510, 16.69999999999999574, -0.6000000000000001998 ) ) ;
#2111 = LINE ( 'NONE', #5808, #7300 ) ;
#2112 = CARTESIAN_POINT ( 'NONE',  ( 0.4000000000000003553, -7.560000000000000497, 1.800000000000000266 ) ) ;
#2113 = ORIENTED_EDGE ( 'NONE', *, *, #3144, .F. ) ;
#2114 = CARTESIAN_POINT ( 'NONE',  ( -23.68937042237543977, 29.69353571423244986, 0.000000000000000000 ) ) ;
#2115 = ORIENTED_EDGE ( 'NONE', *, *, #1851, .F. ) ;
#2116 = DIRECTION ( 'NONE',  ( 0.000000000000000000, 0.000000000000000000, -1.000000000000000000 ) ) ;
#2117 = ORIENTED_EDGE ( 'NONE', *, *, #4120, .T. ) ;
#2118 = DIRECTION ( 'NONE',  ( 0.7071067811865506814, 0.7071067811865443531, 0.000000000000000000 ) ) ;
#2119 = DIRECTION ( 'NONE',  ( 0.000000000000000000, 0.000000000000000000, -1.000000000000000000 ) ) ;
#2120 = ORIENTED_EDGE ( 'NONE', *, *, #4015, .F. ) ;
#2121 = ORIENTED_EDGE ( 'NONE', *, *, #6406, .F. ) ;
#2122 = DIRECTION ( 'NONE',  ( 1.000000000000000000, 3.197646960325912517E-16, 0.000000000000000000 ) ) ;
#2123 = ORIENTED_EDGE ( 'NONE', *, *, #6186, .F. ) ;
#2124 = CARTESIAN_POINT ( 'NONE',  ( 1.090871211463568358, 0.9500000000000060618, 0.000000000000000000 ) ) ;
#2125 = ADVANCED_FACE ( 'NONE', ( #7241 ), #5337, .T. ) ;
#2126 = ORIENTED_EDGE ( 'NONE', *, *, #5868, .F. ) ;
#2127 = EDGE_CURVE ( 'NONE', #3562, #6558, #4909, .T. ) ;
#2128 = VERTEX_POINT ( 'NONE', #6201 ) ;
#2129 = DIRECTION ( 'NONE',  ( -1.000000000000000000, 0.000000000000000000, 0.000000000000000000 ) ) ;
#2130 = DIRECTION ( 'NONE',  ( 0.000000000000000000, 1.000000000000000000, 0.000000000000000000 ) ) ;
#2131 = DIRECTION ( 'NONE',  ( 1.000000000000000000, 2.282530889443169980E-16, 0.000000000000000000 ) ) ;
#2132 = CARTESIAN_POINT ( 'NONE',  ( 2.999999999999998224, 4.650000000000004796, 5.599999999999999645 ) ) ;
#2133 = ORIENTED_EDGE ( 'NONE', *, *, #3194, .T. ) ;
#2134 = DIRECTION ( 'NONE',  ( -2.168404344971008868E-16, 1.000000000000000000, 0.000000000000000000 ) ) ;
#2135 = CARTESIAN_POINT ( 'NONE',  ( 2.598076211352133846, 0.5000000000002231548, 1.500000000000222489 ) ) ;
#2136 =( LENGTH_UNIT ( ) NAMED_UNIT ( * ) SI_UNIT ( .MILLI., .METRE. ) );
#2137 = CYLINDRICAL_SURFACE ( 'NONE', #3677, 1.000000000000000888 ) ;
#2138 = VERTEX_POINT ( 'NONE', #4239 ) ;
#2139 = EDGE_CURVE ( 'NONE', #5228, #6411, #8162, .T. ) ;
#2140 = EDGE_LOOP ( 'NONE', ( #5915, #5658, #5942, #212 ) ) ;
#2141 = LINE ( 'NONE', #4089, #42 ) ;
#2142 = DIRECTION ( 'NONE',  ( 0.000000000000000000, 0.000000000000000000, -1.000000000000000000 ) ) ;
#2143 = CARTESIAN_POINT ( 'NONE',  ( 3.399999999999998579, -2.050000000000001155, 0.5000000000000000000 ) ) ;
#2144 = ADVANCED_FACE ( 'NONE', ( #429 ), #6847, .T. ) ;
#2145 = EDGE_CURVE ( 'NONE', #2861, #7394, #1742, .T. ) ;
#2146 = ORIENTED_EDGE ( 'NONE', *, *, #4580, .F. ) ;
#2147 = VECTOR ( 'NONE', #5899, 1000.000000000000000 ) ;
#2148 = DIRECTION ( 'NONE',  ( 1.000000000000000000, 0.000000000000000000, 0.000000000000000000 ) ) ;
#2149 = FACE_OUTER_BOUND ( 'NONE', #778, .T. ) ;
#2150 = ORIENTED_EDGE ( 'NONE', *, *, #2788, .T. ) ;
#2151 = CARTESIAN_POINT ( 'NONE',  ( -3.400000000000001243, 0.9500000000000038414, 0.5000000000000000000 ) ) ;
#2152 = CARTESIAN_POINT ( 'NONE',  ( -16.13937042237545327, 29.34353571423245555, -4.900000000000003020 ) ) ;
#2153 = LINE ( 'NONE', #7812, #4213 ) ;
#2154 = EDGE_CURVE ( 'NONE', #6859, #7495, #6130, .T. ) ;
#2155 = DIRECTION ( 'NONE',  ( 1.000000000000000000, 0.000000000000000000, 0.000000000000000000 ) ) ;
#2156 = EDGE_CURVE ( 'NONE', #2241, #6539, #488, .T. ) ;
#2157 = VERTEX_POINT ( 'NONE', #980 ) ;
#2158 = VERTEX_POINT ( 'NONE', #385 ) ;
#2159 = DIRECTION ( 'NONE',  ( -0.000000000000000000, -0.000000000000000000, -1.000000000000000000 ) ) ;
#2160 = ORIENTED_EDGE ( 'NONE', *, *, #254, .F. ) ;
#2161 = VECTOR ( 'NONE', #5894, 1000.000000000000114 ) ;
#2162 = DIRECTION ( 'NONE',  ( 0.4383711467890784030, 0.8987940462991664825, 0.000000000000000000 ) ) ;
#2163 = CIRCLE ( 'NONE', #7148, 0.6999999999999992895 ) ;
#2164 = VECTOR ( 'NONE', #824, 1000.000000000000000 ) ;
#2165 = ORIENTED_EDGE ( 'NONE', *, *, #5523, .T. ) ;
#2166 = VERTEX_POINT ( 'NONE', #3645 ) ;
#2167 = SURFACE_STYLE_USAGE ( .BOTH. , #7948 ) ;
#2168 = LINE ( 'NONE', #4077, #1123 ) ;
#2169 = LINE ( 'NONE', #1421, #5850 ) ;
#2170 = DIRECTION ( 'NONE',  ( 0.000000000000000000, 0.000000000000000000, -1.000000000000000000 ) ) ;
#2171 = CIRCLE ( 'NONE', #3924, 0.4000000000000010214 ) ;
#2172 = ORIENTED_EDGE ( 'NONE', *, *, #2778, .F. ) ;
#2173 = DIRECTION ( 'NONE',  ( 0.6018150231520500437, -0.7986355100472914970, 0.000000000000000000 ) ) ;
#2174 = CARTESIAN_POINT ( 'NONE',  ( -17.33937042237545256, 29.99353571423246123, -4.900000000000003020 ) ) ;
#2175 = CARTESIAN_POINT ( 'NONE',  ( -20.68937042237544688, 33.89353571423244205, 0.1999999999999999556 ) ) ;
#2176 = EDGE_CURVE ( 'NONE', #633, #6, #5584, .T. ) ;
#2177 = AXIS2_PLACEMENT_3D ( 'NONE', #626, #6568, #2049 ) ;
#2178 = ORIENTED_EDGE ( 'NONE', *, *, #4887, .T. ) ;
#2179 = ORIENTED_EDGE ( 'NONE', *, *, #4711, .F. ) ;
#2180 = DIRECTION ( 'NONE',  ( 1.000000000000000000, 1.971276677246371519E-16, 0.000000000000000000 ) ) ;
#2181 = LINE ( 'NONE', #6702, #24 ) ;
#2182 = CARTESIAN_POINT ( 'NONE',  ( 1.899999999999998801, 3.600000000000003642, 0.1000000000000000056 ) ) ;
#2183 = VECTOR ( 'NONE', #7766, 1000.000000000000000 ) ;
#2184 = CYLINDRICAL_SURFACE ( 'NONE', #6760, 3.450000000000001510 ) ;
#2185 = ADVANCED_FACE ( 'NONE', ( #525 ), #3567, .F. ) ;
#2186 =( GEOMETRIC_REPRESENTATION_CONTEXT ( 3 ) GLOBAL_UNCERTAINTY_ASSIGNED_CONTEXT ( ( #2676 ) ) GLOBAL_UNIT_ASSIGNED_CONTEXT ( ( #8139, #4140, #6178 ) ) REPRESENTATION_CONTEXT ( 'NONE', 'WORKASPACE' ) );
#2187 = AXIS2_PLACEMENT_3D ( 'NONE', #1555, #4798, #2222 ) ;
#2188 = DIRECTION ( 'NONE',  ( 0.000000000000000000, 1.000000000000000000, 0.000000000000000000 ) ) ;
#2189 = ADVANCED_FACE ( 'NONE', ( #3067 ), #7488, .T. ) ;
#2190 = VECTOR ( 'NONE', #8220, 1000.000000000000000 ) ;
#2191 = CARTESIAN_POINT ( 'NONE',  ( -1.734723475976807094E-15, 0.4500000000000040079, 2.500000000000000000 ) ) ;
#2192 = ORIENTED_EDGE ( 'NONE', *, *, #6092, .T. ) ;
#2193 = EDGE_LOOP ( 'NONE', ( #5641, #7939, #507, #3866 ) ) ;
#2194 = DIRECTION ( 'NONE',  ( -1.000000000000000000, 0.000000000000000000, 0.000000000000000000 ) ) ;
#2195 = VECTOR ( 'NONE', #2196, 1000.000000000000000 ) ;
#2196 = DIRECTION ( 'NONE',  ( -1.000000000000000000, -0.000000000000000000, -0.000000000000000000 ) ) ;
#2197 = PLANE ( 'NONE',  #3421 ) ;
#2198 = EDGE_LOOP ( 'NONE', ( #8163, #6763, #6932, #7389 ) ) ;
#2199 = VECTOR ( 'NONE', #4260, 1000.000000000000000 ) ;
#2200 = ORIENTED_EDGE ( 'NONE', *, *, #6823, .T. ) ;
#2201 = VECTOR ( 'NONE', #96, 1000.000000000000000 ) ;
#2202 = EDGE_CURVE ( 'NONE', #4034, #7626, #5664, .T. ) ;
#2203 = EDGE_CURVE ( 'NONE', #4397, #818, #7571, .T. ) ;
#2204 = LINE ( 'NONE', #1446, #6221 ) ;
#2205 = CIRCLE ( 'NONE', #7189, 0.3500000000000000333 ) ;
#2206 = ORIENTED_EDGE ( 'NONE', *, *, #3756, .F. ) ;
#2207 = VECTOR ( 'NONE', #394, 1000.000000000000000 ) ;
#2208 = CIRCLE ( 'NONE', #6241, 1.200000000000011502 ) ;
#2209 = VECTOR ( 'NONE', #7754, 1000.000000000000000 ) ;
#2210 = AXIS2_PLACEMENT_3D ( 'NONE', #4792, #6570, #6690 ) ;
#2211 = ORIENTED_EDGE ( 'NONE', *, *, #1795, .T. ) ;
#2212 = ORIENTED_EDGE ( 'NONE', *, *, #31, .T. ) ;
#2213 = ADVANCED_FACE ( 'NONE', ( #6810 ), #1787, .F. ) ;
#2214 = DIRECTION ( 'NONE',  ( 3.197646960325912517E-16, -1.000000000000000000, 0.000000000000000000 ) ) ;
#2215 = LINE ( 'NONE', #8108, #3427 ) ;
#2216 = DIRECTION ( 'NONE',  ( 0.5958745230144666394, -0.8030775509390620792, 0.000000000000000000 ) ) ;
#2217 = DIRECTION ( 'NONE',  ( 0.000000000000000000, 0.000000000000000000, 1.000000000000000000 ) ) ;
#2218 = VERTEX_POINT ( 'NONE', #1062 ) ;
#2219 = DIRECTION ( 'NONE',  ( 0.000000000000000000, -1.000000000000000000, 0.000000000000000000 ) ) ;
#2220 = PLANE ( 'NONE',  #2754 ) ;
#2221 = AXIS2_PLACEMENT_3D ( 'NONE', #1635, #5204, #7969 ) ;
#2222 = DIRECTION ( 'NONE',  ( 0.000000000000000000, 0.000000000000000000, -1.000000000000000000 ) ) ;
#2223 = VERTEX_POINT ( 'NONE', #1023 ) ;
#2224 = ORIENTED_EDGE ( 'NONE', *, *, #5802, .T. ) ;
#2225 = LINE ( 'NONE', #2261, #2752 ) ;
#2226 = ADVANCED_FACE ( 'NONE', ( #4867 ), #4371, .F. ) ;
#2227 = FACE_OUTER_BOUND ( 'NONE', #7, .T. ) ;
#2228 = LINE ( 'NONE', #3413, #7006 ) ;
#2229 = CARTESIAN_POINT ( 'NONE',  ( 1.899999999999996358, -4.200000000000000178, 0.1000000000000000056 ) ) ;
#2230 = DIRECTION ( 'NONE',  ( -0.000000000000000000, -0.000000000000000000, -1.000000000000000000 ) ) ;
#2231 = EDGE_CURVE ( 'NONE', #8314, #4914, #1157, .T. ) ;
#2232 = EDGE_CURVE ( 'NONE', #5705, #2692, #8244, .T. ) ;
#2233 =( LENGTH_UNIT ( ) NAMED_UNIT ( * ) SI_UNIT ( .MILLI., .METRE. ) );
#2234 = LINE ( 'NONE', #7343, #4520 ) ;
#2235 = ORIENTED_EDGE ( 'NONE', *, *, #1607, .F. ) ;
#2236 = ORIENTED_EDGE ( 'NONE', *, *, #5608, .T. ) ;
#2237 = LINE ( 'NONE', #1044, #7315 ) ;
#2238 = CARTESIAN_POINT ( 'NONE',  ( -25.68937042237544333, 27.59353571423245910, -8.800000000000000711 ) ) ;
#2239 = LINE ( 'NONE', #5444, #1654 ) ;
#2240 = ORIENTED_EDGE ( 'NONE', *, *, #7780, .F. ) ;
#2241 = VERTEX_POINT ( 'NONE', #5047 ) ;
#2242 = ORIENTED_EDGE ( 'NONE', *, *, #4924, .T. ) ;
#2243 = EDGE_LOOP ( 'NONE', ( #2502, #1240 ) ) ;
#2244 = DIRECTION ( 'NONE',  ( 0.000000000000000000, 1.613696256722611356E-15, 1.000000000000000000 ) ) ;
#2245 = LINE ( 'NONE', #1610, #5170 ) ;
#2246 = EDGE_CURVE ( 'NONE', #1415, #7656, #7619, .T. ) ;
#2247 = EDGE_CURVE ( 'NONE', #6748, #2023, #1320, .T. ) ;
#2248 = ORIENTED_EDGE ( 'NONE', *, *, #3513, .T. ) ;
#2249 = EDGE_LOOP ( 'NONE', ( #3800, #5949, #6912, #2847, #2242 ) ) ;
#2250 = PRESENTATION_STYLE_ASSIGNMENT (( #2167 ) ) ;
#2251 = CARTESIAN_POINT ( 'NONE',  ( -3.250000000000001332, -7.560000000000002274, 1.800000000000000711 ) ) ;
#2252 = CARTESIAN_POINT ( 'NONE',  ( 1.899999999999996358, -4.200000000000000178, 0.1000000000000000056 ) ) ;
#2253 = CARTESIAN_POINT ( 'NONE',  ( -1.734723475976807094E-15, 0.4500000000000040079, 2.500000000000000000 ) ) ;
#2254 = EDGE_LOOP ( 'NONE', ( #917, #6680 ) ) ;
#2255 = LINE ( 'NONE', #2942, #2846 ) ;
#2256 = CARTESIAN_POINT ( 'NONE',  ( 2.399251774991946196, 0.1649176233897866606, 1.164917623389783552 ) ) ;
#2257 = CARTESIAN_POINT ( 'NONE',  ( -1.479999999999999982, 16.69999999999999574, 0.8499999999999999778 ) ) ;
#2258 = ADVANCED_FACE ( 'NONE', ( #3190 ), #3898, .T. ) ;
#2259 = ORIENTED_EDGE ( 'NONE', *, *, #6157, .F. ) ;
#2260 = ORIENTED_EDGE ( 'NONE', *, *, #6735, .F. ) ;
#2261 = CARTESIAN_POINT ( 'NONE',  ( -15.68937042237545576, 37.14353571423244915, -4.399999999999999467 ) ) ;
#2262 = DIRECTION ( 'NONE',  ( -1.000000000000000000, 0.000000000000000000, 0.000000000000000000 ) ) ;
#2263 = CARTESIAN_POINT ( 'NONE',  ( 3.599999999999999645, 5.150000000000005684, 5.000000000000000000 ) ) ;
#2264 = CARTESIAN_POINT ( 'NONE',  ( 0.8032336497292295041, 15.89999999999999680, -1.604700010220583728 ) ) ;
#2265 = EDGE_CURVE ( 'NONE', #7344, #1697, #2546, .T. ) ;
#2266 = CARTESIAN_POINT ( 'NONE',  ( -24.92664915606496123, 20.99403537297252242, -7.349999999999923261 ) ) ;
#2267 = DIRECTION ( 'NONE',  ( 0.000000000000000000, 0.000000000000000000, 1.000000000000000000 ) ) ;
#2268 = ORIENTED_EDGE ( 'NONE', *, *, #5447, .F. ) ;
#2269 = ORIENTED_EDGE ( 'NONE', *, *, #7438, .F. ) ;
#2270 = CARTESIAN_POINT ( 'NONE',  ( -3.400000000000001243, 2.950000000000003286, 0.5000000000000000000 ) ) ;
#2271 = DIRECTION ( 'NONE',  ( 1.000000000000000000, 0.000000000000000000, 0.000000000000000000 ) ) ;
#2272 = PLANE ( 'NONE',  #3971 ) ;
#2273 = ADVANCED_FACE ( 'NONE', ( #5205 ), #4542, .F. ) ;
#2274 = VERTEX_POINT ( 'NONE', #1962 ) ;
#2275 = ORIENTED_EDGE ( 'NONE', *, *, #4614, .F. ) ;
#2276 = ORIENTED_EDGE ( 'NONE', *, *, #5896, .T. ) ;
#2277 = VERTEX_POINT ( 'NONE', #3777 ) ;
#2278 = DIRECTION ( 'NONE',  ( 0.000000000000000000, 0.000000000000000000, 1.000000000000000000 ) ) ;
#2279 = VECTOR ( 'NONE', #1093, 1000.000000000000000 ) ;
#2280 = ORIENTED_EDGE ( 'NONE', *, *, #5466, .T. ) ;
#2281 = LINE ( 'NONE', #6155, #7163 ) ;
#2282 = ADVANCED_FACE ( 'NONE', ( #5743 ), #6465, .F. ) ;
#2283 = VERTEX_POINT ( 'NONE', #5872 ) ;
#2284 = ORIENTED_EDGE ( 'NONE', *, *, #1355, .T. ) ;
#2285 = AXIS2_PLACEMENT_3D ( 'NONE', #7336, #1590, #1559 ) ;
#2286 = CARTESIAN_POINT ( 'NONE',  ( 0.000000000000000000, 0.000000000000000000, 0.5000000000000000000 ) ) ;
#2287 = PLANE ( 'NONE',  #4771 ) ;
#2288 = CARTESIAN_POINT ( 'NONE',  ( 0.4999999999999982792, -2.050000000000001155, 0.000000000000000000 ) ) ;
#2289 = DIRECTION ( 'NONE',  ( 1.308519863344574291E-16, 1.000000000000000000, 0.000000000000000000 ) ) ;
#2290 = EDGE_CURVE ( 'NONE', #7820, #2945, #2638, .T. ) ;
#2291 = ORIENTED_EDGE ( 'NONE', *, *, #254, .T. ) ;
#2292 = PLANE ( 'NONE',  #4469 ) ;
#2293 = CARTESIAN_POINT ( 'NONE',  ( -25.23937042237544048, 38.44353571423246052, -4.900000000000003020 ) ) ;
#2294 = AXIS2_PLACEMENT_3D ( 'NONE', #1471, #6624, #2148 ) ;
#2295 = VECTOR ( 'NONE', #4590, 1000.000000000000000 ) ;
#2296 = ORIENTED_EDGE ( 'NONE', *, *, #7333, .F. ) ;
#2297 = ORIENTED_EDGE ( 'NONE', *, *, #5642, .T. ) ;
#2298 = CARTESIAN_POINT ( 'NONE',  ( -3.000000000000001776, 4.650000000000003908, 5.599999999999999645 ) ) ;
#2299 = DIRECTION ( 'NONE',  ( 0.000000000000000000, 0.000000000000000000, 1.000000000000000000 ) ) ;
#2300 = EDGE_CURVE ( 'NONE', #3804, #5103, #54, .T. ) ;
#2301 = ADVANCED_FACE ( 'NONE', ( #3863 ), #6388, .F. ) ;
#2302 = VECTOR ( 'NONE', #2162, 1000.000000000000114 ) ;
#2303 = DIRECTION ( 'NONE',  ( -0.000000000000000000, -0.000000000000000000, -1.000000000000000000 ) ) ;
#2304 = LINE ( 'NONE', #2151, #168 ) ;
#2305 = DIRECTION ( 'NONE',  ( -1.000000000000000000, 0.000000000000000000, 0.000000000000000000 ) ) ;
#2306 = AXIS2_PLACEMENT_3D ( 'NONE', #662, #4549, #3232 ) ;
#2307 = DIRECTION ( 'NONE',  ( 0.000000000000000000, 0.000000000000000000, -1.000000000000000000 ) ) ;
#2308 = VECTOR ( 'NONE', #3762, 1000.000000000000000 ) ;
#2309 = SHAPE_REPRESENTATION_RELATIONSHIP ( 'NONE' , 'NONE' ,  #6940, #5648 ) ;
#2310 = CARTESIAN_POINT ( 'NONE',  ( -1.479999999999999982, 15.89999999999999680, 0.4999999999999998890 ) ) ;
#2311 = VERTEX_POINT ( 'NONE', #6974 ) ;
#2312 = VERTEX_POINT ( 'NONE', #569 ) ;
#2313 = PRODUCT_DEFINITION_FORMATION_WITH_SPECIFIED_SOURCE ( 'ANY', '', #1051, .NOT_KNOWN. ) ;
#2314 = FACE_OUTER_BOUND ( 'NONE', #7014, .T. ) ;
#2315 = FACE_OUTER_BOUND ( 'NONE', #2249, .T. ) ;
#2316 = CARTESIAN_POINT ( 'NONE',  ( -24.97039759240872669, 21.92455496882227806, -7.349999999999920597 ) ) ;
#2317 = EDGE_LOOP ( 'NONE', ( #4656, #4818, #3101, #368 ) ) ;
#2318 = VECTOR ( 'NONE', #6353, 1000.000000000000000 ) ;
#2319 = ORIENTED_EDGE ( 'NONE', *, *, #6458, .F. ) ;
#2320 = VECTOR ( 'NONE', #5674, 1000.000000000000000 ) ;
#2321 = ORIENTED_EDGE ( 'NONE', *, *, #8156, .T. ) ;
#2322 = EDGE_CURVE ( 'NONE', #6803, #5327, #620, .T. ) ;
#2323 = VECTOR ( 'NONE', #8294, 1000.000000000000000 ) ;
#2324 = DIRECTION ( 'NONE',  ( 1.000000000000000000, 0.000000000000000000, 0.000000000000000000 ) ) ;
#2325 = VECTOR ( 'NONE', #4976, 1000.000000000000000 ) ;
#2326 = VERTEX_POINT ( 'NONE', #8328 ) ;
#2327 = CARTESIAN_POINT ( 'NONE',  ( 2.349999999999998312, -3.750000000000000000, 5.599999999999999645 ) ) ;
#2328 = VECTOR ( 'NONE', #6439, 1000.000000000000114 ) ;
#2329 = CARTESIAN_POINT ( 'NONE',  ( -18.38937042237545327, 29.69353571423244986, 0.4500000000000001221 ) ) ;
#2330 = AXIS2_PLACEMENT_3D ( 'NONE', #5688, #1892, #4476 ) ;
#2331 = ORIENTED_EDGE ( 'NONE', *, *, #4119, .T. ) ;
#2332 = VECTOR ( 'NONE', #1229, 1000.000000000000000 ) ;
#2333 = ORIENTED_EDGE ( 'NONE', *, *, #3514, .T. ) ;
#2334 = EDGE_CURVE ( 'NONE', #6633, #5616, #654, .T. ) ;
#2335 = AXIS2_PLACEMENT_3D ( 'NONE', #7662, #6525, #1840 ) ;
#2336 = DIRECTION ( 'NONE',  ( 0.000000000000000000, 0.000000000000000000, -1.000000000000000000 ) ) ;
#2337 = LINE ( 'NONE', #6200, #1808 ) ;
#2338 = DIRECTION ( 'NONE',  ( -1.000000000000000000, 0.000000000000000000, 0.000000000000000000 ) ) ;
#2339 = ORIENTED_EDGE ( 'NONE', *, *, #7051, .T. ) ;
#2340 = DIRECTION ( 'NONE',  ( -1.000000000000000000, 0.000000000000000000, 0.000000000000000000 ) ) ;
#2341 = CARTESIAN_POINT ( 'NONE',  ( -2.100000000000000089, -11.96000000000000796, 2.100000000000000089 ) ) ;
#2342 = DIRECTION ( 'NONE',  ( 0.000000000000000000, 0.000000000000000000, -1.000000000000000000 ) ) ;
#2343 = AXIS2_PLACEMENT_3D ( 'NONE', #2424, #6850, #7575 ) ;
#2344 = VECTOR ( 'NONE', #1370, 1000.000000000000000 ) ;
#2345 = AXIS2_PLACEMENT_3D ( 'NONE', #3037, #4384, #4928 ) ;
#2346 = AXIS2_PLACEMENT_3D ( 'NONE', #2362, #4295, #6863 ) ;
#2347 = ORIENTED_EDGE ( 'NONE', *, *, #4982, .T. ) ;
#2348 = ORIENTED_EDGE ( 'NONE', *, *, #1014, .T. ) ;
#2349 = AXIS2_PLACEMENT_3D ( 'NONE', #6876, #1146, #4356 ) ;
#2350 = VERTEX_POINT ( 'NONE', #5119 ) ;
#2351 = CARTESIAN_POINT ( 'NONE',  ( -0.7500000000000000000, -7.560000000000000497, 1.800000000000000711 ) ) ;
#2352 = PLANE ( 'NONE',  #3555 ) ;
#2353 = CARTESIAN_POINT ( 'NONE',  ( -16.40834325234228430, 21.92455496882227806, -5.349999999999998757 ) ) ;
#2354 = VECTOR ( 'NONE', #487, 1000.000000000000000 ) ;
#2355 = CARTESIAN_POINT ( 'NONE',  ( -0.7967663502707693635, 15.19999999999999751, -0.8947000102205834304 ) ) ;
#2356 = LINE ( 'NONE', #8128, #2879 ) ;
#2357 = DIRECTION ( 'NONE',  ( 1.085300408096357451E-16, 1.000000000000000000, 0.000000000000000000 ) ) ;
#2358 = VERTEX_POINT ( 'NONE', #8363 ) ;
#2359 = EDGE_CURVE ( 'NONE', #3562, #2507, #3148, .T. ) ;
#2360 = ADVANCED_FACE ( 'NONE', ( #4493 ), #7142, .T. ) ;
#2361 = LINE ( 'NONE', #2954, #2030 ) ;
#2362 = CARTESIAN_POINT ( 'NONE',  ( -1.734723475976807094E-15, 0.4500000000000040079, 2.100000000000000089 ) ) ;
#2363 = DIRECTION ( 'NONE',  ( 1.000000000000000000, 0.000000000000000000, 0.000000000000000000 ) ) ;
#2364 = PLANE ( 'NONE',  #327 ) ;
#2365 = VERTEX_POINT ( 'NONE', #739 ) ;
#2366 = VERTEX_POINT ( 'NONE', #2511 ) ;
#2367 = DIRECTION ( 'NONE',  ( -0.000000000000000000, -0.000000000000000000, -1.000000000000000000 ) ) ;
#2368 = DIRECTION ( 'NONE',  ( 0.000000000000000000, 0.000000000000000000, -1.000000000000000000 ) ) ;
#2369 = LINE ( 'NONE', #4223, #1540 ) ;
#2370 = ORIENTED_EDGE ( 'NONE', *, *, #5207, .T. ) ;
#2371 = ORIENTED_EDGE ( 'NONE', *, *, #6421, .T. ) ;
#2372 = DIRECTION ( 'NONE',  ( 0.000000000000000000, -1.000000000000000000, 0.000000000000000000 ) ) ;
#2373 = VERTEX_POINT ( 'NONE', #3310 ) ;
#2374 = CARTESIAN_POINT ( 'NONE',  ( -4.400000000000002132, -5.950000000000000178, 0.000000000000000000 ) ) ;
#2375 = ORIENTED_EDGE ( 'NONE', *, *, #4289, .T. ) ;
#2376 = DIRECTION ( 'NONE',  ( -0.000000000000000000, -0.000000000000000000, -1.000000000000000000 ) ) ;
#2377 = DIRECTION ( 'NONE',  ( -1.000000000000000000, -2.282530889443169980E-16, 0.000000000000000000 ) ) ;
#2378 = ORIENTED_EDGE ( 'NONE', *, *, #7356, .T. ) ;
#2379 = ORIENTED_EDGE ( 'NONE', *, *, #648, .F. ) ;
#2380 = DIRECTION ( 'NONE',  ( -1.000000000000000000, 0.000000000000000000, 0.000000000000000000 ) ) ;
#2381 = CARTESIAN_POINT ( 'NONE',  ( -3.000000000000001776, -3.750000000000000000, 5.599999999999999645 ) ) ;
#2382 = CARTESIAN_POINT ( 'NONE',  ( -15.68937042237545931, 38.44353571423245342, -5.350000000000003197 ) ) ;
#2383 = DIRECTION ( 'NONE',  ( 0.000000000000000000, 0.000000000000000000, 1.000000000000000000 ) ) ;
#2384 = ORIENTED_EDGE ( 'NONE', *, *, #3081, .T. ) ;
#2385 = CARTESIAN_POINT ( 'NONE',  ( 4.399999999999998579, -5.149999999999998579, 5.000000000000000000 ) ) ;
#2386 = CARTESIAN_POINT ( 'NONE',  ( -8.559538653604832348, 24.84349069516604658, -7.349999999999988098 ) ) ;
#2387 = EDGE_CURVE ( 'NONE', #203, #5901, #5085, .T. ) ;
#2388 = EDGE_CURVE ( 'NONE', #4303, #1180, #7878, .T. ) ;
#2389 = VERTEX_POINT ( 'NONE', #4069 ) ;
#2390 = ORIENTED_EDGE ( 'NONE', *, *, #5286, .T. ) ;
#2391 = ORIENTED_EDGE ( 'NONE', *, *, #1779, .T. ) ;
#2392 = PLANE ( 'NONE',  #7604 ) ;
#2393 = LINE ( 'NONE', #4963, #7464 ) ;
#2394 = CARTESIAN_POINT ( 'NONE',  ( -16.13937042237545327, 27.59353571423245555, -4.900000000000003020 ) ) ;
#2395 = DIRECTION ( 'NONE',  ( 0.000000000000000000, 0.000000000000000000, 1.000000000000000000 ) ) ;
#2396 = FACE_OUTER_BOUND ( 'NONE', #4503, .T. ) ;
#2397 = LINE ( 'NONE', #5799, #3406 ) ;
#2398 = EDGE_CURVE ( 'NONE', #3001, #7740, #4782, .T. ) ;
#2399 = DIRECTION ( 'NONE',  ( 0.000000000000000000, 0.000000000000000000, 1.000000000000000000 ) ) ;
#2400 = CARTESIAN_POINT ( 'NONE',  ( -17.33937042237545612, 38.09353571423245910, 0.4500000000000001221 ) ) ;
#2401 = VERTEX_POINT ( 'NONE', #7351 ) ;
#2402 = ADVANCED_FACE ( 'NONE', ( #3348 ), #4667, .F. ) ;
#2403 = DIRECTION ( 'NONE',  ( -0.000000000000000000, -0.000000000000000000, -1.000000000000000000 ) ) ;
#2404 = CARTESIAN_POINT ( 'NONE',  ( 2.291287847475519612, 1.204102022459407187E-13, 1.000000000000116351 ) ) ;
#2405 = DIRECTION ( 'NONE',  ( 0.4450259648305218141, 0.8955176662839562374, 0.000000000000000000 ) ) ;
#2406 = ORIENTED_EDGE ( 'NONE', *, *, #7492, .F. ) ;
#2407 = FACE_OUTER_BOUND ( 'NONE', #5788, .T. ) ;
#2408 = ORIENTED_EDGE ( 'NONE', *, *, #6698, .T. ) ;
#2409 = DIRECTION ( 'NONE',  ( -0.8987940462991663715, -0.4383711467890785696, -0.000000000000000000 ) ) ;
#2410 = EDGE_CURVE ( 'NONE', #2994, #633, #6561, .T. ) ;
#2411 = EDGE_CURVE ( 'NONE', #817, #7642, #8115, .T. ) ;
#2412 = LINE ( 'NONE', #6806, #7290 ) ;
#2413 = FACE_OUTER_BOUND ( 'NONE', #1534, .T. ) ;
#2414 = DIRECTION ( 'NONE',  ( 0.000000000000000000, 0.000000000000000000, 1.000000000000000000 ) ) ;
#2415 = ORIENTED_EDGE ( 'NONE', *, *, #8176, .F. ) ;
#2416 = VECTOR ( 'NONE', #3865, 1000.000000000000000 ) ;
#2417 = ORIENTED_EDGE ( 'NONE', *, *, #7049, .T. ) ;
#2418 = DIRECTION ( 'NONE',  ( 0.000000000000000000, 0.000000000000000000, 1.000000000000000000 ) ) ;
#2419 = VERTEX_POINT ( 'NONE', #248 ) ;
#2420 = CARTESIAN_POINT ( 'NONE',  ( -25.23937042237544048, 38.09353571423245910, 0.4500000000000001221 ) ) ;
#2421 = CARTESIAN_POINT ( 'NONE',  ( 0.000000000000000000, 15.19999999999999751, -0.5047000102205828620 ) ) ;
#2422 = ORIENTED_EDGE ( 'NONE', *, *, #7985, .F. ) ;
#2423 = LINE ( 'NONE', #6301, #1761 ) ;
#2424 = CARTESIAN_POINT ( 'NONE',  ( -17.33937042237545256, 29.99353571423246123, -4.900000000000003020 ) ) ;
#2425 = ORIENTED_EDGE ( 'NONE', *, *, #3235, .F. ) ;
#2426 = AXIS2_PLACEMENT_3D ( 'NONE', #1806, #2395, #7455 ) ;
#2427 = ORIENTED_EDGE ( 'NONE', *, *, #3901, .F. ) ;
#2428 = ORIENTED_EDGE ( 'NONE', *, *, #2322, .T. ) ;
#2429 = CARTESIAN_POINT ( 'NONE',  ( 3.399999999999998579, 0.9500000000000038414, 0.000000000000000000 ) ) ;
#2430 = DIRECTION ( 'NONE',  ( -3.197646960325912517E-16, 1.000000000000000000, 0.000000000000000000 ) ) ;
#2431 = AXIS2_PLACEMENT_3D ( 'NONE', #6279, #3121, #4254 ) ;
#2432 = EDGE_CURVE ( 'NONE', #1853, #2800, #214, .T. ) ;
#2433 = CARTESIAN_POINT ( 'NONE',  ( -2.598076211353317344, 13.50000000000000000, 1.499999999999999112 ) ) ;
#2434 = CARTESIAN_POINT ( 'NONE',  ( -16.13937042237545683, 38.44353571423245342, 0.4500000000000001221 ) ) ;
#2435 = DIRECTION ( 'NONE',  ( 0.000000000000000000, 0.000000000000000000, -1.000000000000000000 ) ) ;
#2436 = ORIENTED_EDGE ( 'NONE', *, *, #7509, .F. ) ;
#2437 = CARTESIAN_POINT ( 'NONE',  ( -1.749999999999999778, -7.560000000000002274, 2.100000000000000089 ) ) ;
#2438 = CYLINDRICAL_SURFACE ( 'NONE', #3679, 1.500000000000004885 ) ;
#2439 = ADVANCED_FACE ( 'NONE', ( #7188 ), #1411, .T. ) ;
#2440 = CARTESIAN_POINT ( 'NONE',  ( -15.68937042237545576, 23.89353571423246336, -8.800000000000000711 ) ) ;
#2441 = ORIENTED_EDGE ( 'NONE', *, *, #5016, .T. ) ;
#2442 = DIRECTION ( 'NONE',  ( 0.000000000000000000, 0.000000000000000000, -1.000000000000000000 ) ) ;
#2443 = CYLINDRICAL_SURFACE ( 'NONE', #7861, 0.4000000000000010214 ) ;
#2444 = CARTESIAN_POINT ( 'NONE',  ( -16.40834325234228430, 21.92455496882227806, -7.349999999999987210 ) ) ;
#2445 = ORIENTED_EDGE ( 'NONE', *, *, #5758, .F. ) ;
#2446 = EDGE_CURVE ( 'NONE', #5237, #5, #5712, .T. ) ;
#2447 = DIRECTION ( 'NONE',  ( -1.000000000000000000, 0.000000000000000000, 0.000000000000000000 ) ) ;
#2448 = ORIENTED_EDGE ( 'NONE', *, *, #1506, .F. ) ;
#2449 = PRODUCT_DEFINITION_FORMATION_WITH_SPECIFIED_SOURCE ( 'ANY', '', #8206, .NOT_KNOWN. ) ;
#2450 = DIRECTION ( 'NONE',  ( 1.541976423090495476E-14, 1.065645045353142775E-30, 1.000000000000000000 ) ) ;
#2451 = ORIENTED_EDGE ( 'NONE', *, *, #1687, .T. ) ;
#2452 = DIRECTION ( 'NONE',  ( -1.000000000000000000, 0.000000000000000000, 0.000000000000000000 ) ) ;
#2453 = CIRCLE ( 'NONE', #7173, 0.6500000000000000222 ) ;
#2454 = CARTESIAN_POINT ( 'NONE',  ( -3.000000000000001776, -3.750000000000000000, 5.000000000000000000 ) ) ;
#2455 = LINE ( 'NONE', #564, #5974 ) ;
#2456 = AXIS2_PLACEMENT_3D ( 'NONE', #4972, #4473, #6991 ) ;
#2457 = ADVANCED_FACE ( 'NONE', ( #3990 ), #774, .F. ) ;
#2458 = ADVANCED_FACE ( 'NONE', ( #7941 ), #2888, .F. ) ;
#2459 = ORIENTED_EDGE ( 'NONE', *, *, #5823, .F. ) ;
#2460 = AXIS2_PLACEMENT_3D ( 'NONE', #6505, #5946, #243 ) ;
#2461 = ORIENTED_EDGE ( 'NONE', *, *, #5907, .T. ) ;
#2462 = ORIENTED_EDGE ( 'NONE', *, *, #5449, .F. ) ;
#2463 = CARTESIAN_POINT ( 'NONE',  ( -25.23937042237544404, 6.850160573313611773E-15, -4.400000000000004796 ) ) ;
#2464 = DIRECTION ( 'NONE',  ( 0.4067366430757998197, 0.000000000000000000, -0.9135454576426010886 ) ) ;
#2465 = VECTOR ( 'NONE', #5322, 1000.000000000000000 ) ;
#2466 = ORIENTED_EDGE ( 'NONE', *, *, #5364, .T. ) ;
#2467 = CARTESIAN_POINT ( 'NONE',  ( 0.4999999999999980571, -0.6408712114635676249, 0.5000000000000000000 ) ) ;
#2468 = DIRECTION ( 'NONE',  ( -0.000000000000000000, -0.000000000000000000, -1.000000000000000000 ) ) ;
#2469 = VECTOR ( 'NONE', #1126, 1000.000000000000114 ) ;
#2470 = AXIS2_PLACEMENT_3D ( 'NONE', #7768, #112, #3416 ) ;
#2471 = EDGE_LOOP ( 'NONE', ( #7305, #2428, #1447, #838, #7761, #3609, #4372, #154, #5963 ) ) ;
#2472 = VECTOR ( 'NONE', #4083, 1000.000000000000000 ) ;
#2473 = EDGE_CURVE ( 'NONE', #1783, #6072, #7306, .T. ) ;
#2474 = ORIENTED_EDGE ( 'NONE', *, *, #2232, .T. ) ;
#2475 = ORIENTED_EDGE ( 'NONE', *, *, #8338, .T. ) ;
#2476 = DIRECTION ( 'NONE',  ( -0.000000000000000000, -0.000000000000000000, -1.000000000000000000 ) ) ;
#2477 = CIRCLE ( 'NONE', #5834, 0.4000000000000010214 ) ;
#2478 = LINE ( 'NONE', #7112, #588 ) ;
#2479 = AXIS2_PLACEMENT_3D ( 'NONE', #2381, #2971, #485 ) ;
#2480 = LINE ( 'NONE', #1842, #7310 ) ;
#2481 = PLANE ( 'NONE',  #2426 ) ;
#2482 = DIRECTION ( 'NONE',  ( -0.000000000000000000, -1.000000000000000000, -0.000000000000000000 ) ) ;
#2483 = CIRCLE ( 'NONE', #5180, 1.199999999999963762 ) ;
#2484 = CARTESIAN_POINT ( 'NONE',  ( -0.4999999999999997780, 15.89999999999999680, 0.000000000000000000 ) ) ;
#2485 = VECTOR ( 'NONE', #1558, 1000.000000000000000 ) ;
#2486 = EDGE_LOOP ( 'NONE', ( #2296, #180, #7900, #6150, #5125, #3004, #6919, #1253 ) ) ;
#2487 = VECTOR ( 'NONE', #6007, 1000.000000000000000 ) ;
#2488 = ADVANCED_FACE ( 'NONE', ( #5282 ), #7231, .F. ) ;
#2489 = AXIS2_PLACEMENT_3D ( 'NONE', #738, #3309, #5989 ) ;
#2490 = CARTESIAN_POINT ( 'NONE',  ( 4.399999999999998579, -4.200000000000000178, 5.000000000000000000 ) ) ;
#2491 = DIRECTION ( 'NONE',  ( 1.000000000000000000, 0.000000000000000000, 0.000000000000000000 ) ) ;
#2492 = DIRECTION ( 'NONE',  ( 0.000000000000000000, -1.000000000000000000, 0.000000000000000000 ) ) ;
#2493 = ORIENTED_EDGE ( 'NONE', *, *, #4566, .T. ) ;
#2494 = ORIENTED_EDGE ( 'NONE', *, *, #7823, .T. ) ;
#2495 = DIRECTION ( 'NONE',  ( 0.000000000000000000, -1.000000000000000000, 0.000000000000000000 ) ) ;
#2496 = VECTOR ( 'NONE', #506, 1000.000000000000000 ) ;
#2497 = FACE_OUTER_BOUND ( 'NONE', #7151, .T. ) ;
#2498 = ORIENTED_EDGE ( 'NONE', *, *, #5215, .F. ) ;
#2499 = EDGE_CURVE ( 'NONE', #962, #1315, #2204, .T. ) ;
#2500 = EDGE_CURVE ( 'NONE', #7702, #423, #1532, .T. ) ;
#2501 = PLANE ( 'NONE',  #6175 ) ;
#2502 = ORIENTED_EDGE ( 'NONE', *, *, #8338, .F. ) ;
#2503 = LINE ( 'NONE', #5075, #7323 ) ;
#2504 = CARTESIAN_POINT ( 'NONE',  ( -1.370000000000000329, 13.50000000000000000, 3.352688591713894439 ) ) ;
#2505 = DIRECTION ( 'NONE',  ( -1.000000000000000000, 0.000000000000000000, 0.000000000000000000 ) ) ;
#2506 = ORIENTED_EDGE ( 'NONE', *, *, #176, .T. ) ;
#2507 = VERTEX_POINT ( 'NONE', #2089 ) ;
#2508 = FILL_AREA_STYLE ('',( #1104 ) ) ;
#2509 = EDGE_LOOP ( 'NONE', ( #8343, #6087 ) ) ;
#2510 = DIRECTION ( 'NONE',  ( 0.000000000000000000, -1.000000000000000000, 0.000000000000000000 ) ) ;
#2511 = CARTESIAN_POINT ( 'NONE',  ( -24.38937042237543906, 29.69353571423244986, 0.000000000000000000 ) ) ;
#2512 = EDGE_LOOP ( 'NONE', ( #6851, #6131, #8025, #777, #790, #5408, #4143, #3896 ) ) ;
#2513 = DIRECTION ( 'NONE',  ( -0.000000000000000000, -1.000000000000000000, -0.000000000000000000 ) ) ;
#2514 = ADVANCED_FACE ( 'NONE', ( #294 ), #4117, .T. ) ;
#2515 = EDGE_CURVE ( 'NONE', #472, #6562, #810, .T. ) ;
#2516 = ORIENTED_EDGE ( 'NONE', *, *, #8048, .F. ) ;
#2517 = VERTEX_POINT ( 'NONE', #3437 ) ;
#2518 = VERTEX_POINT ( 'NONE', #5999 ) ;
#2519 = DIRECTION ( 'NONE',  ( 0.000000000000000000, 0.000000000000000000, 1.000000000000000000 ) ) ;
#2520 = PLANE ( 'NONE',  #6531 ) ;
#2521 = CARTESIAN_POINT ( 'NONE',  ( -3.500000000000001776, 0.4500000000000044520, 1.800000000000000488 ) ) ;
#2522 = DIRECTION ( 'NONE',  ( 0.000000000000000000, 0.000000000000000000, 1.000000000000000000 ) ) ;
#2523 = EDGE_CURVE ( 'NONE', #962, #1832, #7982, .T. ) ;
#2524 = FACE_OUTER_BOUND ( 'NONE', #1327, .T. ) ;
#2525 = PLANE ( 'NONE',  #6217 ) ;
#2526 = EDGE_CURVE ( 'NONE', #7387, #3086, #8192, .T. ) ;
#2527 = ORIENTED_EDGE ( 'NONE', *, *, #4211, .T. ) ;
#2528 = CARTESIAN_POINT ( 'NONE',  ( 0.7499999999999997780, -5.950000000000000178, 1.800000000000000266 ) ) ;
#2529 = LINE ( 'NONE', #6826, #3839 ) ;
#2530 = CARTESIAN_POINT ( 'NONE',  ( 4.099999999999997868, 0.4500000000000040079, 5.000000000000000000 ) ) ;
#2531 = ORIENTED_EDGE ( 'NONE', *, *, #2265, .T. ) ;
#2532 = LINE ( 'NONE', #2570, #1509 ) ;
#2533 = CARTESIAN_POINT ( 'NONE',  ( -16.04467252779191355, 21.19274697494674697, -7.349999999999988098 ) ) ;
#2534 = DIRECTION ( 'NONE',  ( -0.000000000000000000, -1.000000000000000000, -0.000000000000000000 ) ) ;
#2535 = ORIENTED_EDGE ( 'NONE', *, *, #734, .T. ) ;
#2536 = CARTESIAN_POINT ( 'NONE',  ( 0.4499999999999982903, -3.625230054855794304, 2.500000000000000000 ) ) ;
#2537 = CARTESIAN_POINT ( 'NONE',  ( -1.891663167769254583, 13.89999999999999858, 3.353223890482886826 ) ) ;
#2538 = EDGE_CURVE ( 'NONE', #4068, #5400, #7480, .T. ) ;
#2539 = ADVANCED_FACE ( 'NONE', ( #418 ), #6290, .F. ) ;
#2540 = CARTESIAN_POINT ( 'NONE',  ( -1.900000000000001910, 5.100000000000004086, 0.1000000000000000056 ) ) ;
#2541 = DIRECTION ( 'NONE',  ( 2.282530889443169980E-16, -1.000000000000000000, 0.000000000000000000 ) ) ;
#2542 = ORIENTED_EDGE ( 'NONE', *, *, #4296, .F. ) ;
#2543 = CARTESIAN_POINT ( 'NONE',  ( -2.100000000000000089, -7.560000000000002274, 2.100000000000000089 ) ) ;
#2544 = ORIENTED_EDGE ( 'NONE', *, *, #8083, .F. ) ;
#2545 = LINE ( 'NONE', #5084, #3170 ) ;
#2546 = LINE ( 'NONE', #5830, #5958 ) ;
#2547 = ORIENTED_EDGE ( 'NONE', *, *, #5386, .T. ) ;
#2548 = EDGE_CURVE ( 'NONE', #7011, #5459, #7470, .T. ) ;
#2549 = DIRECTION ( 'NONE',  ( 0.000000000000000000, 0.000000000000000000, -1.000000000000000000 ) ) ;
#2550 = VERTEX_POINT ( 'NONE', #4309 ) ;
#2551 = ORIENTED_EDGE ( 'NONE', *, *, #1279, .F. ) ;
#2552 = EDGE_CURVE ( 'NONE', #2223, #7874, #376, .T. ) ;
#2553 = ORIENTED_EDGE ( 'NONE', *, *, #2564, .F. ) ;
#2554 = DIRECTION ( 'NONE',  ( 1.000000000000000000, -2.282530889443169980E-16, 0.000000000000000000 ) ) ;
#2555 = PLANE ( 'NONE',  #2306 ) ;
#2556 = LINE ( 'NONE', #1243, #2612 ) ;
#2557 = CARTESIAN_POINT ( 'NONE',  ( 0.000000000000000000, -0.05202383709185157135, 0.000000000000000000 ) ) ;
#2558 = LINE ( 'NONE', #7792, #2295 ) ;
#2559 = CARTESIAN_POINT ( 'NONE',  ( 2.999999999999998224, 4.650000000000004796, 5.599999999999999645 ) ) ;
#2560 = CARTESIAN_POINT ( 'NONE',  ( -24.95407293565520135, 21.85027710540992629, -5.349999999999920597 ) ) ;
#2561 = CARTESIAN_POINT ( 'NONE',  ( 2.999999999999998224, -3.750000000000000000, 5.599999999999999645 ) ) ;
#2562 = ORIENTED_EDGE ( 'NONE', *, *, #339, .F. ) ;
#2563 = EDGE_CURVE ( 'NONE', #5239, #4397, #7069, .T. ) ;
#2564 = EDGE_CURVE ( 'NONE', #4689, #2507, #3434, .T. ) ;
#2565 = CARTESIAN_POINT ( 'NONE',  ( 1.097644678823669562, 15.89999999999999680, -0.5047000102205828620 ) ) ;
#2566 = DIRECTION ( 'NONE',  ( -0.000000000000000000, -1.000000000000000000, -0.000000000000000000 ) ) ;
#2567 = DIRECTION ( 'NONE',  ( 0.7660444431189794567, 0.6427876096865376976, 0.000000000000000000 ) ) ;
#2568 = AXIS2_PLACEMENT_3D ( 'NONE', #4093, #7287, #4803 ) ;
#2569 = CARTESIAN_POINT ( 'NONE',  ( -25.36502030285407017, 20.09524132667336715, -6.349999999999914380 ) ) ;
#2570 = CARTESIAN_POINT ( 'NONE',  ( 7.347880794884120229E-17, 18.19999999999999574, 0.6000000000000001998 ) ) ;
#2571 = PLANE ( 'NONE',  #2330 ) ;
#2572 = CARTESIAN_POINT ( 'NONE',  ( -22.98937042237544048, 29.69353571423244986, 0.4500000000000001221 ) ) ;
#2573 = ORIENTED_EDGE ( 'NONE', *, *, #7066, .F. ) ;
#2574 = AXIS2_PLACEMENT_3D ( 'NONE', #7277, #2781, #7833 ) ;
#2575 = MANIFOLD_SOLID_BREP ( 'Body-Move/Copy1[3]', #5405 ) ;
#2576 = ADVANCED_FACE ( 'NONE', ( #7388 ), #4819, .T. ) ;
#2577 = DIRECTION ( 'NONE',  ( 0.000000000000000000, 0.000000000000000000, 1.000000000000000000 ) ) ;
#2578 = DIRECTION ( 'NONE',  ( 1.541976423090495476E-14, 1.065645045353142775E-30, 1.000000000000000000 ) ) ;
#2579 = VECTOR ( 'NONE', #2376, 1000.000000000000000 ) ;
#2580 = LINE ( 'NONE', #4444, #3149 ) ;
#2581 = LINE ( 'NONE', #5155, #7313 ) ;
#2582 = EDGE_CURVE ( 'NONE', #6723, #6411, #7519, .T. ) ;
#2583 = COLOUR_RGB ( '',0.7921568627450980005, 0.8196078431372548767, 0.9333333333333333481 ) ;
#2584 = VERTEX_POINT ( 'NONE', #5571 ) ;
#2585 = DIRECTION ( 'NONE',  ( 1.000000000000000000, 0.000000000000000000, 0.000000000000000000 ) ) ;
#2586 = ORIENTED_EDGE ( 'NONE', *, *, #365, .T. ) ;
#2587 = CARTESIAN_POINT ( 'NONE',  ( -15.68937042237545576, 24.39353571423245626, -8.100000000000001421 ) ) ;
#2588 = DIRECTION ( 'NONE',  ( -1.000000000000000000, 0.000000000000000000, 0.000000000000000000 ) ) ;
#2589 = AXIS2_PLACEMENT_3D ( 'NONE', #7803, #5895, #3334 ) ;
#2590 = VERTEX_POINT ( 'NONE', #341 ) ;
#2591 = CARTESIAN_POINT ( 'NONE',  ( -17.68937042237545398, 29.69353571423244986, 0.4500000000000001221 ) ) ;
#2592 = AXIS2_PLACEMENT_3D ( 'NONE', #1681, #3538, #7506 ) ;
#2593 = ORIENTED_EDGE ( 'NONE', *, *, #3213, .F. ) ;
#2594 = AXIS2_PLACEMENT_3D ( 'NONE', #7886, #4642, #3875 ) ;
#2595 = EDGE_CURVE ( 'NONE', #3186, #2277, #4904, .T. ) ;
#2596 = ORIENTED_EDGE ( 'NONE', *, *, #895, .T. ) ;
#2597 = EDGE_CURVE ( 'NONE', #5619, #5537, #299, .T. ) ;
#2598 = AXIS2_PLACEMENT_3D ( 'NONE', #3667, #6224, #3046 ) ;
#2599 = ORIENTED_EDGE ( 'NONE', *, *, #6354, .F. ) ;
#2600 = DIRECTION ( 'NONE',  ( -0.000000000000000000, -0.000000000000000000, -1.000000000000000000 ) ) ;
#2601 = DIRECTION ( 'NONE',  ( 0.000000000000000000, 0.000000000000000000, -1.000000000000000000 ) ) ;
#2602 = LINE ( 'NONE', #6436, #7194 ) ;
#2603 = DIRECTION ( 'NONE',  ( 0.000000000000000000, -1.000000000000000000, -1.334402673828314079E-16 ) ) ;
#2604 = FACE_OUTER_BOUND ( 'NONE', #4070, .T. ) ;
#2605 = VECTOR ( 'NONE', #7863, 1000.000000000000000 ) ;
#2606 = AXIS2_PLACEMENT_3D ( 'NONE', #6412, #2495, #5104 ) ;
#2607 = DIRECTION ( 'NONE',  ( -1.000000000000000000, 0.000000000000000000, 0.000000000000000000 ) ) ;
#2608 = DIRECTION ( 'NONE',  ( 0.000000000000000000, 1.000000000000000000, 0.000000000000000000 ) ) ;
#2609 = VECTOR ( 'NONE', #956, 1000.000000000000000 ) ;
#2610 = ORIENTED_EDGE ( 'NONE', *, *, #4538, .T. ) ;
#2611 = VECTOR ( 'NONE', #6417, 1000.000000000000000 ) ;
#2612 = VECTOR ( 'NONE', #3159, 1000.000000000000000 ) ;
#2613 = LINE ( 'NONE', #7798, #4501 ) ;
#2614 = CARTESIAN_POINT ( 'NONE',  ( 0.000000000000000000, 13.89999999999999858, -3.850000000000000089 ) ) ;
#2615 = CIRCLE ( 'NONE', #3693, 3.500000000000000000 ) ;
#2616 = CIRCLE ( 'NONE', #855, 0.1999999999999994282 ) ;
#2617 = DIRECTION ( 'NONE',  ( 0.001026138167772244888, 0.000000000000000000, 0.9999994735200917750 ) ) ;
#2618 = DIRECTION ( 'NONE',  ( 1.000000000000000000, 2.282530889443169980E-16, 0.000000000000000000 ) ) ;
#2619 = VECTOR ( 'NONE', #1924, 1000.000000000000000 ) ;
#2620 = AXIS2_PLACEMENT_3D ( 'NONE', #7917, #4706, #7362 ) ;
#2621 = CARTESIAN_POINT ( 'NONE',  ( 0.4999999999999981681, -0.6408712114635676249, 0.000000000000000000 ) ) ;
#2622 = EDGE_CURVE ( 'NONE', #4073, #3639, #3057, .T. ) ;
#2623 = ADVANCED_FACE ( 'NONE', ( #3302 ), #3252, .T. ) ;
#2624 = ORIENTED_EDGE ( 'NONE', *, *, #4857, .F. ) ;
#2625 = AXIS2_PLACEMENT_3D ( 'NONE', #4078, #5921, #3320 ) ;
#2626 = AXIS2_PLACEMENT_3D ( 'NONE', #3620, #6177, #5552 ) ;
#2627 = CARTESIAN_POINT ( 'NONE',  ( -17.68937042237545043, 38.09353571423245910, 0.4500000000000001221 ) ) ;
#2628 = AXIS2_PLACEMENT_3D ( 'NONE', #1361, #2588, #7819 ) ;
#2629 = DIRECTION ( 'NONE',  ( -2.282530889443169980E-16, 1.000000000000000000, 0.000000000000000000 ) ) ;
#2630 = CONICAL_SURFACE ( 'NONE', #5448, 2.999999999985902832, 0.7853981633974482790 ) ;
#2631 = ORIENTED_EDGE ( 'NONE', *, *, #4516, .T. ) ;
#2632 = DIRECTION ( 'NONE',  ( 0.000000000000000000, 0.000000000000000000, 1.000000000000000000 ) ) ;
#2633 = DIRECTION ( 'NONE',  ( 1.000000000000000000, 2.282530889443169980E-16, 0.000000000000000000 ) ) ;
#2634 = EDGE_CURVE ( 'NONE', #4284, #5852, #7728, .T. ) ;
#2635 = EDGE_LOOP ( 'NONE', ( #3418, #7840 ) ) ;
#2636 = ORIENTED_EDGE ( 'NONE', *, *, #4725, .T. ) ;
#2637 = DIRECTION ( 'NONE',  ( 0.000000000000000000, 1.000000000000000000, 0.000000000000000000 ) ) ;
#2638 = LINE ( 'NONE', #6340, #7312 ) ;
#2639 =( BOUNDED_CURVE ( )  B_SPLINE_CURVE ( 3, ( #6725, #6040, #6646, #259 ),
 .UNSPECIFIED., .F., .T. ) 
 B_SPLINE_CURVE_WITH_KNOTS ( ( 4, 4 ),
 ( 2.921256216635231303E-16, 0.1858309531088992439 ),
 .UNSPECIFIED. ) 
 CURVE ( )  GEOMETRIC_REPRESENTATION_ITEM ( )  RATIONAL_B_SPLINE_CURVE ( ( 1.000000000000000000, 0.9971243078549343331, 0.9971243078549343331, 1.000000000000000000 ) ) 
 REPRESENTATION_ITEM ( '' )  );
#2640 = ORIENTED_EDGE ( 'NONE', *, *, #7098, .F. ) ;
#2641 = CARTESIAN_POINT ( 'NONE',  ( -3.000000000000001776, 4.650000000000003908, 5.000000000000000000 ) ) ;
#2642 = CARTESIAN_POINT ( 'NONE',  ( 2.900000000000000355, -7.560000000000000497, 2.100000000000000089 ) ) ;
#2643 = VERTEX_POINT ( 'NONE', #4531 ) ;
#2644 = ORIENTED_EDGE ( 'NONE', *, *, #5234, .F. ) ;
#2645 = ORIENTED_EDGE ( 'NONE', *, *, #6838, .T. ) ;
#2646 = FACE_OUTER_BOUND ( 'NONE', #884, .T. ) ;
#2647 = DIRECTION ( 'NONE',  ( -0.000000000000000000, -0.000000000000000000, -1.000000000000000000 ) ) ;
#2648 = CARTESIAN_POINT ( 'NONE',  ( -3.000000000000001776, -3.750000000000000000, 5.599999999999999645 ) ) ;
#2649 = DIRECTION ( 'NONE',  ( 0.000000000000000000, 1.000000000000000000, 0.000000000000000000 ) ) ;
#2650 = CARTESIAN_POINT ( 'NONE',  ( -1.062518129035794345E-14, 0.4500000000000127232, 0.000000000000000000 ) ) ;
#2651 = LINE ( 'NONE', #7080, #5163 ) ;
#2652 = DIRECTION ( 'NONE',  ( -2.154044051295704582E-16, -0.000000000000000000, -1.000000000000000000 ) ) ;
#2653 = ADVANCED_FACE ( 'NONE', ( #7729 ), #5033, .F. ) ;
#2654 = EDGE_CURVE ( 'NONE', #7796, #4548, #7774, .T. ) ;
#2655 = EDGE_CURVE ( 'NONE', #5950, #6896, #1121, .T. ) ;
#2656 = ORIENTED_EDGE ( 'NONE', *, *, #1930, .F. ) ;
#2657 = ORIENTED_EDGE ( 'NONE', *, *, #6246, .T. ) ;
#2658 = DIRECTION ( 'NONE',  ( -1.000000000000000000, 0.000000000000000000, 0.000000000000000000 ) ) ;
#2659 = CARTESIAN_POINT ( 'NONE',  ( -25.23937042237544048, 29.34353571423245910, -4.400000000000000355 ) ) ;
#2660 = CARTESIAN_POINT ( 'NONE',  ( -2.900000000000000799, -11.96000000000000796, 1.800000000000000711 ) ) ;
#2661 = ADVANCED_FACE ( 'NONE', ( #1952 ), #1224, .T. ) ;
#2662 = DIRECTION ( 'NONE',  ( 0.000000000000000000, 1.000000000000000000, 0.000000000000000000 ) ) ;
#2663 = ORIENTED_EDGE ( 'NONE', *, *, #3834, .T. ) ;
#2664 = LINE ( 'NONE', #1307, #4449 ) ;
#2665 = ADVANCED_FACE ( 'NONE', ( #8320 ), #7094, .F. ) ;
#2666 = VERTEX_POINT ( 'NONE', #2537 ) ;
#2667 = DIRECTION ( 'NONE',  ( 0.000000000000000000, -1.000000000000000000, 0.000000000000000000 ) ) ;
#2668 = LINE ( 'NONE', #2797, #3687 ) ;
#2669 = DIRECTION ( 'NONE',  ( 0.000000000000000000, 0.000000000000000000, -1.000000000000000000 ) ) ;
#2670 = DIRECTION ( 'NONE',  ( 0.000000000000000000, 0.000000000000000000, -1.000000000000000000 ) ) ;
#2671 = ORIENTED_EDGE ( 'NONE', *, *, #2563, .T. ) ;
#2672 = EDGE_CURVE ( 'NONE', #2771, #4381, #36, .T. ) ;
#2673 = ADVANCED_FACE ( 'NONE', ( #644 ), #6964, .T. ) ;
#2674 = CARTESIAN_POINT ( 'NONE',  ( -16.13937042237545327, 28.59353571423246265, -4.400000000000000355 ) ) ;
#2675 = EDGE_LOOP ( 'NONE', ( #4618, #6687, #1750, #678 ) ) ;
#2676 = UNCERTAINTY_MEASURE_WITH_UNIT (LENGTH_MEASURE( 1.000000000000000082E-05 ), #8139, 'distance_accuracy_value', 'NONE');
#2677 = CARTESIAN_POINT ( 'NONE',  ( -0.4499999999999996780, -3.625230054855794304, 2.500000000000000000 ) ) ;
#2678 = ORIENTED_EDGE ( 'NONE', *, *, #5907, .F. ) ;
#2679 = CARTESIAN_POINT ( 'NONE',  ( -1.000000000000000000, 4.426179070414212546, 4.299999999999999822 ) ) ;
#2680 = ORIENTED_EDGE ( 'NONE', *, *, #7808, .T. ) ;
#2681 = EDGE_LOOP ( 'NONE', ( #5714, #7357, #5878, #2693 ) ) ;
#2682 = EDGE_LOOP ( 'NONE', ( #208, #7534, #3098, #1285 ) ) ;
#2683 = ADVANCED_FACE ( 'NONE', ( #5195 ), #3216, .T. ) ;
#2684 = DIRECTION ( 'NONE',  ( 0.000000000000000000, 1.000000000000000000, -8.673617379884043361E-16 ) ) ;
#2685 = DIRECTION ( 'NONE',  ( 0.000000000000000000, 0.000000000000000000, -1.000000000000000000 ) ) ;
#2686 = DIRECTION ( 'NONE',  ( 1.000000000000000000, 0.000000000000000000, 0.000000000000000000 ) ) ;
#2687 = ORIENTED_EDGE ( 'NONE', *, *, #3011, .F. ) ;
#2688 = LINE ( 'NONE', #7243, #7554 ) ;
#2689 = DIRECTION ( 'NONE',  ( 0.000000000000000000, 0.000000000000000000, 1.000000000000000000 ) ) ;
#2690 = FILL_AREA_STYLE ('',( #5887 ) ) ;
#2691 = LINE ( 'NONE', #6576, #4884 ) ;
#2692 = VERTEX_POINT ( 'NONE', #1989 ) ;
#2693 = ORIENTED_EDGE ( 'NONE', *, *, #7985, .T. ) ;
#2694 = CARTESIAN_POINT ( 'NONE',  ( -1.479999999999999982, 15.89999999999999680, 1.200000000000000178 ) ) ;
#2695 = EDGE_CURVE ( 'NONE', #5098, #5089, #3135, .T. ) ;
#2696 = CARTESIAN_POINT ( 'NONE',  ( -25.28937042237545185, 8.086647845966487297E-15, 0.4500000000000010103 ) ) ;
#2697 = VECTOR ( 'NONE', #8015, 1000.000000000000000 ) ;
#2698 = CONTEXT_DEPENDENT_SHAPE_REPRESENTATION ( #453, #3227 ) ;
#2699 = LINE ( 'NONE', #7765, #4987 ) ;
#2700 = DIRECTION ( 'NONE',  ( -1.000000000000000000, 0.000000000000000000, 0.000000000000000000 ) ) ;
#2701 = CARTESIAN_POINT ( 'NONE',  ( -25.68937042237545043, 6.263023396829152227E-15, -0.4000000000000010214 ) ) ;
#2702 = ORIENTED_EDGE ( 'NONE', *, *, #290, .T. ) ;
#2703 = LINE ( 'NONE', #5270, #1605 ) ;
#2704 = EDGE_CURVE ( 'NONE', #393, #3899, #806, .T. ) ;
#2705 = VECTOR ( 'NONE', #5807, 1000.000000000000000 ) ;
#2706 = ORIENTED_EDGE ( 'NONE', *, *, #6695, .F. ) ;
#2707 = DIRECTION ( 'NONE',  ( -3.197646960325911531E-16, -1.000000000000000000, -0.000000000000000000 ) ) ;
#2708 = CARTESIAN_POINT ( 'NONE',  ( 0.4999999999999982792, -2.050000000000000711, 0.5000000000000000000 ) ) ;
#2709 = DIRECTION ( 'NONE',  ( 0.000000000000000000, -1.000000000000000000, 0.000000000000000000 ) ) ;
#2710 = LINE ( 'NONE', #5396, #853 ) ;
#2711 = AXIS2_PLACEMENT_3D ( 'NONE', #7401, #1111, #1703 ) ;
#2712 = ORIENTED_EDGE ( 'NONE', *, *, #858, .F. ) ;
#2713 = CIRCLE ( 'NONE', #7019, 0.7999999999999999334 ) ;
#2714 = CARTESIAN_POINT ( 'NONE',  ( -16.13937042237545327, 27.59353571423245555, -4.400000000000000355 ) ) ;
#2715 = ORIENTED_EDGE ( 'NONE', *, *, #1239, .F. ) ;
#2716 = DIRECTION ( 'NONE',  ( -1.000000000000000000, 0.000000000000000000, 0.000000000000000000 ) ) ;
#2717 = VERTEX_POINT ( 'NONE', #7132 ) ;
#2718 = CARTESIAN_POINT ( 'NONE',  ( 3.261177379365211237, 15.19999999999999751, -0.5047000102205828620 ) ) ;
#2719 = DIRECTION ( 'NONE',  ( 1.000000000000000000, 0.000000000000000000, 0.000000000000000000 ) ) ;
#2720 = EDGE_CURVE ( 'NONE', #48, #2158, #1348, .T. ) ;
#2721 = EDGE_CURVE ( 'NONE', #7624, #2218, #2503, .T. ) ;
#2722 = AXIS2_PLACEMENT_3D ( 'NONE', #1409, #1281, #5280 ) ;
#2723 = ORIENTED_EDGE ( 'NONE', *, *, #1048, .F. ) ;
#2724 = ORIENTED_EDGE ( 'NONE', *, *, #3465, .F. ) ;
#2725 = VECTOR ( 'NONE', #3494, 1000.000000000000000 ) ;
#2726 = VERTEX_POINT ( 'NONE', #3182 ) ;
#2727 = APPLICATION_CONTEXT ( 'automotive_design' ) ;
#2728 = CARTESIAN_POINT ( 'NONE',  ( 2.999999999999998224, -3.750000000000000000, 5.000000000000000000 ) ) ;
#2729 = DIRECTION ( 'NONE',  ( -0.000000000000000000, -0.000000000000000000, -1.000000000000000000 ) ) ;
#2730 = DIRECTION ( 'NONE',  ( -1.000000000000000000, 0.000000000000000000, 0.000000000000000000 ) ) ;
#2731 = DIRECTION ( 'NONE',  ( -1.000000000000000000, 0.000000000000000000, 0.000000000000000000 ) ) ;
#2732 = ORIENTED_EDGE ( 'NONE', *, *, #6892, .T. ) ;
#2733 = AXIS2_PLACEMENT_3D ( 'NONE', #461, #1937, #8312 ) ;
#2734 = CARTESIAN_POINT ( 'NONE',  ( -2.350000000000001865, -3.750000000000000000, 5.599999999999999645 ) ) ;
#2735 = DIRECTION ( 'NONE',  ( -1.000000000000000000, 0.000000000000000000, 0.000000000000000000 ) ) ;
#2736 = CARTESIAN_POINT ( 'NONE',  ( -0.7967663502707696965, 16.69999999999999574, 1.716269817073340895E-16 ) ) ;
#2737 = AXIS2_PLACEMENT_3D ( 'NONE', #874, #2908, #3451 ) ;
#2738 = EDGE_CURVE ( 'NONE', #7073, #6507, #5735, .T. ) ;
#2739 = EDGE_LOOP ( 'NONE', ( #5650, #7935, #1451, #2333 ) ) ;
#2740 = VERTEX_POINT ( 'NONE', #7934 ) ;
#2741 = CARTESIAN_POINT ( 'NONE',  ( -0.5000000000000017764, 1.540871211463575863, 0.000000000000000000 ) ) ;
#2742 = CIRCLE ( 'NONE', #3007, 0.4000000000000000777 ) ;
#2743 = FACE_OUTER_BOUND ( 'NONE', #3373, .T. ) ;
#2744 = LINE ( 'NONE', #6020, #1212 ) ;
#2745 = VECTOR ( 'NONE', #6027, 1000.000000000000000 ) ;
#2746 = DIRECTION ( 'NONE',  ( -1.000000000000000000, 0.000000000000000000, 0.000000000000000000 ) ) ;
#2747 = FACE_OUTER_BOUND ( 'NONE', #3287, .T. ) ;
#2748 = ORIENTED_EDGE ( 'NONE', *, *, #745, .T. ) ;
#2749 = VECTOR ( 'NONE', #6981, 1000.000000000000000 ) ;
#2750 = PRESENTATION_LAYER_ASSIGNMENT (  '', '', ( #590 ) ) ;
#2751 = DIRECTION ( 'NONE',  ( -1.000000000000000000, 1.495451272393799049E-16, 0.000000000000000000 ) ) ;
#2752 = VECTOR ( 'NONE', #2820, 1000.000000000000000 ) ;
#2753 = ORIENTED_EDGE ( 'NONE', *, *, #2778, .T. ) ;
#2754 = AXIS2_PLACEMENT_3D ( 'NONE', #265, #5416, #3570 ) ;
#2755 = CARTESIAN_POINT ( 'NONE',  ( -24.55407293565522764, 21.85027710540992629, -7.349999999999926814 ) ) ;
#2756 = AXIS2_PLACEMENT_3D ( 'NONE', #4745, #2217, #4793 ) ;
#2757 = LINE ( 'NONE', #5903, #2465 ) ;
#2758 = CARTESIAN_POINT ( 'NONE',  ( 0.000000000000000000, 15.19999999999999751, 0.000000000000000000 ) ) ;
#2759 = AXIS2_PLACEMENT_3D ( 'NONE', #6364, #5105, #7721 ) ;
#2760 = DIRECTION ( 'NONE',  ( 0.000000000000000000, -1.000000000000000000, 0.000000000000000000 ) ) ;
#2761 = ADVANCED_FACE ( 'NONE', ( #842 ), #6675, .T. ) ;
#2762 = AXIS2_PLACEMENT_3D ( 'NONE', #6946, #2299, #6272 ) ;
#2763 = EDGE_CURVE ( 'NONE', #3552, #3526, #5319, .T. ) ;
#2764 = VECTOR ( 'NONE', #7908, 1000.000000000000000 ) ;
#2765 = ORIENTED_EDGE ( 'NONE', *, *, #5841, .F. ) ;
#2766 = VECTOR ( 'NONE', #2939, 1000.000000000000000 ) ;
#2767 = DIRECTION ( 'NONE',  ( 1.000000000000000000, -3.197646960325911531E-16, 0.000000000000000000 ) ) ;
#2768 = ORIENTED_EDGE ( 'NONE', *, *, #5570, .T. ) ;
#2769 = LINE ( 'NONE', #1733, #1357 ) ;
#2770 = CARTESIAN_POINT ( 'NONE',  ( -0.9762697651501760499, 13.89999999999999858, 3.152284464583363199 ) ) ;
#2771 = VERTEX_POINT ( 'NONE', #4883 ) ;
#2772 = ORIENTED_EDGE ( 'NONE', *, *, #253, .F. ) ;
#2773 = ORIENTED_EDGE ( 'NONE', *, *, #6033, .F. ) ;
#2774 = LINE ( 'NONE', #5964, #3664 ) ;
#2775 = LINE ( 'NONE', #135, #3824 ) ;
#2776 = FACE_OUTER_BOUND ( 'NONE', #4080, .T. ) ;
#2777 = CYLINDRICAL_SURFACE ( 'NONE', #4376, 0.6999999999999992895 ) ;
#2778 = EDGE_CURVE ( 'NONE', #1647, #6470, #207, .T. ) ;
#2779 = EDGE_CURVE ( 'NONE', #2128, #3186, #5230, .T. ) ;
#2780 = ORIENTED_EDGE ( 'NONE', *, *, #7847, .F. ) ;
#2781 = DIRECTION ( 'NONE',  ( 0.000000000000000000, 1.000000000000000000, 0.000000000000000000 ) ) ;
#2782 = CARTESIAN_POINT ( 'NONE',  ( -4.400000000000002132, -5.150000000000000355, 0.000000000000000000 ) ) ;
#2783 = DIRECTION ( 'NONE',  ( 0.000000000000000000, 0.000000000000000000, 1.000000000000000000 ) ) ;
#2784 = EDGE_LOOP ( 'NONE', ( #4455, #2260 ) ) ;
#2785 = ORIENTED_EDGE ( 'NONE', *, *, #6500, .F. ) ;
#2786 = DIRECTION ( 'NONE',  ( -1.224646799147353207E-16, 1.530185951018755410E-29, 1.000000000000000000 ) ) ;
#2787 = EDGE_CURVE ( 'NONE', #8065, #5892, #4640, .T. ) ;
#2788 = EDGE_CURVE ( 'NONE', #1057, #3146, #115, .T. ) ;
#2789 = DIRECTION ( 'NONE',  ( -1.000000000000000000, 0.000000000000000000, 0.000000000000000000 ) ) ;
#2790 = CARTESIAN_POINT ( 'NONE',  ( 0.7500000000000002220, -7.560000000000000497, 1.800000000000000266 ) ) ;
#2791 = DIRECTION ( 'NONE',  ( -1.000000000000000000, 0.000000000000000000, 0.000000000000000000 ) ) ;
#2792 = ORIENTED_EDGE ( 'NONE', *, *, #8119, .F. ) ;
#2793 = CARTESIAN_POINT ( 'NONE',  ( -24.92664915606494702, 20.99403537297251532, -6.349999999999920597 ) ) ;
#2794 = LINE ( 'NONE', #3584, #4781 ) ;
#2795 = VERTEX_POINT ( 'NONE', #2796 ) ;
#2796 = CARTESIAN_POINT ( 'NONE',  ( -0.7967663502707700296, 15.89999999999999680, -1.604700010220583728 ) ) ;
#2797 = CARTESIAN_POINT ( 'NONE',  ( -1.900000000000001910, 5.100000000000004086, 0.1000000000000000056 ) ) ;
#2798 = DIRECTION ( 'NONE',  ( -1.156482317317869240E-14, 1.000000000000000000, -1.671814187836139556E-29 ) ) ;
#2799 = CARTESIAN_POINT ( 'NONE',  ( -25.77144432910365524, 30.64353571423245626, -5.350000000000003197 ) ) ;
#2800 = VERTEX_POINT ( 'NONE', #883 ) ;
#2801 = EDGE_CURVE ( 'NONE', #863, #4323, #5299, .T. ) ;
#2802 = EDGE_LOOP ( 'NONE', ( #3736, #106, #4176, #8326 ) ) ;
#2803 = DIRECTION ( 'NONE',  ( -0.7071067811865443531, -0.7071067811865506814, 0.000000000000000000 ) ) ;
#2804 = ORIENTED_EDGE ( 'NONE', *, *, #4672, .T. ) ;
#2805 = CARTESIAN_POINT ( 'NONE',  ( 0.000000000000000000, 13.89999999999999858, 0.000000000000000000 ) ) ;
#2806 = ORIENTED_EDGE ( 'NONE', *, *, #7191, .F. ) ;
#2807 = EDGE_LOOP ( 'NONE', ( #547, #3068 ) ) ;
#2808 = EDGE_CURVE ( 'NONE', #6211, #7978, #3378, .T. ) ;
#2809 = DIRECTION ( 'NONE',  ( 0.000000000000000000, 1.000000000000000000, 0.000000000000000000 ) ) ;
#2810 = CARTESIAN_POINT ( 'NONE',  ( -0.5000000000000019984, 1.540871211463575863, 0.5000000000000000000 ) ) ;
#2811 = LINE ( 'NONE', #5966, #4775 ) ;
#2812 = LINE ( 'NONE', #7995, #7869 ) ;
#2813 = ORIENTED_EDGE ( 'NONE', *, *, #276, .F. ) ;
#2814 = PLANE ( 'NONE',  #5660 ) ;
#2815 = DIRECTION ( 'NONE',  ( 0.000000000000000000, 0.000000000000000000, -1.000000000000000000 ) ) ;
#2816 = CARTESIAN_POINT ( 'NONE',  ( -16.01372054189694438, 20.09524132667336005, -6.349999999999987210 ) ) ;
#2817 = EDGE_LOOP ( 'NONE', ( #3710, #3700, #17, #1463, #5986 ) ) ;
#2818 = ADVANCED_FACE ( 'NONE', ( #240 ), #7258, .F. ) ;
#2819 = ORIENTED_EDGE ( 'NONE', *, *, #3235, .T. ) ;
#2820 = DIRECTION ( 'NONE',  ( -1.000000000000000000, -4.064344109622261663E-48, 3.045815321968685843E-32 ) ) ;
#2821 = CARTESIAN_POINT ( 'NONE',  ( -1.342230922150143391, 15.89999999999999680, -3.014700010220582538 ) ) ;
#2822 = DIRECTION ( 'NONE',  ( 0.000000000000000000, 0.000000000000000000, -1.000000000000000000 ) ) ;
#2823 = CARTESIAN_POINT ( 'NONE',  ( -15.68937042237545576, 29.34353571423245555, -5.350000000000003197 ) ) ;
#2824 = EDGE_CURVE ( 'NONE', #1052, #2326, #2830, .T. ) ;
#2825 = ADVANCED_FACE ( 'NONE', ( #1474 ), #5352, .F. ) ;
#2826 = AXIS2_PLACEMENT_3D ( 'NONE', #2591, #7106, #3900 ) ;
#2827 = CARTESIAN_POINT ( 'NONE',  ( -3.650000000000001688, 4.650000000000003908, 5.000000000000000000 ) ) ;
#2828 = CARTESIAN_POINT ( 'NONE',  ( -17.63937042237544617, 33.89353571423244205, 1.449999999999999956 ) ) ;
#2829 = ORIENTED_EDGE ( 'NONE', *, *, #5860, .T. ) ;
#2830 = LINE ( 'NONE', #5391, #719 ) ;
#2831 = ORIENTED_EDGE ( 'NONE', *, *, #5956, .T. ) ;
#2832 = FACE_OUTER_BOUND ( 'NONE', #478, .T. ) ;
#2833 = LINE ( 'NONE', #5232, #3142 ) ;
#2834 = PLANE ( 'NONE',  #1392 ) ;
#2835 = DIRECTION ( 'NONE',  ( -0.000000000000000000, -0.000000000000000000, -1.000000000000000000 ) ) ;
#2836 = ORIENTED_EDGE ( 'NONE', *, *, #5747, .T. ) ;
#2837 = EDGE_CURVE ( 'NONE', #6755, #7352, #2304, .T. ) ;
#2838 = CIRCLE ( 'NONE', #685, 0.6999999999999992895 ) ;
#2839 = VERTEX_POINT ( 'NONE', #5943 ) ;
#2840 = CARTESIAN_POINT ( 'NONE',  ( -25.78144432910365325, 24.39353571423245270, -5.299999999999999822 ) ) ;
#2841 = ORIENTED_EDGE ( 'NONE', *, *, #6814, .T. ) ;
#2842 = VECTOR ( 'NONE', #7157, 1000.000000000000000 ) ;
#2843 = PLANE ( 'NONE',  #827 ) ;
#2844 = CARTESIAN_POINT ( 'NONE',  ( -0.5000000000000029976, -2.050000000000001155, 0.5000000000000000000 ) ) ;
#2845 = EDGE_CURVE ( 'NONE', #4397, #5239, #5971, .T. ) ;
#2846 = VECTOR ( 'NONE', #6849, 1000.000000000000000 ) ;
#2847 = ORIENTED_EDGE ( 'NONE', *, *, #6526, .T. ) ;
#2848 = VERTEX_POINT ( 'NONE', #4609 ) ;
#2849 = LINE ( 'NONE', #7359, #7707 ) ;
#2850 = CARTESIAN_POINT ( 'NONE',  ( -1.479999999999999982, 16.69999999999999574, 0.8499999999999999778 ) ) ;
#2851 = DIRECTION ( 'NONE',  ( -0.000000000000000000, -1.000000000000000000, -0.000000000000000000 ) ) ;
#2852 = DIRECTION ( 'NONE',  ( -1.000000000000000000, 0.000000000000000000, 0.000000000000000000 ) ) ;
#2853 = ORIENTED_EDGE ( 'NONE', *, *, #712, .T. ) ;
#2854 = FACE_OUTER_BOUND ( 'NONE', #4273, .T. ) ;
#2855 = DIRECTION ( 'NONE',  ( 0.000000000000000000, 0.000000000000000000, -1.000000000000000000 ) ) ;
#2856 = CARTESIAN_POINT ( 'NONE',  ( 0.4999999999999987232, 2.950000000000003286, 0.000000000000000000 ) ) ;
#2857 = CARTESIAN_POINT ( 'NONE',  ( -25.68937042237544333, 27.59353571423245910, -4.400000000000000355 ) ) ;
#2858 = AXIS2_PLACEMENT_3D ( 'NONE', #5452, #3558, #4311 ) ;
#2859 = EDGE_CURVE ( 'NONE', #8252, #4872, #7176, .T. ) ;
#2860 = EDGE_CURVE ( 'NONE', #4284, #2863, #159, .T. ) ;
#2861 = VERTEX_POINT ( 'NONE', #4250 ) ;
#2862 = VECTOR ( 'NONE', #1677, 1000.000000000000000 ) ;
#2863 = VERTEX_POINT ( 'NONE', #6553 ) ;
#2864 = CARTESIAN_POINT ( 'NONE',  ( 1.898540922494819760, 13.89999999999999858, 3.349334615354595979 ) ) ;
#2865 =( GEOMETRIC_REPRESENTATION_CONTEXT ( 3 ) GLOBAL_UNCERTAINTY_ASSIGNED_CONTEXT ( ( #652 ) ) GLOBAL_UNIT_ASSIGNED_CONTEXT ( ( #6004, #7395, #977 ) ) REPRESENTATION_CONTEXT ( 'NONE', 'WORKASPACE' ) );
#2866 = CARTESIAN_POINT ( 'NONE',  ( -25.23937042237544404, 37.14353571423244205, -4.900000000000003020 ) ) ;
#2867 = AXIS2_PLACEMENT_3D ( 'NONE', #913, #7288, #4251 ) ;
#2868 = DIRECTION ( 'NONE',  ( 0.000000000000000000, 0.000000000000000000, 1.000000000000000000 ) ) ;
#2869 = ORIENTED_EDGE ( 'NONE', *, *, #3181, .T. ) ;
#2870 = VECTOR ( 'NONE', #4468, 1000.000000000000000 ) ;
#2871 = LINE ( 'NONE', #328, #4047 ) ;
#2872 = VECTOR ( 'NONE', #7794, 1000.000000000000000 ) ;
#2873 = DIRECTION ( 'NONE',  ( 0.000000000000000000, 0.000000000000000000, -1.000000000000000000 ) ) ;
#2874 = ORIENTED_EDGE ( 'NONE', *, *, #5488, .T. ) ;
#2875 = ADVANCED_FACE ( 'N', ( #1441 ), #4020, .T. ) ;
#2876 = VERTEX_POINT ( 'NONE', #4388 ) ;
#2877 = ADVANCED_FACE ( 'NONE', ( #499 ), #3079, .F. ) ;
#2878 = CARTESIAN_POINT ( 'NONE',  ( -0.4000000000000000222, -7.560000000000000497, 1.800000000000000711 ) ) ;
#2879 = VECTOR ( 'NONE', #8174, 1000.000000000000000 ) ;
#2880 = TOROIDAL_SURFACE ( 'NONE', #1926, 0.1500000000000000777, 0.1999999999999993727 ) ;
#2881 = CARTESIAN_POINT ( 'NONE',  ( 2.900000000000000799, 0.000000000000000000, 1.800000000000000266 ) ) ;
#2882 = CARTESIAN_POINT ( 'NONE',  ( 4.099999999999997868, 0.4500000000000040079, 2.500000000000000000 ) ) ;
#2883 = ORIENTED_EDGE ( 'NONE', *, *, #2300, .T. ) ;
#2884 = AXIS2_PLACEMENT_3D ( 'NONE', #7311, #1536, #1488 ) ;
#2885 = ORIENTED_EDGE ( 'NONE', *, *, #1954, .F. ) ;
#2886 = VECTOR ( 'NONE', #5668, 1000.000000000000000 ) ;
#2887 = VECTOR ( 'NONE', #3786, 1000.000000000000000 ) ;
#2888 = PLANE ( 'NONE',  #5157 ) ;
#2889 = CIRCLE ( 'NONE', #2210, 0.4000000000000010214 ) ;
#2890 = ORIENTED_EDGE ( 'NONE', *, *, #5207, .F. ) ;
#2891 = EDGE_CURVE ( 'NONE', #7642, #2366, #6950, .T. ) ;
#2892 = AXIS2_PLACEMENT_3D ( 'NONE', #5310, #4801, #6738 ) ;
#2893 = CARTESIAN_POINT ( 'NONE',  ( -1.900000000000001910, -2.700000000000000622, 0.1000000000000000056 ) ) ;
#2894 = AXIS2_PLACEMENT_3D ( 'NONE', #528, #4456, #8330 ) ;
#2895 = VECTOR ( 'NONE', #349, 1000.000000000000000 ) ;
#2896 = VECTOR ( 'NONE', #4845, 1000.000000000000000 ) ;
#2897 = ORIENTED_EDGE ( 'NONE', *, *, #7342, .T. ) ;
#2898 = ORIENTED_EDGE ( 'NONE', *, *, #2410, .F. ) ;
#2899 = DIRECTION ( 'NONE',  ( 0.000000000000000000, 0.000000000000000000, -1.000000000000000000 ) ) ;
#2900 = CARTESIAN_POINT ( 'NONE',  ( -24.59455531713556553, 21.67492864669429764, -7.349999999999925926 ) ) ;
#2901 = DIRECTION ( 'NONE',  ( 0.000000000000000000, 0.000000000000000000, 1.000000000000000000 ) ) ;
#2902 = LINE ( 'NONE', #307, #319 ) ;
#2903 = ORIENTED_EDGE ( 'NONE', *, *, #5196, .T. ) ;
#2904 = CARTESIAN_POINT ( 'NONE',  ( -25.23937042237556128, 22.89353571423245270, -7.349999999999917044 ) ) ;
#2905 = DIRECTION ( 'NONE',  ( 3.197646960325912517E-16, -1.000000000000000000, 0.000000000000000000 ) ) ;
#2906 = EDGE_CURVE ( 'NONE', #2936, #2839, #7584, .T. ) ;
#2907 = CIRCLE ( 'NONE', #6929, 0.6500000000000012434 ) ;
#2908 = DIRECTION ( 'NONE',  ( 0.000000000000000000, -1.000000000000000000, 0.000000000000000000 ) ) ;
#2909 = ORIENTED_EDGE ( 'NONE', *, *, #642, .F. ) ;
#2910 = ORIENTED_EDGE ( 'NONE', *, *, #68, .F. ) ;
#2911 = LINE ( 'NONE', #4168, #5435 ) ;
#2912 = CARTESIAN_POINT ( 'NONE',  ( 1.250000000000000222, 13.50000000000000000, 3.150000003002861870 ) ) ;
#2913 = DIRECTION ( 'NONE',  ( 0.000000000000000000, -2.891205793294675467E-15, -1.000000000000000000 ) ) ;
#2914 = ADVANCED_FACE ( 'NONE', ( #2396 ), #8257, .F. ) ;
#2915 = EDGE_CURVE ( 'NONE', #936, #7283, #2356, .T. ) ;
#2916 = CARTESIAN_POINT ( 'NONE',  ( -1.749999999999999778, -7.560000000000002274, 1.800000000000000266 ) ) ;
#2917 = FACE_OUTER_BOUND ( 'NONE', #6335, .T. ) ;
#2918 = DIRECTION ( 'NONE',  ( 1.000000000000000000, 0.000000000000000000, 0.000000000000000000 ) ) ;
#2919 = ADVANCED_FACE ( 'NONE', ( #7540 ), #3163, .F. ) ;
#2920 = CARTESIAN_POINT ( 'NONE',  ( -25.68937042237545043, 3.198345255936803545E-15, -5.349999999999987210 ) ) ;
#2921 = EDGE_LOOP ( 'NONE', ( #5021, #4225 ) ) ;
#2922 = ORIENTED_EDGE ( 'NONE', *, *, #5303, .F. ) ;
#2923 = CARTESIAN_POINT ( 'NONE',  ( -4.400000000000002132, 3.600000000000004086, 0.000000000000000000 ) ) ;
#2924 = LINE ( 'NONE', #4261, #5691 ) ;
#2925 = CARTESIAN_POINT ( 'NONE',  ( 2.349999999999998312, -3.750000000000000000, 5.599999999999999645 ) ) ;
#2926 = ORIENTED_EDGE ( 'NONE', *, *, #4983, .T. ) ;
#2927 = VERTEX_POINT ( 'NONE', #2986 ) ;
#2928 = EDGE_CURVE ( 'NONE', #1059, #6235, #3614, .T. ) ;
#2929 = ORIENTED_EDGE ( 'NONE', *, *, #4025, .F. ) ;
#2930 = CARTESIAN_POINT ( 'NONE',  ( -17.68937042237545398, 29.69353571423244986, 0.4500000000000001221 ) ) ;
#2931 = ORIENTED_EDGE ( 'NONE', *, *, #6641, .T. ) ;
#2932 = LINE ( 'NONE', #5486, #4606 ) ;
#2933 = EDGE_CURVE ( 'NONE', #4068, #3798, #4334, .T. ) ;
#2934 = EDGE_CURVE ( 'NONE', #4316, #5098, #7500, .T. ) ;
#2935 = VERTEX_POINT ( 'NONE', #5721 ) ;
#2936 = VERTEX_POINT ( 'NONE', #1713 ) ;
#2937 = DIRECTION ( 'NONE',  ( 0.000000000000000000, 0.000000000000000000, 1.000000000000000000 ) ) ;
#2938 = CARTESIAN_POINT ( 'NONE',  ( -25.68937042237544333, 23.89353571423246692, -8.800000000000000711 ) ) ;
#2939 = DIRECTION ( 'NONE',  ( -1.000000000000000000, -1.121588454295349533E-16, -0.000000000000000000 ) ) ;
#2940 = DIRECTION ( 'NONE',  ( 0.4067366430758009299, 0.000000000000000000, 0.9135454576426004225 ) ) ;
#2941 = ORIENTED_EDGE ( 'NONE', *, *, #1461, .F. ) ;
#2942 = CARTESIAN_POINT ( 'NONE',  ( 0.000000000000000000, 15.19999999999999751, -2.404700010220583106 ) ) ;
#2943 = CARTESIAN_POINT ( 'NONE',  ( 3.035766082959412415E-15, 0.4500000000000093925, 0.5000000000000000000 ) ) ;
#2944 = VERTEX_POINT ( 'NONE', #4466 ) ;
#2945 = VERTEX_POINT ( 'NONE', #6274 ) ;
#2946 = DIRECTION ( 'NONE',  ( 1.000000000000000000, 0.000000000000000000, 0.000000000000000000 ) ) ;
#2947 = CARTESIAN_POINT ( 'NONE',  ( -15.68937042237545576, 23.89353571423246336, -1.400000000000001021 ) ) ;
#2948 = CARTESIAN_POINT ( 'NONE',  ( -18.38937042237544972, 38.09353571423245910, 0.000000000000000000 ) ) ;
#2949 = LINE ( 'NONE', #4930, #6187 ) ;
#2950 = CARTESIAN_POINT ( 'NONE',  ( 4.399999999999998579, -5.949999999999998401, 5.000000000000000000 ) ) ;
#2951 = ORIENTED_EDGE ( 'NONE', *, *, #3044, .F. ) ;
#2952 = EDGE_CURVE ( 'NONE', #2717, #6287, #538, .T. ) ;
#2953 = PRODUCT ( 'PT01_20D_SHAFT', 'PT01_20D_SHAFT', '', ( #5683 ) ) ;
#2954 = CARTESIAN_POINT ( 'NONE',  ( 4.399999999999998579, -2.700000000000000622, 5.000000000000000000 ) ) ;
#2955 = FACE_OUTER_BOUND ( 'NONE', #6979, .T. ) ;
#2956 = CARTESIAN_POINT ( 'NONE',  ( 2.500000000000000000, 0.000000000000000000, 1.800000000000000266 ) ) ;
#2957 = VERTEX_POINT ( 'NONE', #4428 ) ;
#2958 = ORIENTED_EDGE ( 'NONE', *, *, #1869, .F. ) ;
#2959 = DIRECTION ( 'NONE',  ( -0.000000000000000000, -0.000000000000000000, -1.000000000000000000 ) ) ;
#2960 = DIRECTION ( 'NONE',  ( -1.000000000000000000, 3.197646960325910545E-16, 0.000000000000000000 ) ) ;
#2961 = ORIENTED_EDGE ( 'NONE', *, *, #3930, .F. ) ;
#2962 = EDGE_CURVE ( 'NONE', #854, #414, #6660, .T. ) ;
#2963 = ORIENTED_EDGE ( 'NONE', *, *, #7236, .F. ) ;
#2964 = VERTEX_POINT ( 'NONE', #4291 ) ;
#2965 = CARTESIAN_POINT ( 'NONE',  ( 0.4500000000000000111, -3.020950878361716274, 2.100000000000000089 ) ) ;
#2966 = AXIS2_PLACEMENT_3D ( 'NONE', #4528, #679, #6551 ) ;
#2967 = EDGE_LOOP ( 'NONE', ( #3125, #5219, #3317, #494 ) ) ;
#2968 = LINE ( 'NONE', #1648, #7698 ) ;
#2969 = ORIENTED_EDGE ( 'NONE', *, *, #7838, .F. ) ;
#2970 = ORIENTED_EDGE ( 'NONE', *, *, #6206, .F. ) ;
#2971 = DIRECTION ( 'NONE',  ( -0.000000000000000000, -0.000000000000000000, -1.000000000000000000 ) ) ;
#2972 = CARTESIAN_POINT ( 'NONE',  ( 0.000000000000000000, 13.89999999999999858, 0.000000000000000000 ) ) ;
#2973 = DIRECTION ( 'NONE',  ( -1.000000000000000000, 0.000000000000000000, 0.000000000000000000 ) ) ;
#2974 = ORIENTED_EDGE ( 'NONE', *, *, #2988, .T. ) ;
#2975 = FACE_BOUND ( 'NONE', #1556, .T. ) ;
#2976 = CARTESIAN_POINT ( 'NONE',  ( -25.68937042237544333, 23.89353571423246692, -0.4000000000000010214 ) ) ;
#2977 = AXIS2_PLACEMENT_3D ( 'NONE', #5139, #1934, #4598 ) ;
#2978 = ADVANCED_FACE ( 'N', ( #1206 ), #6857, .T. ) ;
#2979 = EDGE_CURVE ( 'NONE', #1416, #6211, #5095, .T. ) ;
#2980 = VECTOR ( 'NONE', #64, 1000.000000000000000 ) ;
#2981 = ORIENTED_EDGE ( 'NONE', *, *, #1964, .F. ) ;
#2982 = ORIENTED_EDGE ( 'NONE', *, *, #7017, .F. ) ;
#2983 = LINE ( 'NONE', #6777, #7866 ) ;
#2984 = DIRECTION ( 'NONE',  ( -1.000000000000000000, 0.000000000000000000, 0.000000000000000000 ) ) ;
#2985 = CYLINDRICAL_SURFACE ( 'NONE', #6612, 3.850000000000000089 ) ;
#2986 = CARTESIAN_POINT ( 'NONE',  ( -1.900000000000001910, 5.100000000000004086, 0.000000000000000000 ) ) ;
#2987 = CARTESIAN_POINT ( 'NONE',  ( -0.5000000000000027756, -0.6408712114635669588, 0.5000000000000000000 ) ) ;
#2988 = EDGE_CURVE ( 'NONE', #2740, #5320, #7026, .T. ) ;
#2989 = COLOUR_RGB ( '',0.7921568627450980005, 0.8196078431372548767, 0.9333333333333333481 ) ;
#2990 = LINE ( 'NONE', #4970, #1217 ) ;
#2991 = CARTESIAN_POINT ( 'NONE',  ( 0.000000000000000000, 0.000000000000000000, 0.000000000000000000 ) ) ;
#2992 = FACE_OUTER_BOUND ( 'NONE', #1565, .T. ) ;
#2993 = ORIENTED_EDGE ( 'NONE', *, *, #6381, .F. ) ;
#2994 = VERTEX_POINT ( 'NONE', #397 ) ;
#2995 = AXIS2_PLACEMENT_3D ( 'NONE', #3938, #736, #3308 ) ;
#2996 = DIRECTION ( 'NONE',  ( 3.197646960325911531E-16, 1.000000000000000000, 0.000000000000000000 ) ) ;
#2997 = PLANE ( 'NONE',  #1248 ) ;
#2998 = CARTESIAN_POINT ( 'NONE',  ( -1.089941313553887126, -0.05202383709185200156, 0.5000000000000000000 ) ) ;
#2999 = ORIENTED_EDGE ( 'NONE', *, *, #6510, .T. ) ;
#3000 = AXIS2_PLACEMENT_3D ( 'NONE', #8259, #7542, #1076 ) ;
#3001 = VERTEX_POINT ( 'NONE', #1075 ) ;
#3002 = VECTOR ( 'NONE', #4755, 1000.000000000000000 ) ;
#3003 = LINE ( 'NONE', #5692, #5242 ) ;
#3004 = ORIENTED_EDGE ( 'NONE', *, *, #5499, .F. ) ;
#3005 = AXIS2_PLACEMENT_3D ( 'NONE', #7879, #2099, #4676 ) ;
#3006 = SURFACE_STYLE_USAGE ( .BOTH. , #6757 ) ;
#3007 = AXIS2_PLACEMENT_3D ( 'NONE', #1277, #8286, #3855 ) ;
#3008 = EDGE_LOOP ( 'NONE', ( #5613, #489, #2106, #4868, #4052, #695 ) ) ;
#3009 = EDGE_CURVE ( 'NONE', #203, #4668, #3660, .T. ) ;
#3010 = CARTESIAN_POINT ( 'NONE',  ( 2.598076211353317344, 13.50000000000000000, 1.499999999999999556 ) ) ;
#3011 = EDGE_CURVE ( 'NONE', #6548, #4718, #725, .T. ) ;
#3012 = AXIS2_PLACEMENT_3D ( 'NONE', #1520, #6555, #1351 ) ;
#3013 = PLANE ( 'NONE',  #7864 ) ;
#3014 = AXIS2_PLACEMENT_3D ( 'NONE', #3248, #5809, #1435 ) ;
#3015 = ORIENTED_EDGE ( 'NONE', *, *, #3966, .F. ) ;
#3016 = VERTEX_POINT ( 'NONE', #8340 ) ;
#3017 = AXIS2_PLACEMENT_3D ( 'NONE', #7536, #1029, #4205 ) ;
#3018 = CARTESIAN_POINT ( 'NONE',  ( -17.98937042237545469, 29.99353571423246123, -4.900000000000003020 ) ) ;
#3019 = CARTESIAN_POINT ( 'NONE',  ( 0.7500000000000001110, -5.950000000000000178, 1.800000000000000266 ) ) ;
#3020 = DIRECTION ( 'NONE',  ( 0.000000000000000000, 0.000000000000000000, 1.000000000000000000 ) ) ;
#3021 = ORIENTED_EDGE ( 'NONE', *, *, #390, .T. ) ;
#3022 = ADVANCED_FACE ( 'NONE', ( #7884 ), #1246, .T. ) ;
#3023 = CARTESIAN_POINT ( 'NONE',  ( 2.600000000000000533, 7.000000000000000000, 1.500000000000000000 ) ) ;
#3024 = CARTESIAN_POINT ( 'NONE',  ( 0.000000000000000000, 16.69999999999999574, 0.000000000000000000 ) ) ;
#3025 = VECTOR ( 'NONE', #7115, 1000.000000000000000 ) ;
#3026 = VECTOR ( 'NONE', #63, 1000.000000000000000 ) ;
#3027 = DIRECTION ( 'NONE',  ( 0.000000000000000000, 0.000000000000000000, -1.000000000000000000 ) ) ;
#3028 = AXIS2_PLACEMENT_3D ( 'NONE', #2947, #1803, #7581 ) ;
#3029 = VECTOR ( 'NONE', #1311, 1000.000000000000000 ) ;
#3030 = ORIENTED_EDGE ( 'NONE', *, *, #1913, .F. ) ;
#3031 = ORIENTED_EDGE ( 'NONE', *, *, #7660, .T. ) ;
#3032 = AXIS2_PLACEMENT_3D ( 'NONE', #7103, #1999, #7784 ) ;
#3033 = EDGE_CURVE ( 'NONE', #4693, #332, #4005, .T. ) ;
#3034 = ORIENTED_EDGE ( 'NONE', *, *, #7857, .F. ) ;
#3035 = EDGE_CURVE ( 'NONE', #4437, #6442, #2055, .T. ) ;
#3036 = FACE_OUTER_BOUND ( 'NONE', #5197, .T. ) ;
#3037 = CARTESIAN_POINT ( 'NONE',  ( -20.68937042237544688, 33.89353571423244205, 0.4500000000000001221 ) ) ;
#3038 = DIRECTION ( 'NONE',  ( -1.000000000000000000, -2.282530889443169980E-16, 0.000000000000000000 ) ) ;
#3039 = DIRECTION ( 'NONE',  ( 0.000000000000000000, 0.000000000000000000, -1.000000000000000000 ) ) ;
#3040 = CARTESIAN_POINT ( 'NONE',  ( -23.68937042237544333, 38.09353571423245910, 0.4500000000000001221 ) ) ;
#3041 = LINE ( 'NONE', #2484, #2318 ) ;
#3042 = ORIENTED_EDGE ( 'NONE', *, *, #2154, .T. ) ;
#3043 = ADVANCED_FACE ( 'NONE', ( #6574 ), #1974, .T. ) ;
#3044 = EDGE_CURVE ( 'NONE', #1317, #1909, #2208, .T. ) ;
#3045 = CARTESIAN_POINT ( 'NONE',  ( -25.68937042237545043, 6.850160573313611773E-15, -4.400000000000004796 ) ) ;
#3046 = DIRECTION ( 'NONE',  ( 0.000000000000000000, 0.000000000000000000, 1.000000000000000000 ) ) ;
#3047 = CYLINDRICAL_SURFACE ( 'NONE', #1638, 0.6500000000000047962 ) ;
#3048 = PLANE ( 'NONE',  #1414 ) ;
#3049 = ORIENTED_EDGE ( 'NONE', *, *, #1730, .F. ) ;
#3050 = CARTESIAN_POINT ( 'NONE',  ( 4.466912950640278268E-14, 0.4500000000000501932, 0.5000000000000000000 ) ) ;
#3051 = DIRECTION ( 'NONE',  ( 0.000000000000000000, -1.000000000000000000, 0.000000000000000000 ) ) ;
#3052 = DIRECTION ( 'NONE',  ( 0.000000000000000000, 0.000000000000000000, -1.000000000000000000 ) ) ;
#3053 = VERTEX_POINT ( 'NONE', #630 ) ;
#3054 = VERTEX_POINT ( 'NONE', #13 ) ;
#3055 = DIRECTION ( 'NONE',  ( 0.000000000000000000, 0.000000000000000000, -1.000000000000000000 ) ) ;
#3056 = ORIENTED_EDGE ( 'NONE', *, *, #1372, .F. ) ;
#3057 = LINE ( 'NONE', #7645, #7184 ) ;
#3058 = ORIENTED_EDGE ( 'NONE', *, *, #6589, .T. ) ;
#3059 = PLANE ( 'NONE',  #3253 ) ;
#3060 = CARTESIAN_POINT ( 'NONE',  ( -16.40834325234228430, 21.92455496882227806, -7.349999999999987210 ) ) ;
#3061 = ADVANCED_FACE ( 'NONE', ( #2604 ), #4553, .F. ) ;
#3062 = ORIENTED_EDGE ( 'NONE', *, *, #8279, .F. ) ;
#3063 = ORIENTED_EDGE ( 'NONE', *, *, #1371, .T. ) ;
#3064 = DIRECTION ( 'NONE',  ( -0.000000000000000000, -0.000000000000000000, -1.000000000000000000 ) ) ;
#3065 = ORIENTED_EDGE ( 'NONE', *, *, #7037, .F. ) ;
#3066 = LINE ( 'NONE', #5457, #996 ) ;
#3067 = FACE_OUTER_BOUND ( 'NONE', #7039, .T. ) ;
#3068 = ORIENTED_EDGE ( 'NONE', *, *, #8, .T. ) ;
#3069 = FACE_OUTER_BOUND ( 'NONE', #4283, .T. ) ;
#3070 = CARTESIAN_POINT ( 'NONE',  ( -16.42466790909578478, 21.85027710540992629, -5.349999999999987210 ) ) ;
#3071 = ORIENTED_EDGE ( 'NONE', *, *, #7177, .T. ) ;
#3072 = ADVANCED_FACE ( 'NONE', ( #7834 ), #5133, .F. ) ;
#3073 = ORIENTED_EDGE ( 'NONE', *, *, #5748, .F. ) ;
#3074 = ORIENTED_EDGE ( 'NONE', *, *, #6823, .F. ) ;
#3075 = LINE ( 'NONE', #5629, #2075 ) ;
#3076 = DIRECTION ( 'NONE',  ( -1.000000000000000000, 0.000000000000000000, 0.000000000000000000 ) ) ;
#3077 = DIRECTION ( 'NONE',  ( 0.000000000000000000, -1.000000000000000000, 0.000000000000000000 ) ) ;
#3078 = FACE_OUTER_BOUND ( 'NONE', #7638, .T. ) ;
#3079 = PLANE ( 'NONE',  #4497 ) ;
#3080 = FACE_OUTER_BOUND ( 'NONE', #7870, .T. ) ;
#3081 = EDGE_CURVE ( 'NONE', #8006, #7426, #7079, .T. ) ;
#3082 = EDGE_LOOP ( 'NONE', ( #4772, #146, #2339, #2150, #5209 ) ) ;
#3083 = LINE ( 'NONE', #1176, #5258 ) ;
#3084 = SHAPE_DEFINITION_REPRESENTATION ( #6392, #1992 ) ;
#3085 = DIRECTION ( 'NONE',  ( 1.000000000000000000, 0.000000000000000000, 0.000000000000000000 ) ) ;
#3086 = VERTEX_POINT ( 'NONE', #5925 ) ;
#3087 = CARTESIAN_POINT ( 'NONE',  ( -15.68937042237545576, 29.34353571423245555, -4.400000000000000355 ) ) ;
#3088 = CARTESIAN_POINT ( 'NONE',  ( -17.33937042237545256, 37.14353571423244915, -6.550000000000000711 ) ) ;
#3089 = EDGE_CURVE ( 'NONE', #1683, #8252, #753, .T. ) ;
#3090 = DIRECTION ( 'NONE',  ( 0.000000000000000000, 0.000000000000000000, 1.000000000000000000 ) ) ;
#3091 = ADVANCED_FACE ( 'NONE', ( #4510 ), #1425, .T. ) ;
#3092 = ORIENTED_EDGE ( 'NONE', *, *, #2176, .F. ) ;
#3093 = DIRECTION ( 'NONE',  ( 1.000000000000000000, 0.000000000000000000, 0.000000000000000000 ) ) ;
#3094 = ORIENTED_EDGE ( 'NONE', *, *, #2787, .F. ) ;
#3095 = FACE_OUTER_BOUND ( 'NONE', #4700, .T. ) ;
#3096 = FACE_OUTER_BOUND ( 'NONE', #1835, .T. ) ;
#3097 = CARTESIAN_POINT ( 'NONE',  ( -0.5000000000000027756, 0.000000000000000000, 0.000000000000000000 ) ) ;
#3098 = ORIENTED_EDGE ( 'NONE', *, *, #7384, .F. ) ;
#3099 = ORIENTED_EDGE ( 'NONE', *, *, #1585, .T. ) ;
#3100 = CARTESIAN_POINT ( 'NONE',  ( 0.000000000000000000, 39.29353571423244773, 0.4500000000000001221 ) ) ;
#3101 = ORIENTED_EDGE ( 'NONE', *, *, #5189, .T. ) ;
#3102 = CARTESIAN_POINT ( 'NONE',  ( -2.500000000000000000, -7.560000000000002274, 1.800000000000000266 ) ) ;
#3103 = CARTESIAN_POINT ( 'NONE',  ( -2.100000000000000089, -1.831784155265234362E-15, 1.800000000000000266 ) ) ;
#3104 = ORIENTED_EDGE ( 'NONE', *, *, #3546, .T. ) ;
#3105 = DIRECTION ( 'NONE',  ( 1.000000000000000000, 1.232047923278981953E-16, 0.000000000000000000 ) ) ;
#3106 = EDGE_CURVE ( 'NONE', #7394, #8218, #3836, .T. ) ;
#3107 = LINE ( 'NONE', #7532, #561 ) ;
#3108 = ORIENTED_EDGE ( 'NONE', *, *, #6549, .T. ) ;
#3109 = AXIS2_PLACEMENT_3D ( 'NONE', #3847, #2066, #1302 ) ;
#3110 = ORIENTED_EDGE ( 'NONE', *, *, #7374, .F. ) ;
#3111 = CARTESIAN_POINT ( 'NONE',  ( -16.98937042237545469, 29.69353571423244986, 0.000000000000000000 ) ) ;
#3112 = CYLINDRICAL_SURFACE ( 'NONE', #5835, 0.4000000000000010214 ) ;
#3113 = LINE ( 'NONE', #6819, #7717 ) ;
#3114 = DIRECTION ( 'NONE',  ( 1.000000000000000000, 0.000000000000000000, 0.000000000000000000 ) ) ;
#3115 = DIRECTION ( 'NONE',  ( -3.197646960325912517E-16, 1.000000000000000000, 0.000000000000000000 ) ) ;
#3116 = FACE_OUTER_BOUND ( 'NONE', #6227, .T. ) ;
#3117 = EDGE_CURVE ( 'NONE', #301, #5744, #3911, .T. ) ;
#3118 = VECTOR ( 'NONE', #6480, 1000.000000000000000 ) ;
#3119 = ADVANCED_FACE ( 'NONE', ( #65, #5298, #5217, #6535, #2102, #3324 ), #102, .F. ) ;
#3120 = ORIENTED_EDGE ( 'NONE', *, *, #8188, .T. ) ;
#3121 = DIRECTION ( 'NONE',  ( 0.000000000000000000, 0.000000000000000000, -1.000000000000000000 ) ) ;
#3122 =( NAMED_UNIT ( * ) PLANE_ANGLE_UNIT ( ) SI_UNIT ( $, .RADIAN. ) );
#3123 = LINE ( 'NONE', #5685, #4594 ) ;
#3124 = ORIENTED_EDGE ( 'NONE', *, *, #1896, .F. ) ;
#3125 = ORIENTED_EDGE ( 'NONE', *, *, #5016, .F. ) ;
#3126 = DIRECTION ( 'NONE',  ( -1.000000000000000000, 3.197646960325928294E-16, 0.000000000000000000 ) ) ;
#3127 = PLANE ( 'NONE',  #7871 ) ;
#3128 = VECTOR ( 'NONE', #2380, 1000.000000000000000 ) ;
#3129 = ORIENTED_EDGE ( 'NONE', *, *, #1004, .F. ) ;
#3130 = VECTOR ( 'NONE', #3457, 1000.000000000000000 ) ;
#3131 = CARTESIAN_POINT ( 'NONE',  ( -0.5000000000000027756, -2.050000000000001155, 0.000000000000000000 ) ) ;
#3132 = EDGE_LOOP ( 'NONE', ( #1517, #4026, #4517, #7529 ) ) ;
#3133 = EDGE_CURVE ( 'NONE', #2419, #7970, #4199, .T. ) ;
#3134 = EDGE_CURVE ( 'NONE', #2590, #6877, #4796, .T. ) ;
#3135 = LINE ( 'NONE', #681, #971 ) ;
#3136 = ORIENTED_EDGE ( 'NONE', *, *, #970, .T. ) ;
#3137 = LINE ( 'NONE', #5697, #3029 ) ;
#3138 = CIRCLE ( 'NONE', #2737, 1.200000000000029932 ) ;
#3139 = DIRECTION ( 'NONE',  ( 0.000000000000000000, 0.000000000000000000, -1.000000000000000000 ) ) ;
#3140 = LINE ( 'NONE', #4446, #2332 ) ;
#3141 = ORIENTED_EDGE ( 'NONE', *, *, #269, .F. ) ;
#3142 = VECTOR ( 'NONE', #163, 1000.000000000000000 ) ;
#3143 = EDGE_LOOP ( 'NONE', ( #5087, #5279, #6365, #4217 ) ) ;
#3144 = EDGE_CURVE ( 'NONE', #5500, #2945, #5175, .T. ) ;
#3145 = SURFACE_SIDE_STYLE ('',( #3738 ) ) ;
#3146 = VERTEX_POINT ( 'NONE', #5461 ) ;
#3147 = CARTESIAN_POINT ( 'NONE',  ( -15.68937042237545576, 29.34353571423245555, 0.4500000000000001221 ) ) ;
#3148 = LINE ( 'NONE', #5709, #2323 ) ;
#3149 = VECTOR ( 'NONE', #1149, 1000.000000000000000 ) ;
#3150 = EDGE_LOOP ( 'NONE', ( #2910, #263, #6341, #122, #407 ) ) ;
#3151 = CARTESIAN_POINT ( 'NONE',  ( -15.68937042237545576, 28.59353571423246265, -4.400000000000000355 ) ) ;
#3152 = AXIS2_PLACEMENT_3D ( 'NONE', #1274, #6501, #5816 ) ;
#3153 = AXIS2_PLACEMENT_3D ( 'NONE', #5754, #5056, #6944 ) ;
#3154 = ORIENTED_EDGE ( 'NONE', *, *, #7622, .F. ) ;
#3155 = VECTOR ( 'NONE', #2377, 1000.000000000000000 ) ;
#3156 = ORIENTED_EDGE ( 'NONE', *, *, #5932, .F. ) ;
#3157 = ORIENTED_EDGE ( 'NONE', *, *, #8318, .F. ) ;
#3158 = VECTOR ( 'NONE', #449, 1000.000000000000000 ) ;
#3159 = DIRECTION ( 'NONE',  ( 1.000000000000000000, 1.495451272393799296E-16, 0.000000000000000000 ) ) ;
#3160 = VECTOR ( 'NONE', #1658, 1000.000000000000000 ) ;
#3161 = DIRECTION ( 'NONE',  ( 0.000000000000000000, 1.000000000000000000, 0.000000000000000000 ) ) ;
#3162 = LINE ( 'NONE', #5216, #940 ) ;
#3163 = PLANE ( 'NONE',  #3959 ) ;
#3164 = VECTOR ( 'NONE', #3090, 1000.000000000000000 ) ;
#3165 = DIRECTION ( 'NONE',  ( -1.000000000000000000, 0.000000000000000000, 0.000000000000000000 ) ) ;
#3166 = AXIS2_PLACEMENT_3D ( 'NONE', #4649, #3208, #3970 ) ;
#3167 = APPLICATION_CONTEXT ( 'automotive_design' ) ;
#3168 = ORIENTED_EDGE ( 'NONE', *, *, #7108, .T. ) ;
#3169 = AXIS2_PLACEMENT_3D ( 'NONE', #8069, #2289, #7442 ) ;
#3170 = VECTOR ( 'NONE', #6387, 1000.000000000000000 ) ;
#3171 = DIRECTION ( 'NONE',  ( 1.000000000000000000, 0.000000000000000000, 0.000000000000000000 ) ) ;
#3172 = ADVANCED_FACE ( 'NONE', ( #938 ), #3523, .T. ) ;
#3173 = CARTESIAN_POINT ( 'NONE',  ( 0.000000000000000000, 0.000000000000000000, 0.000000000000000000 ) ) ;
#3174 = PLANE ( 'NONE',  #2027 ) ;
#3175 = ORIENTED_EDGE ( 'NONE', *, *, #1762, .T. ) ;
#3176 = CYLINDRICAL_SURFACE ( 'NONE', #834, 3.300000000000000266 ) ;
#3177 = DIRECTION ( 'NONE',  ( -0.000000000000000000, -1.000000000000000000, -0.000000000000000000 ) ) ;
#3178 = DIRECTION ( 'NONE',  ( 0.000000000000000000, 0.000000000000000000, 1.000000000000000000 ) ) ;
#3179 = ORIENTED_EDGE ( 'NONE', *, *, #1384, .F. ) ;
#3180 = DIRECTION ( 'NONE',  ( 3.197646960325912517E-16, -1.000000000000000000, 0.000000000000000000 ) ) ;
#3181 = EDGE_CURVE ( 'NONE', #1781, #4955, #1582, .T. ) ;
#3182 = CARTESIAN_POINT ( 'NONE',  ( 2.598076211352133846, 0.5000000000002231548, 1.500000000000222489 ) ) ;
#3183 = CARTESIAN_POINT ( 'NONE',  ( 0.4000000000000006883, 0.000000000000000000, 2.100000000000000089 ) ) ;
#3184 = CARTESIAN_POINT ( 'NONE',  ( -15.68937042237545576, 23.89353571423246336, -1.400000000000001021 ) ) ;
#3185 = EDGE_CURVE ( 'NONE', #5098, #1783, #4748, .T. ) ;
#3186 = VERTEX_POINT ( 'NONE', #2782 ) ;
#3187 = CARTESIAN_POINT ( 'NONE',  ( 0.000000000000000000, -7.560000000000000497, 1.800000000000000266 ) ) ;
#3188 = ORIENTED_EDGE ( 'NONE', *, *, #2059, .T. ) ;
#3189 = DIRECTION ( 'NONE',  ( 0.000000000000000000, 1.000000000000000000, 1.334402673828314818E-16 ) ) ;
#3190 = FACE_OUTER_BOUND ( 'NONE', #4457, .T. ) ;
#3191 = EDGE_LOOP ( 'NONE', ( #4780, #1010, #4623, #7120, #1194 ) ) ;
#3192 = PLANE ( 'NONE',  #6070 ) ;
#3193 = LINE ( 'NONE', #6428, #249 ) ;
#3194 = EDGE_CURVE ( 'NONE', #2800, #6978, #6652, .T. ) ;
#3195 = EDGE_CURVE ( 'NONE', #4978, #2957, #597, .T. ) ;
#3196 = ORIENTED_EDGE ( 'NONE', *, *, #3490, .F. ) ;
#3197 = EDGE_LOOP ( 'NONE', ( #6844, #6422, #5414, #6305 ) ) ;
#3198 = ORIENTED_EDGE ( 'NONE', *, *, #2446, .T. ) ;
#3199 = LINE ( 'NONE', #5293, #4862 ) ;
#3200 = FACE_OUTER_BOUND ( 'NONE', #2681, .T. ) ;
#3201 = LINE ( 'NONE', #3909, #2344 ) ;
#3202 = CARTESIAN_POINT ( 'NONE',  ( 0.01275798393824550958, 15.19999999999999751, 0.008155582768801673127 ) ) ;
#3203 = DIRECTION ( 'NONE',  ( 1.000000000000000000, 0.000000000000000000, 0.000000000000000000 ) ) ;
#3204 = SURFACE_STYLE_FILL_AREA ( #4554 ) ;
#3205 = LINE ( 'NONE', #3838, #7034 ) ;
#3206 = ORIENTED_EDGE ( 'NONE', *, *, #7477, .T. ) ;
#3207 = CARTESIAN_POINT ( 'NONE',  ( -25.28937042237543764, 38.44353571423246052, 0.04999999999999996808 ) ) ;
#3208 = DIRECTION ( 'NONE',  ( 0.000000000000000000, 0.000000000000000000, 1.000000000000000000 ) ) ;
#3209 = CARTESIAN_POINT ( 'NONE',  ( -1.891663167769254139, 13.50000000000000000, 3.353223890482887271 ) ) ;
#3210 = PLANE ( 'NONE',  #4741 ) ;
#3211 = CARTESIAN_POINT ( 'NONE',  ( 3.250000000000001332, -7.560000000000000497, 1.800000000000000711 ) ) ;
#3212 = CARTESIAN_POINT ( 'NONE',  ( 3.599999999999999645, 5.150000000000005684, 0.000000000000000000 ) ) ;
#3213 = EDGE_CURVE ( 'NONE', #393, #3599, #6609, .T. ) ;
#3214 = ORIENTED_EDGE ( 'NONE', *, *, #931, .T. ) ;
#3215 = FACE_OUTER_BOUND ( 'NONE', #4317, .T. ) ;
#3216 = CYLINDRICAL_SURFACE ( 'NONE', #3543, 0.4000000000000001887 ) ;
#3217 = LINE ( 'NONE', #5774, #4357 ) ;
#3218 = ADVANCED_FACE ( 'NONE', ( #5374 ), #8040, .T. ) ;
#3219 = EDGE_LOOP ( 'NONE', ( #1362, #437, #3821, #2000 ) ) ;
#3220 = LINE ( 'NONE', #5870, #3803 ) ;
#3221 = ORIENTED_EDGE ( 'NONE', *, *, #6928, .F. ) ;
#3222 = DIRECTION ( 'NONE',  ( -0.000000000000000000, -0.000000000000000000, -1.000000000000000000 ) ) ;
#3223 = CARTESIAN_POINT ( 'NONE',  ( -25.68937042237544333, 29.34353571423245910, 0.4500000000000001221 ) ) ;
#3224 = ORIENTED_EDGE ( 'NONE', *, *, #3808, .F. ) ;
#3225 = DIRECTION ( 'NONE',  ( -1.000000000000000000, 0.000000000000000000, 0.000000000000000000 ) ) ;
#3226 = CARTESIAN_POINT ( 'NONE',  ( -17.68937042237545398, 29.69353571423244986, 0.000000000000000000 ) ) ;
#3227 = PRODUCT_DEFINITION_SHAPE ( 'NONE', 'NONE',  #8364 ) ;
#3228 = ORIENTED_EDGE ( 'NONE', *, *, #942, .T. ) ;
#3229 = AXIS2_PLACEMENT_3D ( 'NONE', #7092, #1269, #7045 ) ;
#3230 = VERTEX_POINT ( 'NONE', #1498 ) ;
#3231 = ORIENTED_EDGE ( 'NONE', *, *, #6479, .T. ) ;
#3232 = DIRECTION ( 'NONE',  ( 1.000000000000000000, 0.000000000000000000, 0.000000000000000000 ) ) ;
#3233 = DIRECTION ( 'NONE',  ( 0.000000000000000000, 0.000000000000000000, 1.000000000000000000 ) ) ;
#3234 = DIRECTION ( 'NONE',  ( 1.000000000000000000, 0.000000000000000000, 0.000000000000000000 ) ) ;
#3235 = EDGE_CURVE ( 'NONE', #7820, #6167, #7954, .T. ) ;
#3236 = EDGE_CURVE ( 'NONE', #6, #5446, #7322, .T. ) ;
#3237 = DIRECTION ( 'NONE',  ( 0.000000000000000000, 0.000000000000000000, 1.000000000000000000 ) ) ;
#3238 = DIRECTION ( 'NONE',  ( 0.000000000000000000, 1.000000000000000000, 0.000000000000000000 ) ) ;
#3239 = SURFACE_STYLE_USAGE ( .BOTH. , #7835 ) ;
#3240 = FACE_OUTER_BOUND ( 'NONE', #3815, .T. ) ;
#3241 = ORIENTED_EDGE ( 'NONE', *, *, #4337, .T. ) ;
#3242 = DIRECTION ( 'NONE',  ( 0.000000000000000000, -0.7071067811865474617, -0.7071067811865474617 ) ) ;
#3243 = DIRECTION ( 'NONE',  ( 1.000000000000000000, 0.000000000000000000, 0.000000000000000000 ) ) ;
#3244 = EDGE_CURVE ( 'NONE', #2726, #1050, #6714, .T. ) ;
#3245 = AXIS2_PLACEMENT_3D ( 'NONE', #7036, #3332, #3291 ) ;
#3246 = CARTESIAN_POINT ( 'NONE',  ( -1.900000000000001910, -2.700000000000000622, 0.1000000000000000056 ) ) ;
#3247 = DIRECTION ( 'NONE',  ( 0.000000000000000000, 0.000000000000000000, -1.000000000000000000 ) ) ;
#3248 = CARTESIAN_POINT ( 'NONE',  ( 0.000000000000000000, 0.000000000000000000, 2.100000000000000089 ) ) ;
#3249 = ORIENTED_EDGE ( 'NONE', *, *, #1762, .F. ) ;
#3250 = AXIS2_PLACEMENT_3D ( 'NONE', #4882, #1675, #3114 ) ;
#3251 = DIRECTION ( 'NONE',  ( -0.000000000000000000, -0.000000000000000000, -1.000000000000000000 ) ) ;
#3252 = CYLINDRICAL_SURFACE ( 'NONE', #6508, 0.4000000000000010214 ) ;
#3253 = AXIS2_PLACEMENT_3D ( 'NONE', #5522, #1777, #3597 ) ;
#3254 = DIRECTION ( 'NONE',  ( 0.000000000000000000, 1.000000000000000000, 0.000000000000000000 ) ) ;
#3255 = PLANE ( 'NONE',  #1383 ) ;
#3256 = VECTOR ( 'NONE', #6603, 1000.000000000000000 ) ;
#3257 = ORIENTED_EDGE ( 'NONE', *, *, #4043, .F. ) ;
#3258 = EDGE_CURVE ( 'NONE', #3952, #3681, #354, .T. ) ;
#3259 = EDGE_CURVE ( 'NONE', #5910, #6082, #904, .T. ) ;
#3260 = LINE ( 'NONE', #4574, #3390 ) ;
#3261 = ORIENTED_EDGE ( 'NONE', *, *, #8176, .T. ) ;
#3262 = ADVANCED_FACE ( 'NONE', ( #6046 ), #2220, .F. ) ;
#3263 = LINE ( 'NONE', #1156, #609 ) ;
#3264 = DIRECTION ( 'NONE',  ( 0.000000000000000000, 0.000000000000000000, -1.000000000000000000 ) ) ;
#3265 = CLOSED_SHELL ( 'NONE', ( #209, #3218, #8346, #6123, #4090, #2024, #6620, #412, #7858, #641, #3473, #2623, #288, #2914, #3699, #3452, #4243, #3449, #1993, #6079, #2439, #2258, #5079, #7030, #3091, #5395, #1429, #6370, #5703, #8337, #2653, #1914, #4759, #788, #6837, #3548, #18, #4101, #2665, #7222, #7657, #1079, #2919, #4479, #592, #3857, #7563, #7147, #1897, #1033, #1418, #4990, #8031, #4572, #4407, #3488, #5996, #7815, #5168, #2825, #4066, #2457, #7212, #5225, #1251, #3527, #1396, #3072, #8032, #2402, #5732, #6112, #5471, #2226, #6861, #256, #3594, #2875, #5051, #658, #7929, #3043, #3420, #6873, #4432, #6743, #3350, #6564, #6711, #7281, #379, #5785, #5791, #7355, #6207, #1885 ) ) ;
#3266 = ORIENTED_EDGE ( 'NONE', *, *, #8279, .T. ) ;
#3267 = CARTESIAN_POINT ( 'NONE',  ( -16.74412211311470600, 22.09100311467075173, -7.349999999999993427 ) ) ;
#3268 = ORIENTED_EDGE ( 'NONE', *, *, #8167, .T. ) ;
#3269 = CIRCLE ( 'NONE', #7983, 3.450000000000001510 ) ;
#3270 = ORIENTED_EDGE ( 'NONE', *, *, #1113, .F. ) ;
#3271 = VECTOR ( 'NONE', #4728, 1000.000000000000000 ) ;
#3272 = ORIENTED_EDGE ( 'NONE', *, *, #795, .T. ) ;
#3273 = EDGE_CURVE ( 'NONE', #5320, #5520, #310, .T. ) ;
#3274 = DIRECTION ( 'NONE',  ( -1.979779959279646290E-31, -8.673617379884043361E-16, -1.000000000000000000 ) ) ;
#3275 = CARTESIAN_POINT ( 'NONE',  ( 0.4999999999999987232, 0.9500000000000040634, 0.5000000000000000000 ) ) ;
#3276 = LINE ( 'NONE', #664, #3026 ) ;
#3277 = DIRECTION ( 'NONE',  ( 1.000000000000000000, 0.000000000000000000, 0.000000000000000000 ) ) ;
#3278 = DIRECTION ( 'NONE',  ( 0.000000000000000000, 0.000000000000000000, 1.000000000000000000 ) ) ;
#3279 = AXIS2_PLACEMENT_3D ( 'NONE', #1035, #80, #3339 ) ;
#3280 = VECTOR ( 'NONE', #5078, 1000.000000000000000 ) ;
#3281 = PLANE ( 'NONE',  #575 ) ;
#3282 = VECTOR ( 'NONE', #2996, 1000.000000000000000 ) ;
#3283 = ORIENTED_EDGE ( 'NONE', *, *, #2538, .T. ) ;
#3284 = ADVANCED_FACE ( 'NONE', ( #1620 ), #6133, .T. ) ;
#3285 = VECTOR ( 'NONE', #6012, 1000.000000000000000 ) ;
#3286 = VECTOR ( 'NONE', #6285, 1000.000000000000000 ) ;
#3287 = EDGE_LOOP ( 'NONE', ( #8329, #5567, #4448, #7898, #1214, #8224, #3654, #4925, #7904, #1667 ) ) ;
#3288 = DIRECTION ( 'NONE',  ( -1.000000000000000000, 0.000000000000000000, 0.000000000000000000 ) ) ;
#3289 = DIRECTION ( 'NONE',  ( 0.9999994735200916640, 0.000000000000000000, -0.001026138167772244671 ) ) ;
#3290 = AXIS2_PLACEMENT_3D ( 'NONE', #357, #3575, #5002 ) ;
#3291 = DIRECTION ( 'NONE',  ( 0.5958745230144666394, 0.8030775509390620792, 0.000000000000000000 ) ) ;
#3292 = CARTESIAN_POINT ( 'NONE',  ( -20.68937042237544688, 33.89353571423244205, 0.4500000000000001221 ) ) ;
#3293 = CIRCLE ( 'NONE', #6923, 0.4000000000000010214 ) ;
#3294 = CIRCLE ( 'NONE', #4507, 1.500000000000001332 ) ;
#3295 = CARTESIAN_POINT ( 'NONE',  ( 1.898540922494819982, 13.89999999999999858, 3.349334615354595979 ) ) ;
#3296 = EDGE_LOOP ( 'NONE', ( #5690, #1165, #6747, #2090 ) ) ;
#3297 = EDGE_CURVE ( 'NONE', #1829, #4999, #3830, .T. ) ;
#3298 = VECTOR ( 'NONE', #3656, 1000.000000000000000 ) ;
#3299 = EDGE_CURVE ( 'NONE', #5939, #5446, #5587, .T. ) ;
#3300 = DIRECTION ( 'NONE',  ( -0.000000000000000000, -1.000000000000000000, -0.000000000000000000 ) ) ;
#3301 = EDGE_LOOP ( 'NONE', ( #3071, #3224, #4404, #6596, #2527 ) ) ;
#3302 = FACE_OUTER_BOUND ( 'NONE', #7118, .T. ) ;
#3303 = CIRCLE ( 'NONE', #7208, 3.300000000000000266 ) ;
#3304 = DIRECTION ( 'NONE',  ( 0.000000000000000000, 0.000000000000000000, -1.000000000000000000 ) ) ;
#3305 = CARTESIAN_POINT ( 'NONE',  ( -25.50088568528370558, 20.16791091632079969, -6.226201686245565803 ) ) ;
#3306 = CARTESIAN_POINT ( 'NONE',  ( -16.40834325234228430, 21.92455496882227806, -5.349999999999986322 ) ) ;
#3307 = VERTEX_POINT ( 'NONE', #6813 ) ;
#3308 = DIRECTION ( 'NONE',  ( 0.000000000000000000, 0.000000000000000000, 1.000000000000000000 ) ) ;
#3309 = DIRECTION ( 'NONE',  ( -0.000000000000000000, -1.000000000000000000, -0.000000000000000000 ) ) ;
#3310 = CARTESIAN_POINT ( 'NONE',  ( -25.33406831695909744, 21.19274697494675408, -7.349999999999916156 ) ) ;
#3311 = VERTEX_POINT ( 'NONE', #3151 ) ;
#3312 = FACE_OUTER_BOUND ( 'NONE', #1143, .T. ) ;
#3313 = FACE_OUTER_BOUND ( 'NONE', #8197, .T. ) ;
#3314 = EDGE_CURVE ( 'NONE', #1706, #5074, #4281, .T. ) ;
#3315 = ORIENTED_EDGE ( 'NONE', *, *, #1279, .T. ) ;
#3316 = ORIENTED_EDGE ( 'NONE', *, *, #1148, .F. ) ;
#3317 = ORIENTED_EDGE ( 'NONE', *, *, #1981, .F. ) ;
#3318 = CARTESIAN_POINT ( 'NONE',  ( 0.000000000000000000, 5.100000000000004086, 0.000000000000000000 ) ) ;
#3319 = CARTESIAN_POINT ( 'NONE',  ( -0.2999999999999993228, 16.69999999999999574, 0.000000000000000000 ) ) ;
#3320 = DIRECTION ( 'NONE',  ( -1.000000000000000000, 0.000000000000000000, -1.251002506714043540E-16 ) ) ;
#3321 = PLANE ( 'NONE',  #2078 ) ;
#3322 = ORIENTED_EDGE ( 'NONE', *, *, #7958, .T. ) ;
#3323 = LINE ( 'NONE', #5885, #7690 ) ;
#3324 = FACE_BOUND ( 'NONE', #5961, .T. ) ;
#3325 = LINE ( 'NONE', #5926, #2472 ) ;
#3326 = CARTESIAN_POINT ( 'NONE',  ( -25.68937042237544333, 25.89353571423245270, -8.800000000000002487 ) ) ;
#3327 = ADVANCED_FACE ( 'NONE', ( #4374 ), #4957, .T. ) ;
#3328 = ORIENTED_EDGE ( 'NONE', *, *, #5487, .F. ) ;
#3329 = VERTEX_POINT ( 'NONE', #7445 ) ;
#3330 = LINE ( 'NONE', #5804, #5564 ) ;
#3331 = CARTESIAN_POINT ( 'NONE',  ( 1.899999999999996358, -2.700000000000000622, 0.000000000000000000 ) ) ;
#3332 = DIRECTION ( 'NONE',  ( 0.8030775509390620792, -0.5958745230144666394, 0.000000000000000000 ) ) ;
#3333 = EDGE_CURVE ( 'NONE', #1288, #4266, #6977, .T. ) ;
#3334 = DIRECTION ( 'NONE',  ( 0.4383711467890800129, 0.8987940462991657053, 0.000000000000000000 ) ) ;
#3335 = FACE_OUTER_BOUND ( 'NONE', #5997, .T. ) ;
#3336 = EDGE_LOOP ( 'NONE', ( #2113, #3462, #742, #8158, #2375, #5306 ) ) ;
#3337 = DIRECTION ( 'NONE',  ( 0.000000000000000000, 1.000000000000000000, 0.000000000000000000 ) ) ;
#3338 = ORIENTED_EDGE ( 'NONE', *, *, #2145, .T. ) ;
#3339 = DIRECTION ( 'NONE',  ( 1.355252715606880296E-16, -1.000000000000000000, 0.000000000000000000 ) ) ;
#3340 = EDGE_CURVE ( 'NONE', #4173, #6682, #3425, .T. ) ;
#3341 = VERTEX_POINT ( 'NONE', #5624 ) ;
#3342 = EDGE_CURVE ( 'NONE', #3054, #1317, #8296, .T. ) ;
#3343 = DIRECTION ( 'NONE',  ( 0.4716391717554017649, -0.8817916373304289790, 0.000000000000000000 ) ) ;
#3344 = CARTESIAN_POINT ( 'NONE',  ( 2.500000000000000000, -7.560000000000000497, 1.800000000000000266 ) ) ;
#3345 = DIRECTION ( 'NONE',  ( 0.000000000000000000, 0.000000000000000000, -1.000000000000000000 ) ) ;
#3346 = ORIENTED_EDGE ( 'NONE', *, *, #901, .F. ) ;
#3347 = DIRECTION ( 'NONE',  ( -0.5142627263715358055, 0.000000000000000000, 0.8576327000907292275 ) ) ;
#3348 = FACE_OUTER_BOUND ( 'NONE', #7615, .T. ) ;
#3349 = VERTEX_POINT ( 'NONE', #4420 ) ;
#3350 = ADVANCED_FACE ( 'NONE', ( #3780 ), #6342, .T. ) ;
#3351 = DIRECTION ( 'NONE',  ( -1.000000000000000000, 0.000000000000000000, 0.000000000000000000 ) ) ;
#3352 = VERTEX_POINT ( 'NONE', #6165 ) ;
#3353 = VERTEX_POINT ( 'NONE', #4242 ) ;
#3354 = ORIENTED_EDGE ( 'NONE', *, *, #3792, .T. ) ;
#3355 = LINE ( 'NONE', #5793, #5407 ) ;
#3356 = DIRECTION ( 'NONE',  ( -0.000000000000000000, -0.000000000000000000, -1.000000000000000000 ) ) ;
#3357 = DIRECTION ( 'NONE',  ( -1.000000000000000000, 0.000000000000000000, 0.000000000000000000 ) ) ;
#3358 = CARTESIAN_POINT ( 'NONE',  ( -1.000000000000000000, 0.4500000000000040079, 2.500000000000000000 ) ) ;
#3359 = VERTEX_POINT ( 'NONE', #2976 ) ;
#3360 = LINE ( 'NONE', #4638, #3510 ) ;
#3361 = DIRECTION ( 'NONE',  ( 1.000000000000000000, 2.282530889443169980E-16, 0.000000000000000000 ) ) ;
#3362 = LINE ( 'NONE', #313, #4900 ) ;
#3363 = LINE ( 'NONE', #5851, #156 ) ;
#3364 = ORIENTED_EDGE ( 'NONE', *, *, #1913, .T. ) ;
#3365 = ORIENTED_EDGE ( 'NONE', *, *, #5995, .F. ) ;
#3366 = CARTESIAN_POINT ( 'NONE',  ( 0.000000000000000000, 15.19999999999999751, 0.000000000000000000 ) ) ;
#3367 = AXIS2_PLACEMENT_3D ( 'NONE', #1223, #6326, #5566 ) ;
#3368 = EDGE_CURVE ( 'NONE', #3708, #7237, #2477, .T. ) ;
#3369 = CARTESIAN_POINT ( 'NONE',  ( -16.74412211311470244, 22.09100311467075173, -5.349999999999987210 ) ) ;
#3370 = EDGE_CURVE ( 'NONE', #818, #77, #856, .T. ) ;
#3371 = CARTESIAN_POINT ( 'NONE',  ( 2.349999999999998312, -3.750000000000000000, 5.000000000000000000 ) ) ;
#3372 = CARTESIAN_POINT ( 'NONE',  ( -25.68937042237544333, 37.14353571423244915, -4.399999999999999467 ) ) ;
#3373 = EDGE_LOOP ( 'NONE', ( #5445, #1601, #2897, #6931 ) ) ;
#3374 = CARTESIAN_POINT ( 'NONE',  ( -1.734723475976807094E-15, 0.4500000000000040079, 4.299999999999999822 ) ) ;
#3375 = VECTOR ( 'NONE', #1629, 1000.000000000000000 ) ;
#3376 = ORIENTED_EDGE ( 'NONE', *, *, #3181, .F. ) ;
#3377 = FACE_OUTER_BOUND ( 'NONE', #7152, .T. ) ;
#3378 = LINE ( 'NONE', #5864, #3690 ) ;
#3379 = CIRCLE ( 'NONE', #8085, 0.4000000000000001887 ) ;
#3380 = DIRECTION ( 'NONE',  ( 1.000000000000000000, 0.000000000000000000, -1.618212197739559129E-16 ) ) ;
#3381 = DIRECTION ( 'NONE',  ( 0.000000000000000000, 0.000000000000000000, 1.000000000000000000 ) ) ;
#3382 = DIRECTION ( 'NONE',  ( 0.000000000000000000, 0.000000000000000000, 1.000000000000000000 ) ) ;
#3383 = VECTOR ( 'NONE', #4747, 1000.000000000000000 ) ;
#3384 = EDGE_CURVE ( 'NONE', #7011, #5103, #1065, .T. ) ;
#3385 = EDGE_CURVE ( 'NONE', #7651, #1278, #6914, .T. ) ;
#3386 = ORIENTED_EDGE ( 'NONE', *, *, #5675, .F. ) ;
#3387 = VECTOR ( 'NONE', #3635, 1000.000000000000000 ) ;
#3388 = CARTESIAN_POINT ( 'NONE',  ( 4.399999999999998579, 3.600000000000003197, 0.1000000000000000056 ) ) ;
#3389 = ORIENTED_EDGE ( 'NONE', *, *, #771, .F. ) ;
#3390 = VECTOR ( 'NONE', #5827, 1000.000000000000000 ) ;
#3391 = VERTEX_POINT ( 'NONE', #8164 ) ;
#3392 = EDGE_CURVE ( 'NONE', #7851, #1202, #1162, .T. ) ;
#3393 =( BOUNDED_CURVE ( )  B_SPLINE_CURVE ( 3, ( #7361, #6648, #6530, #749 ),
 .UNSPECIFIED., .F., .T. ) 
 B_SPLINE_CURVE_WITH_KNOTS ( ( 4, 4 ),
 ( 1.570796326794899667, 2.955761700480890042 ),
 .UNSPECIFIED. ) 
 CURVE ( )  GEOMETRIC_REPRESENTATION_ITEM ( )  RATIONAL_B_SPLINE_CURVE ( ( 1.000000000000000000, 0.8464422115045119321, 0.8464422115045119321, 1.000000000000000000 ) ) 
 REPRESENTATION_ITEM ( '' )  );
#3394 = EDGE_CURVE ( 'NONE', #4978, #6682, #1836, .T. ) ;
#3395 = EDGE_LOOP ( 'NONE', ( #7607, #474, #4056, #916 ) ) ;
#3396 = CIRCLE ( 'NONE', #1908, 3.000000000000000444 ) ;
#3397 = ORIENTED_EDGE ( 'NONE', *, *, #4816, .F. ) ;
#3398 = CARTESIAN_POINT ( 'NONE',  ( -24.03937042237544119, 39.29353571423245484, 0.000000000000000000 ) ) ;
#3399 = LINE ( 'NONE', #5247, #5560 ) ;
#3400 = CARTESIAN_POINT ( 'NONE',  ( -1.734723475976807094E-15, 0.4500000000000040079, 1.800000000000000488 ) ) ;
#3401 = VERTEX_POINT ( 'NONE', #7621 ) ;
#3402 = VECTOR ( 'NONE', #47, 1000.000000000000000 ) ;
#3403 = DIRECTION ( 'NONE',  ( 0.000000000000000000, 0.000000000000000000, -1.000000000000000000 ) ) ;
#3404 = DIRECTION ( 'NONE',  ( -1.000000000000000000, 0.000000000000000000, 0.000000000000000000 ) ) ;
#3405 = DIRECTION ( 'NONE',  ( -0.000000000000000000, -0.000000000000000000, -1.000000000000000000 ) ) ;
#3406 = VECTOR ( 'NONE', #15, 1000.000000000000000 ) ;
#3407 = ORIENTED_EDGE ( 'NONE', *, *, #1175, .T. ) ;
#3408 = AXIS2_PLACEMENT_3D ( 'NONE', #3891, #3854, #1862 ) ;
#3409 = ORIENTED_EDGE ( 'NONE', *, *, #5268, .F. ) ;
#3410 = FACE_OUTER_BOUND ( 'NONE', #3768, .T. ) ;
#3411 = AXIS2_PLACEMENT_3D ( 'NONE', #6034, #7267, #893 ) ;
#3412 = AXIS2_PLACEMENT_3D ( 'NONE', #117, #2709, #5355 ) ;
#3413 = CARTESIAN_POINT ( 'NONE',  ( 0.8032336497292295041, 15.19999999999999751, -0.8947000102205828753 ) ) ;
#3414 =( GEOMETRIC_REPRESENTATION_CONTEXT ( 3 ) GLOBAL_UNCERTAINTY_ASSIGNED_CONTEXT ( ( #7741 ) ) GLOBAL_UNIT_ASSIGNED_CONTEXT ( ( #66, #7209, #4467 ) ) REPRESENTATION_CONTEXT ( 'NONE', 'WORKASPACE' ) );
#3415 = CYLINDRICAL_SURFACE ( 'NONE', #7029, 0.8000000000000003775 ) ;
#3416 = DIRECTION ( 'NONE',  ( -2.551063935260010491E-16, 1.000000000000000000, 0.000000000000000000 ) ) ;
#3417 = PRESENTATION_LAYER_ASSIGNMENT (  '', '', ( #7451 ) ) ;
#3418 = ORIENTED_EDGE ( 'NONE', *, *, #4877, .T. ) ;
#3419 = EDGE_CURVE ( 'NONE', #7072, #4044, #3293, .T. ) ;
#3420 = ADVANCED_FACE ( 'NONE', ( #3745 ), #6302, .T. ) ;
#3421 = AXIS2_PLACEMENT_3D ( 'NONE', #6029, #244, #4062 ) ;
#3422 = DIRECTION ( 'NONE',  ( -1.000000000000000000, 0.000000000000000000, 0.000000000000000000 ) ) ;
#3423 = CIRCLE ( 'NONE', #4102, 0.6500000000000000222 ) ;
#3424 = ORIENTED_EDGE ( 'NONE', *, *, #7646, .F. ) ;
#3425 = CIRCLE ( 'NONE', #5039, 0.3500000000000000333 ) ;
#3426 = DIRECTION ( 'NONE',  ( 0.000000000000000000, 0.000000000000000000, 1.000000000000000000 ) ) ;
#3427 = VECTOR ( 'NONE', #3565, 1000.000000000000000 ) ;
#3428 = EDGE_LOOP ( 'NONE', ( #3056, #3761, #197, #7008, #2715, #5325, #1670, #3487 ) ) ;
#3429 = LINE ( 'NONE', #5274, #3271 ) ;
#3430 = FACE_OUTER_BOUND ( 'NONE', #1069, .T. ) ;
#3431 = VECTOR ( 'NONE', #552, 1000.000000000000000 ) ;
#3432 = DIRECTION ( 'NONE',  ( 1.000000000000000000, 0.000000000000000000, 0.000000000000000000 ) ) ;
#3433 = EDGE_CURVE ( 'NONE', #3785, #1015, #1322, .T. ) ;
#3434 = CIRCLE ( 'NONE', #1932, 3.050000000000004263 ) ;
#3435 = ORIENTED_EDGE ( 'NONE', *, *, #315, .F. ) ;
#3436 = CIRCLE ( 'NONE', #469, 3.050000000000000711 ) ;
#3437 = CARTESIAN_POINT ( 'NONE',  ( 4.399999999999998579, 5.150000000000004796, 0.000000000000000000 ) ) ;
#3438 = EDGE_LOOP ( 'NONE', ( #2961, #4133 ) ) ;
#3439 = EDGE_CURVE ( 'NONE', #4815, #5515, #7745, .T. ) ;
#3440 = ORIENTED_EDGE ( 'NONE', *, *, #8323, .F. ) ;
#3441 = ORIENTED_EDGE ( 'NONE', *, *, #6671, .T. ) ;
#3442 = DIRECTION ( 'NONE',  ( 0.000000000000000000, 0.000000000000000000, 1.000000000000000000 ) ) ;
#3443 = DIRECTION ( 'NONE',  ( 0.000000000000000000, 0.000000000000000000, -1.000000000000000000 ) ) ;
#3444 = CARTESIAN_POINT ( 'NONE',  ( -1.565936075841833031, 15.19999999999999751, -3.517150011924013331 ) ) ;
#3445 = CARTESIAN_POINT ( 'NONE',  ( -2.710505431213761085E-16, -11.96000000000000618, 1.800000000000000711 ) ) ;
#3446 = ORIENTED_EDGE ( 'NONE', *, *, #3886, .T. ) ;
#3447 = LINE ( 'NONE', #6730, #2164 ) ;
#3448 = CARTESIAN_POINT ( 'NONE',  ( 0.000000000000000000, 13.89999999999999858, 0.000000000000000000 ) ) ;
#3449 = ADVANCED_FACE ( 'NONE', ( #741 ), #4544, .T. ) ;
#3450 = CARTESIAN_POINT ( 'NONE',  ( -25.68937042237543977, 37.14353571423244205, -4.900000000000003020 ) ) ;
#3451 = DIRECTION ( 'NONE',  ( 0.000000000000000000, 0.000000000000000000, 1.000000000000000000 ) ) ;
#3452 = ADVANCED_FACE ( 'NONE', ( #1873 ), #7696, .F. ) ;
#3453 = VERTEX_POINT ( 'NONE', #5208 ) ;
#3454 = ORIENTED_EDGE ( 'NONE', *, *, #948, .T. ) ;
#3455 = LINE ( 'NONE', #6616, #731 ) ;
#3456 = CARTESIAN_POINT ( 'NONE',  ( 0.000000000000000000, 18.19999999999999574, 0.000000000000000000 ) ) ;
#3457 = DIRECTION ( 'NONE',  ( 0.000000000000000000, 1.000000000000000000, 0.000000000000000000 ) ) ;
#3458 = EDGE_CURVE ( 'NONE', #1416, #7393, #5240, .T. ) ;
#3459 = ORIENTED_EDGE ( 'NONE', *, *, #5715, .T. ) ;
#3460 = DIRECTION ( 'NONE',  ( -1.000000000000000000, 0.000000000000000000, 0.000000000000000000 ) ) ;
#3461 = CARTESIAN_POINT ( 'NONE',  ( -25.68937042237544333, 23.89353571423246692, -8.100000000000001421 ) ) ;
#3462 = ORIENTED_EDGE ( 'NONE', *, *, #5530, .F. ) ;
#3463 = DIRECTION ( 'NONE',  ( 1.933423546073630318E-43, -1.671814187836139556E-29, -1.000000000000000000 ) ) ;
#3464 = ORIENTED_EDGE ( 'NONE', *, *, #7383, .F. ) ;
#3465 = EDGE_CURVE ( 'NONE', #3939, #6548, #1910, .T. ) ;
#3466 = CARTESIAN_POINT ( 'NONE',  ( -3.261177379365211237, 15.19999999999999751, -0.5047000102205828620 ) ) ;
#3467 = LINE ( 'NONE', #729, #965 ) ;
#3468 = ORIENTED_EDGE ( 'NONE', *, *, #5995, .T. ) ;
#3469 = ORIENTED_EDGE ( 'NONE', *, *, #5128, .T. ) ;
#3470 = CARTESIAN_POINT ( 'NONE',  ( -25.68937042237544333, 27.59353571423245910, 0.4500000000000001221 ) ) ;
#3471 = ORIENTED_EDGE ( 'NONE', *, *, #1355, .F. ) ;
#3472 = ADVANCED_FACE ( 'NONE', ( #3313 ), #7786, .F. ) ;
#3473 = ADVANCED_FACE ( 'NONE', ( #694 ), #1480, .T. ) ;
#3474 = LINE ( 'NONE', #2844, #6781 ) ;
#3475 = APPLICATION_CONTEXT ( 'automotive_design' ) ;
#3476 = ORIENTED_EDGE ( 'NONE', *, *, #1164, .T. ) ;
#3477 = ORIENTED_EDGE ( 'NONE', *, *, #7538, .T. ) ;
#3478 = CARTESIAN_POINT ( 'NONE',  ( -0.5000000000000015543, 2.950000000000003286, 0.5000000000000000000 ) ) ;
#3479 = FACE_OUTER_BOUND ( 'NONE', #3082, .T. ) ;
#3480 = FACE_OUTER_BOUND ( 'NONE', #69, .T. ) ;
#3481 = DIRECTION ( 'NONE',  ( 0.000000000000000000, 0.000000000000000000, 1.000000000000000000 ) ) ;
#3482 = VERTEX_POINT ( 'NONE', #3267 ) ;
#3483 = CARTESIAN_POINT ( 'NONE',  ( -16.13937042237545327, 24.39353571423245626, 0.4500000000000001221 ) ) ;
#3484 = CARTESIAN_POINT ( 'NONE',  ( -16.13937042237545327, 27.59353571423245555, -0.4000000000000010769 ) ) ;
#3485 = LINE ( 'NONE', #4797, #7592 ) ;
#3486 = DIRECTION ( 'NONE',  ( -1.000000000000000000, 0.000000000000000000, 0.000000000000000000 ) ) ;
#3487 = ORIENTED_EDGE ( 'NONE', *, *, #5813, .T. ) ;
#3488 = ADVANCED_FACE ( 'NONE', ( #91 ), #1965, .F. ) ;
#3489 = ORIENTED_EDGE ( 'NONE', *, *, #5608, .F. ) ;
#3490 = EDGE_CURVE ( 'NONE', #2518, #2944, #2018, .T. ) ;
#3491 = CARTESIAN_POINT ( 'NONE',  ( 3.250000000000000888, -5.950000000000000178, 1.800000000000000266 ) ) ;
#3492 = LINE ( 'NONE', #6054, #7738 ) ;
#3493 = CYLINDRICAL_SURFACE ( 'NONE', #5928, 0.7999999999999999334 ) ;
#3494 = DIRECTION ( 'NONE',  ( 0.000000000000000000, -1.000000000000000000, 0.000000000000000000 ) ) ;
#3495 = AXIS2_PLACEMENT_3D ( 'NONE', #5787, #2001, #7068 ) ;
#3496 = EDGE_CURVE ( 'NONE', #6261, #1968, #622, .T. ) ;
#3497 = CARTESIAN_POINT ( 'NONE',  ( 0.4000000000000001332, -7.560000000000000497, 1.800000000000000711 ) ) ;
#3498 = LINE ( 'NONE', #3461, #3714 ) ;
#3499 = ORIENTED_EDGE ( 'NONE', *, *, #4023, .F. ) ;
#3500 = ORIENTED_EDGE ( 'NONE', *, *, #1475, .T. ) ;
#3501 = DIRECTION ( 'NONE',  ( -1.000000000000000000, 0.000000000000000000, 0.000000000000000000 ) ) ;
#3502 = DIRECTION ( 'NONE',  ( -1.000000000000000000, 0.000000000000000000, 0.000000000000000000 ) ) ;
#3503 = ORIENTED_EDGE ( 'NONE', *, *, #2025, .F. ) ;
#3504 = VECTOR ( 'NONE', #5188, 1000.000000000000000 ) ;
#3505 = EDGE_LOOP ( 'NONE', ( #3499, #8295, #5210, #8300 ) ) ;
#3506 = EDGE_CURVE ( 'NONE', #8053, #7425, #5875, .T. ) ;
#3507 = PRODUCT_DEFINITION_CONTEXT ( 'detailed design', #3167, 'design' ) ;
#3508 = DIRECTION ( 'NONE',  ( 0.000000000000000000, 0.000000000000000000, -1.000000000000000000 ) ) ;
#3509 = ORIENTED_EDGE ( 'NONE', *, *, #5653, .F. ) ;
#3510 = VECTOR ( 'NONE', #7919, 1000.000000000000000 ) ;
#3511 = FACE_OUTER_BOUND ( 'NONE', #542, .T. ) ;
#3512 = FACE_OUTER_BOUND ( 'NONE', #4499, .T. ) ;
#3513 = EDGE_CURVE ( 'NONE', #5327, #671, #3193, .T. ) ;
#3514 = EDGE_CURVE ( 'NONE', #4258, #4488, #4842, .T. ) ;
#3515 = VERTEX_POINT ( 'NONE', #604 ) ;
#3516 = ORIENTED_EDGE ( 'NONE', *, *, #3314, .T. ) ;
#3517 = SURFACE_STYLE_FILL_AREA ( #5368 ) ;
#3518 = CARTESIAN_POINT ( 'NONE',  ( 0.000000000000000000, 27.59353571423245555, -0.4000000000000010769 ) ) ;
#3519 = DIRECTION ( 'NONE',  ( -1.000000000000000000, -1.355252715606880296E-16, 0.000000000000000000 ) ) ;
#3520 = CARTESIAN_POINT ( 'NONE',  ( -25.23937042237544404, 24.39353571423245981, 0.000000000000000000 ) ) ;
#3521 = EDGE_LOOP ( 'NONE', ( #2806, #4064 ) ) ;
#3522 = CARTESIAN_POINT ( 'NONE',  ( -15.68937042237545576, 27.39353571423245626, -5.599999999999999645 ) ) ;
#3523 = PLANE ( 'NONE',  #5844 ) ;
#3524 = CARTESIAN_POINT ( 'NONE',  ( -16.13937042237545327, 24.39353571423245626, -7.350000000000000533 ) ) ;
#3525 = VECTOR ( 'NONE', #7153, 1000.000000000000000 ) ;
#3526 = VERTEX_POINT ( 'NONE', #6368 ) ;
#3527 = ADVANCED_FACE ( 'NONE', ( #2407 ), #4403, .F. ) ;
#3528 = ORIENTED_EDGE ( 'NONE', *, *, #5514, .F. ) ;
#3529 = DIRECTION ( 'NONE',  ( 0.000000000000000000, 0.000000000000000000, 1.000000000000000000 ) ) ;
#3530 = VECTOR ( 'NONE', #1867, 1000.000000000000000 ) ;
#3531 = DIRECTION ( 'NONE',  ( 0.000000000000000000, 1.000000000000000000, 0.000000000000000000 ) ) ;
#3532 = VECTOR ( 'NONE', #104, 1000.000000000000000 ) ;
#3533 = CARTESIAN_POINT ( 'NONE',  ( 0.9999999999999997780, 3.804101966249687994, 2.500000000000000000 ) ) ;
#3534 = ADVANCED_FACE ( 'NONE', ( #6835 ), #4265, .T. ) ;
#3535 = AXIS2_PLACEMENT_3D ( 'NONE', #287, #7422, #2271 ) ;
#3536 = PLANE ( 'NONE',  #1058 ) ;
#3537 = AXIS2_PLACEMENT_3D ( 'NONE', #2540, #1227, #5110 ) ;
#3538 = DIRECTION ( 'NONE',  ( 0.000000000000000000, -1.000000000000000000, 0.000000000000000000 ) ) ;
#3539 = CARTESIAN_POINT ( 'NONE',  ( -15.68937042237545576, 29.34353571423245555, -4.400000000000000355 ) ) ;
#3540 = ORIENTED_EDGE ( 'NONE', *, *, #339, .T. ) ;
#3541 = ORIENTED_EDGE ( 'NONE', *, *, #5598, .F. ) ;
#3542 = LINE ( 'NONE', #1639, #32 ) ;
#3543 = AXIS2_PLACEMENT_3D ( 'NONE', #7683, #1309, #608 ) ;
#3544 = AXIS2_PLACEMENT_3D ( 'NONE', #3763, #3177, #7678 ) ;
#3545 = DIRECTION ( 'NONE',  ( 0.000000000000000000, 0.000000000000000000, 1.000000000000000000 ) ) ;
#3546 = EDGE_CURVE ( 'NONE', #5332, #3952, #5073, .T. ) ;
#3547 = CARTESIAN_POINT ( 'NONE',  ( 3.250000000000001332, -7.560000000000000497, 1.800000000000000266 ) ) ;
#3548 = ADVANCED_FACE ( 'NONE', ( #8278 ), #4441, .F. ) ;
#3549 = VERTEX_POINT ( 'NONE', #555 ) ;
#3550 = VECTOR ( 'NONE', #3688, 1000.000000000000000 ) ;
#3551 = ORIENTED_EDGE ( 'NONE', *, *, #1541, .T. ) ;
#3552 = VERTEX_POINT ( 'NONE', #3767 ) ;
#3553 = VECTOR ( 'NONE', #1746, 1000.000000000000114 ) ;
#3554 = DIRECTION ( 'NONE',  ( -1.000000000000000000, -1.355252715606880296E-16, 0.000000000000000000 ) ) ;
#3555 = AXIS2_PLACEMENT_3D ( 'NONE', #5005, #8124, #4839 ) ;
#3556 = ORIENTED_EDGE ( 'NONE', *, *, #1940, .T. ) ;
#3557 = AXIS2_PLACEMENT_3D ( 'NONE', #8122, #534, #1071 ) ;
#3558 = DIRECTION ( 'NONE',  ( -0.000000000000000000, -0.000000000000000000, -1.000000000000000000 ) ) ;
#3559 = FACE_OUTER_BOUND ( 'NONE', #2486, .T. ) ;
#3560 = AXIS2_PLACEMENT_3D ( 'NONE', #4277, #1701, #4416 ) ;
#3561 = CIRCLE ( 'NONE', #194, 3.850000000000000089 ) ;
#3562 = VERTEX_POINT ( 'NONE', #3806 ) ;
#3563 = ORIENTED_EDGE ( 'NONE', *, *, #2915, .T. ) ;
#3564 = CARTESIAN_POINT ( 'NONE',  ( -1.090871211463570800, 0.9500000000000040634, 0.5000000000000000000 ) ) ;
#3565 = DIRECTION ( 'NONE',  ( 0.000000000000000000, 1.000000000000000000, 0.000000000000000000 ) ) ;
#3566 = CARTESIAN_POINT ( 'NONE',  ( -2.350000000000001865, -3.750000000000000000, 5.599999999999999645 ) ) ;
#3567 = PLANE ( 'NONE',  #3560 ) ;
#3568 = ORIENTED_EDGE ( 'NONE', *, *, #1772, .T. ) ;
#3569 = DIRECTION ( 'NONE',  ( 0.000000000000000000, 0.000000000000000000, -1.000000000000000000 ) ) ;
#3570 = DIRECTION ( 'NONE',  ( -1.445602896647339163E-16, -1.000000000000000000, 0.000000000000000000 ) ) ;
#3571 = AXIS2_PLACEMENT_3D ( 'NONE', #2400, #8223, #4297 ) ;
#3572 = EDGE_CURVE ( 'NONE', #990, #1153, #3003, .T. ) ;
#3573 = ORIENTED_EDGE ( 'NONE', *, *, #7191, .T. ) ;
#3574 = ORIENTED_EDGE ( 'NONE', *, *, #2720, .T. ) ;
#3575 = DIRECTION ( 'NONE',  ( 0.000000000000000000, 1.000000000000000000, 0.000000000000000000 ) ) ;
#3576 = DIRECTION ( 'NONE',  ( 0.000000000000000000, 0.000000000000000000, 1.000000000000000000 ) ) ;
#3577 = CARTESIAN_POINT ( 'NONE',  ( 3.399999999999998579, 2.950000000000003286, 0.5000000000000000000 ) ) ;
#3578 = LINE ( 'NONE', #2355, #6057 ) ;
#3579 = DIRECTION ( 'NONE',  ( 0.000000000000000000, -1.000000000000000000, 0.000000000000000000 ) ) ;
#3580 = EDGE_CURVE ( 'NONE', #1919, #6566, #7606, .T. ) ;
#3581 = CARTESIAN_POINT ( 'NONE',  ( -0.6700000000000000400, 15.89999999999999680, 0.6000000000000000888 ) ) ;
#3583 = DIRECTION ( 'NONE',  ( 0.000000000000000000, 0.000000000000000000, -1.000000000000000000 ) ) ;
#3582 = APPLICATION_CONTEXT ( 'automotive_design' ) ;
#3584 = CARTESIAN_POINT ( 'NONE',  ( 0.003233649729229023419, 13.89999999999999858, 3.151279358214723825 ) ) ;
#3585 = ORIENTED_EDGE ( 'NONE', *, *, #2595, .F. ) ;
#3586 = VERTEX_POINT ( 'NONE', #1049 ) ;
#3587 = LINE ( 'NONE', #4300, #2609 ) ;
#3588 = CARTESIAN_POINT ( 'NONE',  ( 3.035766082959412415E-15, 0.4500000000000093925, 0.000000000000000000 ) ) ;
#3589 = CYLINDRICAL_SURFACE ( 'NONE', #8002, 1.000000000000001776 ) ;
#3590 = ORIENTED_EDGE ( 'NONE', *, *, #3458, .F. ) ;
#3591 = VERTEX_POINT ( 'NONE', #6921 ) ;
#3592 = VERTEX_POINT ( 'NONE', #3131 ) ;
#3593 = EDGE_CURVE ( 'NONE', #4364, #4769, #8075, .T. ) ;
#3594 = ADVANCED_FACE ( 'NONE', ( #6189 ), #8231, .T. ) ;
#3595 = CARTESIAN_POINT ( 'NONE',  ( -25.68937042237545043, 24.39353571423245981, -5.350000000000001421 ) ) ;
#3596 = ORIENTED_EDGE ( 'NONE', *, *, #6354, .T. ) ;
#3597 = DIRECTION ( 'NONE',  ( 1.000000000000000000, 0.000000000000000000, 0.000000000000000000 ) ) ;
#3598 = ORIENTED_EDGE ( 'NONE', *, *, #1624, .T. ) ;
#3599 = VERTEX_POINT ( 'NONE', #6961 ) ;
#3600 = ADVANCED_FACE ( 'NONE', ( #1185 ), #2501, .T. ) ;
#3601 = LINE ( 'NONE', #6884, #3128 ) ;
#3602 = CARTESIAN_POINT ( 'NONE',  ( -16.13937042237545327, 25.89353571423245270, -7.300000000000000711 ) ) ;
#3603 = DIRECTION ( 'NONE',  ( 0.000000000000000000, 0.000000000000000000, 1.000000000000000000 ) ) ;
#3604 = DIRECTION ( 'NONE',  ( -3.197646960325912517E-16, 1.000000000000000000, 0.000000000000000000 ) ) ;
#3605 = ORIENTED_EDGE ( 'NONE', *, *, #3333, .F. ) ;
#3606 = DIRECTION ( 'NONE',  ( 1.000000000000000000, 1.232047923278981953E-16, 0.000000000000000000 ) ) ;
#3607 = DIRECTION ( 'NONE',  ( 0.000000000000000000, 0.000000000000000000, -1.000000000000000000 ) ) ;
#3608 = VERTEX_POINT ( 'NONE', #7643 ) ;
#3609 = ORIENTED_EDGE ( 'NONE', *, *, #2526, .F. ) ;
#3610 = DIRECTION ( 'NONE',  ( 0.000000000000000000, 1.668003342285391867E-18, -1.000000000000000000 ) ) ;
#3611 = LINE ( 'NONE', #443, #1132 ) ;
#3612 = CARTESIAN_POINT ( 'NONE',  ( -15.68937042237545576, 24.39353571423245626, -5.350000000000000533 ) ) ;
#3613 = DIRECTION ( 'NONE',  ( 0.000000000000000000, 0.000000000000000000, 1.000000000000000000 ) ) ;
#3614 = LINE ( 'NONE', #582, #5032 ) ;
#3615 = CARTESIAN_POINT ( 'NONE',  ( -25.23937042237544404, 30.64353571423245626, -4.399999999999999467 ) ) ;
#3616 = ORIENTED_EDGE ( 'NONE', *, *, #2500, .T. ) ;
#3617 = CARTESIAN_POINT ( 'NONE',  ( 0.4499999999999991229, -3.020950878361716274, 2.500000000000000000 ) ) ;
#3618 = ADVANCED_FACE ( 'NONE', ( #1858 ), #6049, .T. ) ;
#3619 = EDGE_CURVE ( 'NONE', #2223, #8207, #4945, .T. ) ;
#3620 = CARTESIAN_POINT ( 'NONE',  ( -0.5000000000000017764, 0.9500000000000040634, 0.5000000000000000000 ) ) ;
#3621 = CARTESIAN_POINT ( 'NONE',  ( 0.000000000000000000, 0.000000000000000000, 0.000000000000000000 ) ) ;
#3622 = LINE ( 'NONE', #6955, #1613 ) ;
#3623 = ORIENTED_EDGE ( 'NONE', *, *, #2203, .T. ) ;
#3624 = ORIENTED_EDGE ( 'NONE', *, *, #8012, .T. ) ;
#3625 = CARTESIAN_POINT ( 'NONE',  ( -25.68937042237544333, 27.59353571423245910, -4.400000000000000355 ) ) ;
#3626 = CARTESIAN_POINT ( 'NONE',  ( -16.13937042237545327, 0.000000000000000000, 0.000000000000000000 ) ) ;
#3627 = LINE ( 'NONE', #2998, #4379 ) ;
#3628 = ORIENTED_EDGE ( 'NONE', *, *, #2952, .T. ) ;
#3629 = ORIENTED_EDGE ( 'NONE', *, *, #3713, .T. ) ;
#3630 = CARTESIAN_POINT ( 'NONE',  ( -2.710505431213761085E-16, -11.96000000000000618, 2.100000000000000089 ) ) ;
#3631 = EDGE_CURVE ( 'NONE', #3809, #3307, #8150, .T. ) ;
#3632 = EDGE_LOOP ( 'NONE', ( #4475, #3598, #4899, #1679 ) ) ;
#3633 = DIRECTION ( 'NONE',  ( 1.355252715606880296E-16, -1.000000000000000000, 0.000000000000000000 ) ) ;
#3634 = EDGE_LOOP ( 'NONE', ( #4620, #3724, #5245, #2931, #8057 ) ) ;
#3635 = DIRECTION ( 'NONE',  ( 0.000000000000000000, -1.000000000000000000, 0.000000000000000000 ) ) ;
#3636 = CARTESIAN_POINT ( 'NONE',  ( -0.7967663502707702516, 16.69999999999999574, -2.404700010220583106 ) ) ;
#3637 = ADVANCED_FACE ( 'NONE', ( #3680 ), #6239, .F. ) ;
#3638 = ADVANCED_FACE ( 'NONE', ( #78 ), #6585, .T. ) ;
#3639 = VERTEX_POINT ( 'NONE', #4658 ) ;
#3640 = ORIENTED_EDGE ( 'NONE', *, *, #3593, .T. ) ;
#3641 = AXIS2_PLACEMENT_3D ( 'NONE', #3973, #7123, #5764 ) ;
#3642 = CARTESIAN_POINT ( 'NONE',  ( -16.13937042237545327, 23.89353571423246336, 0.4500000000000001221 ) ) ;
#3643 = LINE ( 'NONE', #1740, #7330 ) ;
#3644 = CARTESIAN_POINT ( 'NONE',  ( 0.000000000000000000, 13.89999999999999858, 0.000000000000000000 ) ) ;
#3645 = CARTESIAN_POINT ( 'NONE',  ( -0.7967663502707695855, 15.89999999999999680, -0.8947000102205833194 ) ) ;
#3646 = ORIENTED_EDGE ( 'NONE', *, *, #68, .T. ) ;
#3647 = CARTESIAN_POINT ( 'NONE',  ( 2.999999999999998224, -3.750000000000000000, 5.599999999999999645 ) ) ;
#3648 = DIRECTION ( 'NONE',  ( -0.000000000000000000, -0.000000000000000000, -1.000000000000000000 ) ) ;
#3649 = EDGE_CURVE ( 'NONE', #7073, #8053, #4583, .T. ) ;
#3650 = ADVANCED_FACE ( 'NONE', ( #7682 ), #643, .T. ) ;
#3651 = CIRCLE ( 'NONE', #7416, 1.199999999999999734 ) ;
#3652 = VERTEX_POINT ( 'NONE', #6451 ) ;
#3653 = ORIENTED_EDGE ( 'NONE', *, *, #3887, .T. ) ;
#3654 = ORIENTED_EDGE ( 'NONE', *, *, #7304, .F. ) ;
#3655 = CARTESIAN_POINT ( 'NONE',  ( 0.000000000000000000, 18.00000000000000711, -0.6000000000000001998 ) ) ;
#3656 = DIRECTION ( 'NONE',  ( 0.000000000000000000, 0.000000000000000000, -1.000000000000000000 ) ) ;
#3657 = CARTESIAN_POINT ( 'NONE',  ( 0.4000000000000006883, -11.96000000000000618, 2.100000000000000089 ) ) ;
#3658 = CIRCLE ( 'NONE', #4, 3.500000000000000000 ) ;
#3659 = DIRECTION ( 'NONE',  ( 1.000000000000000000, 0.000000000000000000, 0.000000000000000000 ) ) ;
#3660 = LINE ( 'NONE', #6216, #4645 ) ;
#3661 = CYLINDRICAL_SURFACE ( 'NONE', #1102, 4.099999999999999645 ) ;
#3662 = CLOSED_SHELL ( 'NONE', ( #4727, #2301, #1299, #2514, #2360, #808, #2761, #1972, #3534, #1218 ) ) ;
#3663 = ORIENTED_EDGE ( 'NONE', *, *, #8010, .T. ) ;
#3664 = VECTOR ( 'NONE', #185, 1000.000000000000000 ) ;
#3665 = LINE ( 'NONE', #8219, #4464 ) ;
#3666 = AXIS2_PLACEMENT_3D ( 'NONE', #3050, #1139, #1181 ) ;
#3667 = CARTESIAN_POINT ( 'NONE',  ( 0.000000000000000000, 0.000000000000000000, 0.000000000000000000 ) ) ;
#3668 =( NAMED_UNIT ( * ) SI_UNIT ( $, .STERADIAN. ) SOLID_ANGLE_UNIT ( ) );
#3669 = DIRECTION ( 'NONE',  ( 0.000000000000000000, 1.000000000000000000, 0.000000000000000000 ) ) ;
#3670 = ORIENTED_EDGE ( 'NONE', *, *, #5138, .F. ) ;
#3671 = DIRECTION ( 'NONE',  ( -0.000000000000000000, -1.000000000000000000, -0.000000000000000000 ) ) ;
#3672 = DIRECTION ( 'NONE',  ( 0.000000000000000000, 0.000000000000000000, 1.000000000000000000 ) ) ;
#3673 = PLANE ( 'NONE',  #436 ) ;
#3674 = CARTESIAN_POINT ( 'NONE',  ( -15.60729651564734688, 20.31262316951115565, -6.534763243861369197 ) ) ;
#3675 = EDGE_CURVE ( 'NONE', #4811, #6803, #5193, .T. ) ;
#3676 = EDGE_LOOP ( 'NONE', ( #5031, #2165, #4943, #7676 ) ) ;
#3677 = AXIS2_PLACEMENT_3D ( 'NONE', #5341, #1099, #6048 ) ;
#3678 = ORIENTED_EDGE ( 'NONE', *, *, #3106, .T. ) ;
#3679 = AXIS2_PLACEMENT_3D ( 'NONE', #4394, #6954, #6280 ) ;
#3680 = FACE_OUTER_BOUND ( 'NONE', #4017, .T. ) ;
#3681 = VERTEX_POINT ( 'NONE', #2074 ) ;
#3682 = VECTOR ( 'NONE', #2383, 1000.000000000000000 ) ;
#3683 = VECTOR ( 'NONE', #6447, 1000.000000000000000 ) ;
#3684 = ORIENTED_EDGE ( 'NONE', *, *, #3496, .T. ) ;
#3685 = DIRECTION ( 'NONE',  ( -0.000000000000000000, -0.000000000000000000, -1.000000000000000000 ) ) ;
#3686 = CARTESIAN_POINT ( 'NONE',  ( 1.479999999999999982, 16.49999999999999645, 0.6999999999999998446 ) ) ;
#3687 = VECTOR ( 'NONE', #5231, 1000.000000000000000 ) ;
#3688 = DIRECTION ( 'NONE',  ( -0.000000000000000000, -1.000000000000000000, -0.000000000000000000 ) ) ;
#3689 = EDGE_CURVE ( 'NONE', #99, #3591, #1949, .T. ) ;
#3690 = VECTOR ( 'NONE', #2707, 1000.000000000000000 ) ;
#3691 = VECTOR ( 'NONE', #2729, 1000.000000000000000 ) ;
#3692 = ORIENTED_EDGE ( 'NONE', *, *, #6625, .F. ) ;
#3693 = AXIS2_PLACEMENT_3D ( 'NONE', #7867, #4031, #6078 ) ;
#3694 = ORIENTED_EDGE ( 'NONE', *, *, #6800, .T. ) ;
#3695 = CIRCLE ( 'NONE', #4766, 2.499999999997726263 ) ;
#3696 = CARTESIAN_POINT ( 'NONE',  ( 0.4500000000000000111, -3.020950878361716274, 2.100000000000000089 ) ) ;
#3697 = DIRECTION ( 'NONE',  ( 1.000000000000000000, 0.000000000000000000, 0.000000000000000000 ) ) ;
#3698 = CARTESIAN_POINT ( 'NONE',  ( -4.400000000000002132, 3.600000000000004086, 5.000000000000000000 ) ) ;
#3699 = ADVANCED_FACE ( 'NONE', ( #3215 ), #1345, .F. ) ;
#3700 = ORIENTED_EDGE ( 'NONE', *, *, #1569, .T. ) ;
#3701 = CARTESIAN_POINT ( 'NONE',  ( -4.400000000000002132, -4.200000000000000178, 0.1000000000000000749 ) ) ;
#3702 = CARTESIAN_POINT ( 'NONE',  ( 4.399999999999998579, 5.950000000000003730, 5.000000000000000000 ) ) ;
#3703 = VECTOR ( 'NONE', #6089, 1000.000000000000000 ) ;
#3704 = AXIS2_PLACEMENT_3D ( 'NONE', #5883, #8336, #8304 ) ;
#3705 = AXIS2_PLACEMENT_3D ( 'NONE', #136, #5248, #2730 ) ;
#3706 = VECTOR ( 'NONE', #5261, 1000.000000000000000 ) ;
#3707 = ORIENTED_EDGE ( 'NONE', *, *, #7880, .T. ) ;
#3708 = VERTEX_POINT ( 'NONE', #5769 ) ;
#3709 = AXIS2_PLACEMENT_3D ( 'NONE', #3941, #6514, #7743 ) ;
#3710 = ORIENTED_EDGE ( 'NONE', *, *, #1437, .T. ) ;
#3711 = CARTESIAN_POINT ( 'NONE',  ( -23.93937042237544688, 33.89353571423244205, 1.143833291972207178E-15 ) ) ;
#3712 = DIRECTION ( 'NONE',  ( -0.000000000000000000, -0.000000000000000000, -1.000000000000000000 ) ) ;
#3713 = EDGE_CURVE ( 'NONE', #784, #1412, #2664, .T. ) ;
#3714 = VECTOR ( 'NONE', #1516, 1000.000000000000000 ) ;
#3715 = EDGE_CURVE ( 'NONE', #2944, #7701, #1393, .T. ) ;
#3716 = CARTESIAN_POINT ( 'NONE',  ( -2.399251774991966180, 0.1649176233898168864, 1.164917623389813084 ) ) ;
#3717 = DIRECTION ( 'NONE',  ( -1.000000000000000000, 0.000000000000000000, 0.000000000000000000 ) ) ;
#3718 = FACE_OUTER_BOUND ( 'NONE', #1457, .T. ) ;
#3719 = ORIENTED_EDGE ( 'NONE', *, *, #4701, .F. ) ;
#3720 = CARTESIAN_POINT ( 'NONE',  ( -22.98937042237544048, 29.69353571423244986, 0.000000000000000000 ) ) ;
#3721 = LINE ( 'NONE', #8180, #5954 ) ;
#3722 = PRODUCT_CONTEXT ( 'NONE', #732, 'mechanical' ) ;
#3723 = DIRECTION ( 'NONE',  ( -0.000000000000000000, -0.000000000000000000, -1.000000000000000000 ) ) ;
#3724 = ORIENTED_EDGE ( 'NONE', *, *, #4806, .T. ) ;
#3725 = ORIENTED_EDGE ( 'NONE', *, *, #4767, .F. ) ;
#3726 = LINE ( 'NONE', #6916, #2325 ) ;
#3727 = CARTESIAN_POINT ( 'NONE',  ( 2.100000000000000089, -7.560000000000000497, 2.100000000000000089 ) ) ;
#3728 = ORIENTED_EDGE ( 'NONE', *, *, #1573, .F. ) ;
#3729 = DIRECTION ( 'NONE',  ( 1.000000000000000000, 0.000000000000000000, 0.000000000000000000 ) ) ;
#3730 = ORIENTED_EDGE ( 'NONE', *, *, #4120, .F. ) ;
#3731 = EDGE_CURVE ( 'NONE', #3186, #2740, #6600, .T. ) ;
#3732 = VERTEX_POINT ( 'NONE', #8353 ) ;
#3733 = DIRECTION ( 'NONE',  ( 0.000000000000000000, 0.000000000000000000, 1.000000000000000000 ) ) ;
#3734 = LINE ( 'NONE', #7134, #7044 ) ;
#3735 = EDGE_LOOP ( 'NONE', ( #5076, #8168, #930, #943, #2275, #268, #610, #4919 ) ) ;
#3736 = ORIENTED_EDGE ( 'NONE', *, *, #4529, .F. ) ;
#3737 = EDGE_CURVE ( 'NONE', #6295, #3591, #798, .T. ) ;
#3738 = SURFACE_STYLE_FILL_AREA ( #2508 ) ;
#3739 = ORIENTED_EDGE ( 'NONE', *, *, #6775, .T. ) ;
#3740 = EDGE_CURVE ( 'NONE', #5316, #3515, #7135, .T. ) ;
#3741 = CARTESIAN_POINT ( 'NONE',  ( 1.250000000000000222, 13.50000000000000000, 3.150000003002861870 ) ) ;
#3742 = DIRECTION ( 'NONE',  ( 1.000000000000000000, 0.000000000000000000, 0.000000000000000000 ) ) ;
#3743 = EDGE_LOOP ( 'NONE', ( #4946, #7952, #3266, #3407 ) ) ;
#3744 = LINE ( 'NONE', #4996, #5262 ) ;
#3745 = FACE_OUTER_BOUND ( 'NONE', #6424, .T. ) ;
#3746 = ORIENTED_EDGE ( 'NONE', *, *, #6312, .F. ) ;
#3747 = EDGE_LOOP ( 'NONE', ( #3364, #6840 ) ) ;
#3748 = FACE_OUTER_BOUND ( 'NONE', #1587, .T. ) ;
#3749 = DIRECTION ( 'NONE',  ( 0.000000000000000000, 1.000000000000000000, 0.000000000000000000 ) ) ;
#3750 = DIRECTION ( 'NONE',  ( 1.000000000000000000, 0.000000000000000000, 0.000000000000000000 ) ) ;
#3751 = DIRECTION ( 'NONE',  ( 0.000000000000000000, 1.000000000000000000, 0.000000000000000000 ) ) ;
#3752 = DIRECTION ( 'NONE',  ( -0.000000000000000000, -1.000000000000000000, -0.000000000000000000 ) ) ;
#3753 = DIRECTION ( 'NONE',  ( -3.197646960325911531E-16, -1.000000000000000000, -0.000000000000000000 ) ) ;
#3754 = CARTESIAN_POINT ( 'NONE',  ( 3.673940397442060361E-16, 13.50000000000000000, 3.000000000000000444 ) ) ;
#3755 = ORIENTED_EDGE ( 'NONE', *, *, #4477, .T. ) ;
#3756 = EDGE_CURVE ( 'NONE', #4540, #954, #4565, .T. ) ;
#3757 = ADVANCED_FACE ( 'NONE', ( #5940 ), #3927, .T. ) ;
#3758 = PLANE ( 'NONE',  #5519 ) ;
#3759 = APPLICATION_PROTOCOL_DEFINITION ( 'draft international standard', 'automotive_design', 1998, #3475 ) ;
#3760 = DIRECTION ( 'NONE',  ( 0.000000000000000000, 0.000000000000000000, 1.000000000000000000 ) ) ;
#3761 = ORIENTED_EDGE ( 'NONE', *, *, #6430, .F. ) ;
#3762 = DIRECTION ( 'NONE',  ( -1.000000000000000000, 0.000000000000000000, 0.000000000000000000 ) ) ;
#3763 = CARTESIAN_POINT ( 'NONE',  ( 1.479999999999999982, 16.49999999999999645, 0.8499999999999999778 ) ) ;
#3764 = DIRECTION ( 'NONE',  ( 1.215054158819962036E-16, 1.000000000000000000, 0.000000000000000000 ) ) ;
#3765 = VERTEX_POINT ( 'NONE', #5229 ) ;
#3766 = EDGE_CURVE ( 'NONE', #7701, #2138, #157, .T. ) ;
#3767 = CARTESIAN_POINT ( 'NONE',  ( 2.349999999999998312, 4.650000000000004796, 5.599999999999999645 ) ) ;
#3768 = EDGE_LOOP ( 'NONE', ( #3678, #4536, #6560, #7091 ) ) ;
#3769 = DIRECTION ( 'NONE',  ( 0.000000000000000000, -1.000000000000000000, 0.000000000000000000 ) ) ;
#3770 = DIRECTION ( 'NONE',  ( -0.000000000000000000, -0.000000000000000000, -1.000000000000000000 ) ) ;
#3771 = CARTESIAN_POINT ( 'NONE',  ( 4.399999999999998579, 0.000000000000000000, 0.000000000000000000 ) ) ;
#3772 = PRODUCT_DEFINITION ( 'UNKNOWN', '', #2449, #2088 ) ;
#3773 = EDGE_LOOP ( 'NONE', ( #5510, #6024, #3322, #7827 ) ) ;
#3774 = ORIENTED_EDGE ( 'NONE', *, *, #6577, .T. ) ;
#3775 = ORIENTED_EDGE ( 'NONE', *, *, #7000, .F. ) ;
#3776 = DIRECTION ( 'NONE',  ( 0.000000000000000000, 0.000000000000000000, -1.000000000000000000 ) ) ;
#3777 = CARTESIAN_POINT ( 'NONE',  ( -4.400000000000002132, -4.200000000000000178, 0.000000000000000000 ) ) ;
#3778 = EDGE_LOOP ( 'NONE', ( #7350, #637, #6524, #8153 ) ) ;
#3779 = DIRECTION ( 'NONE',  ( -0.000000000000000000, -0.000000000000000000, -1.000000000000000000 ) ) ;
#3780 = FACE_OUTER_BOUND ( 'NONE', #284, .T. ) ;
#3781 = EDGE_CURVE ( 'NONE', #7724, #2312, #7174, .T. ) ;
#3782 = ORIENTED_EDGE ( 'NONE', *, *, #743, .T. ) ;
#3783 = VECTOR ( 'NONE', #7716, 1000.000000000000000 ) ;
#3784 = ORIENTED_EDGE ( 'NONE', *, *, #110, .F. ) ;
#3785 = VERTEX_POINT ( 'NONE', #114 ) ;
#3786 = DIRECTION ( 'NONE',  ( 0.000000000000000000, 0.000000000000000000, -1.000000000000000000 ) ) ;
#3787 = DIRECTION ( 'NONE',  ( 0.000000000000000000, 0.000000000000000000, 1.000000000000000000 ) ) ;
#3788 = DIRECTION ( 'NONE',  ( 1.000000000000000000, -2.282530889443169980E-16, 3.683311552148175896E-31 ) ) ;
#3789 = CARTESIAN_POINT ( 'NONE',  ( 0.0008203932499369634770, 16.69999999999999574, 4.781147327278692800E-17 ) ) ;
#3790 = CYLINDRICAL_SURFACE ( 'NONE', #5017, 3.450000000000001510 ) ;
#3791 = CIRCLE ( 'NONE', #131, 0.4000000000000010214 ) ;
#3792 = EDGE_CURVE ( 'NONE', #1872, #356, #2703, .T. ) ;
#3793 = ORIENTED_EDGE ( 'NONE', *, *, #5436, .T. ) ;
#3794 = CARTESIAN_POINT ( 'NONE',  ( -25.68937042237544333, 24.39353571423245981, -5.350000000000001421 ) ) ;
#3795 = ITEM_DEFINED_TRANSFORMATION ( 'NONE', 'NONE', #5023,  #4879 ) ;
#3796 = UNCERTAINTY_MEASURE_WITH_UNIT (LENGTH_MEASURE( 1.000000000000000082E-05 ), #591, 'distance_accuracy_value', 'NONE');
#3797 = CARTESIAN_POINT ( 'NONE',  ( 0.5000000000000002220, 16.69999999999999574, 2.299999999999999822 ) ) ;
#3798 = VERTEX_POINT ( 'NONE', #7968 ) ;
#3799 = EDGE_CURVE ( 'NONE', #7978, #1789, #8050, .T. ) ;
#3800 = ORIENTED_EDGE ( 'NONE', *, *, #7545, .T. ) ;
#3801 = LINE ( 'NONE', #1817, #3286 ) ;
#3802 = DIRECTION ( 'NONE',  ( -0.000000000000000000, -1.000000000000000000, -0.000000000000000000 ) ) ;
#3803 = VECTOR ( 'NONE', #5115, 1000.000000000000000 ) ;
#3804 = VERTEX_POINT ( 'NONE', #2827 ) ;
#3805 = AXIS2_PLACEMENT_3D ( 'NONE', #3848, #6362, #6957 ) ;
#3806 = CARTESIAN_POINT ( 'NONE',  ( -23.73937042237544759, 33.89353571423244205, 1.449999999999999956 ) ) ;
#3807 = CARTESIAN_POINT ( 'NONE',  ( -1.900000000000001910, -4.200000000000000178, 0.1000000000000000056 ) ) ;
#3808 = EDGE_CURVE ( 'NONE', #4820, #6038, #7681, .T. ) ;
#3809 = VERTEX_POINT ( 'NONE', #7376 ) ;
#3810 = ADVANCED_FACE ( 'NONE', ( #237 ), #7897, .T. ) ;
#3811 = CARTESIAN_POINT ( 'NONE',  ( 1.899999999999996358, -2.700000000000000622, 0.1000000000000000056 ) ) ;
#3812 = VECTOR ( 'NONE', #2103, 1000.000000000000000 ) ;
#3813 = DIRECTION ( 'NONE',  ( -1.000000000000000000, 0.000000000000000000, 0.000000000000000000 ) ) ;
#3814 = CARTESIAN_POINT ( 'NONE',  ( -1.734723475976807094E-15, 0.4500000000000040079, 0.000000000000000000 ) ) ;
#3815 = EDGE_LOOP ( 'NONE', ( #655, #8151, #34, #219, #680 ) ) ;
#3816 = AXIS2_PLACEMENT_3D ( 'NONE', #3588, #1086, #1640 ) ;
#3817 = CARTESIAN_POINT ( 'NONE',  ( -15.68937042237545576, 24.39353571423245626, -7.350000000000000533 ) ) ;
#3818 = ORIENTED_EDGE ( 'NONE', *, *, #7633, .F. ) ;
#3819 = DIRECTION ( 'NONE',  ( 1.000000000000000000, 0.000000000000000000, 0.000000000000000000 ) ) ;
#3820 = DIRECTION ( 'NONE',  ( -1.000000000000000000, 0.000000000000000000, 0.000000000000000000 ) ) ;
#3821 = ORIENTED_EDGE ( 'NONE', *, *, #7098, .T. ) ;
#3822 = DIRECTION ( 'NONE',  ( 0.000000000000000000, 0.000000000000000000, 1.000000000000000000 ) ) ;
#3823 = CARTESIAN_POINT ( 'NONE',  ( -16.13937042237545327, 23.89353571423246336, 0.4500000000000001221 ) ) ;
#3824 = VECTOR ( 'NONE', #7239, 1000.000000000000000 ) ;
#3825 = ORIENTED_EDGE ( 'NONE', *, *, #475, .F. ) ;
#3826 = CIRCLE ( 'NONE', #4360, 0.6499999999999978018 ) ;
#3827 = VECTOR ( 'NONE', #5127, 1000.000000000000000 ) ;
#3828 = ORIENTED_EDGE ( 'NONE', *, *, #4161, .F. ) ;
#3829 = VERTEX_POINT ( 'NONE', #2266 ) ;
#3830 = CIRCLE ( 'NONE', #2343, 0.6500000000000012434 ) ;
#3831 = CARTESIAN_POINT ( 'NONE',  ( -17.43937042237544333, 33.89353571423244205, 1.143833291972207178E-15 ) ) ;
#3832 = AXIS2_PLACEMENT_3D ( 'NONE', #2648, #3871, #6571 ) ;
#3833 = CARTESIAN_POINT ( 'NONE',  ( 0.4999999999999987232, 0.000000000000000000, 0.000000000000000000 ) ) ;
#3834 = EDGE_CURVE ( 'NONE', #1191, #2517, #2871, .T. ) ;
#3835 = PLANE ( 'NONE',  #4600 ) ;
#3836 = LINE ( 'NONE', #1332, #454 ) ;
#3837 = AXIS2_PLACEMENT_3D ( 'NONE', #97, #222, #3357 ) ;
#3838 = CARTESIAN_POINT ( 'NONE',  ( 1.899999999999996358, -2.700000000000000622, 0.1000000000000000056 ) ) ;
#3839 = VECTOR ( 'NONE', #5018, 1000.000000000000000 ) ;
#3840 = ORIENTED_EDGE ( 'NONE', *, *, #347, .T. ) ;
#3841 = AXIS2_PLACEMENT_3D ( 'NONE', #7559, #1604, #477 ) ;
#3842 = PRODUCT_DEFINITION_SHAPE ( 'NONE', 'NONE',  #8049 ) ;
#3843 = VECTOR ( 'NONE', #3819, 1000.000000000000000 ) ;
#3844 = DIRECTION ( 'NONE',  ( -1.000000000000000000, 0.000000000000000000, 0.000000000000000000 ) ) ;
#3845 = FACE_OUTER_BOUND ( 'NONE', #1693, .T. ) ;
#3846 = EDGE_CURVE ( 'NONE', #4364, #4947, #5434, .T. ) ;
#3847 = CARTESIAN_POINT ( 'NONE',  ( -15.68937042237545931, 38.44353571423245342, 0.4500000000000001221 ) ) ;
#3848 = CARTESIAN_POINT ( 'NONE',  ( -1.734723475976807094E-15, 0.4500000000000040079, 1.800000000000000488 ) ) ;
#3849 = CARTESIAN_POINT ( 'NONE',  ( 4.399999999999998579, 5.150000000000004796, 5.000000000000000000 ) ) ;
#3850 = DIRECTION ( 'NONE',  ( -0.000000000000000000, -0.000000000000000000, -1.000000000000000000 ) ) ;
#3851 = ORIENTED_EDGE ( 'NONE', *, *, #8287, .T. ) ;
#3852 = DIRECTION ( 'NONE',  ( -0.000000000000000000, -1.000000000000000000, -0.000000000000000000 ) ) ;
#3853 = CARTESIAN_POINT ( 'NONE',  ( -24.95407293565522622, 21.85027710540992629, -7.349999999999920597 ) ) ;
#3854 = DIRECTION ( 'NONE',  ( -0.000000000000000000, -0.000000000000000000, -1.000000000000000000 ) ) ;
#3855 = DIRECTION ( 'NONE',  ( 1.000000000000000000, 0.000000000000000000, 0.000000000000000000 ) ) ;
#3856 = EDGE_CURVE ( 'NONE', #811, #1315, #4174, .T. ) ;
#3857 = ADVANCED_FACE ( 'NONE', ( #6672 ), #4843, .T. ) ;
#3858 = ORIENTED_EDGE ( 'NONE', *, *, #8205, .F. ) ;
#3859 = CARTESIAN_POINT ( 'NONE',  ( -1.900000000000001910, -2.700000000000001066, 0.000000000000000000 ) ) ;
#3860 = ORIENTED_EDGE ( 'NONE', *, *, #7493, .T. ) ;
#3861 = UNCERTAINTY_MEASURE_WITH_UNIT (LENGTH_MEASURE( 1.000000000000000082E-05 ), #2136, 'distance_accuracy_value', 'NONE');
#3862 = LINE ( 'NONE', #5663, #872 ) ;
#3863 = FACE_OUTER_BOUND ( 'NONE', #2512, .T. ) ;
#3864 = ORIENTED_EDGE ( 'NONE', *, *, #4447, .F. ) ;
#3865 = DIRECTION ( 'NONE',  ( -1.000000000000000000, 0.000000000000000000, 0.000000000000000000 ) ) ;
#3866 = ORIENTED_EDGE ( 'NONE', *, *, #7671, .F. ) ;
#3867 = ORIENTED_EDGE ( 'NONE', *, *, #615, .T. ) ;
#3868 = EDGE_LOOP ( 'NONE', ( #3730, #1347, #6303, #392, #3867, #1564 ) ) ;
#3869 = DIRECTION ( 'NONE',  ( -2.154044051295704582E-16, 0.000000000000000000, 1.000000000000000000 ) ) ;
#3870 = DIRECTION ( 'NONE',  ( 0.000000000000000000, 0.000000000000000000, 1.000000000000000000 ) ) ;
#3871 = DIRECTION ( 'NONE',  ( -0.000000000000000000, -0.000000000000000000, -1.000000000000000000 ) ) ;
#3872 = DIRECTION ( 'NONE',  ( 0.000000000000000000, -1.000000000000000000, 8.673617379884043361E-16 ) ) ;
#3873 = DIRECTION ( 'NONE',  ( 0.000000000000000000, 0.000000000000000000, -1.000000000000000000 ) ) ;
#3874 = DIRECTION ( 'NONE',  ( 0.000000000000000000, 0.000000000000000000, 1.000000000000000000 ) ) ;
#3875 = DIRECTION ( 'NONE',  ( 0.4383711467890771818, -0.8987940462991670376, 0.000000000000000000 ) ) ;
#3876 = ORIENTED_EDGE ( 'NONE', *, *, #2398, .T. ) ;
#3877 = ADVANCED_FACE ( 'NONE', ( #7340 ), #3536, .T. ) ;
#3878 = LINE ( 'NONE', #6487, #6343 ) ;
#3879 = CARTESIAN_POINT ( 'NONE',  ( 0.000000000000000000, 15.19999999999999751, -2.404700010220583106 ) ) ;
#3880 = CARTESIAN_POINT ( 'NONE',  ( -1.717782817031721088E-15, 0.4500000000000016764, 18.59999999999999787 ) ) ;
#3881 = FACE_OUTER_BOUND ( 'NONE', #5597, .T. ) ;
#3882 = CYLINDRICAL_SURFACE ( 'NONE', #279, 0.7999999999999999334 ) ;
#3883 = CARTESIAN_POINT ( 'NONE',  ( -32.81920219114628878, 24.84349069516609632, -7.349999999999800693 ) ) ;
#3884 = DIRECTION ( 'NONE',  ( 0.000000000000000000, 0.000000000000000000, 1.000000000000000000 ) ) ;
#3885 = EDGE_LOOP ( 'NONE', ( #1644, #3663, #190, #440 ) ) ;
#3886 = EDGE_CURVE ( 'NONE', #3391, #5102, #4807, .T. ) ;
#3887 = EDGE_CURVE ( 'NONE', #6930, #5062, #3903, .T. ) ;
#3888 = CARTESIAN_POINT ( 'NONE',  ( -16.13937042237544972, 24.39353571423245626, -5.350000000000000533 ) ) ;
#3889 = CARTESIAN_POINT ( 'NONE',  ( -25.33406831695907613, 21.19274697494674697, -5.349999999999934808 ) ) ;
#3890 = EDGE_LOOP ( 'NONE', ( #4988, #6942, #346, #2390 ) ) ;
#3891 = CARTESIAN_POINT ( 'NONE',  ( -23.68937042237543977, 29.69353571423244986, 0.000000000000000000 ) ) ;
#3892 = CARTESIAN_POINT ( 'NONE',  ( 2.900000000000001243, -7.560000000000000497, 1.800000000000000266 ) ) ;
#3893 = EDGE_CURVE ( 'NONE', #2366, #4008, #7960, .T. ) ;
#3894 = EDGE_LOOP ( 'NONE', ( #377, #5343, #5256, #3551, #6050, #6135, #4268, #8289, #7744, #3956 ) ) ;
#3895 = CARTESIAN_POINT ( 'NONE',  ( -3.000000000000001776, -3.750000000000000000, 5.599999999999999645 ) ) ;
#3896 = ORIENTED_EDGE ( 'NONE', *, *, #3496, .F. ) ;
#3897 = PLANE ( 'NONE',  #7474 ) ;
#3898 = PLANE ( 'NONE',  #6639 ) ;
#3899 = VERTEX_POINT ( 'NONE', #4719 ) ;
#3900 = DIRECTION ( 'NONE',  ( -1.000000000000000000, 0.000000000000000000, 0.000000000000000000 ) ) ;
#3901 = EDGE_CURVE ( 'NONE', #2507, #4689, #814, .T. ) ;
#3902 = VERTEX_POINT ( 'NONE', #6744 ) ;
#3903 = CIRCLE ( 'NONE', #1886, 1.000000000000001776 ) ;
#3904 = ORIENTED_EDGE ( 'NONE', *, *, #5117, .F. ) ;
#3905 = VERTEX_POINT ( 'NONE', #6788 ) ;
#3906 =( REPRESENTATION_RELATIONSHIP ('NONE','NONE', #4253, #2041 ) REPRESENTATION_RELATIONSHIP_WITH_TRANSFORMATION ( #4011 )SHAPE_REPRESENTATION_RELATIONSHIP( ) );
#3907 = DIRECTION ( 'NONE',  ( -0.8987940462991665935, -0.4383711467890784585, 0.000000000000000000 ) ) ;
#3908 = DIRECTION ( 'NONE',  ( -1.000000000000000000, 0.000000000000000000, 0.000000000000000000 ) ) ;
#3909 = CARTESIAN_POINT ( 'NONE',  ( -25.23937042237544404, 23.89353571423246692, 0.000000000000000000 ) ) ;
#3910 = LINE ( 'NONE', #101, #3118 ) ;
#3911 = LINE ( 'NONE', #6481, #984 ) ;
#3912 = EDGE_CURVE ( 'NONE', #5, #3515, #951, .T. ) ;
#3913 = LINE ( 'NONE', #4007, #7307 ) ;
#3914 = EDGE_CURVE ( 'NONE', #902, #7419, #8227, .T. ) ;
#3915 = CIRCLE ( 'NONE', #4054, 0.6500000000000000222 ) ;
#3916 = ORIENTED_EDGE ( 'NONE', *, *, #7906, .F. ) ;
#3917 = VERTEX_POINT ( 'NONE', #3581 ) ;
#3918 = CARTESIAN_POINT ( 'NONE',  ( -15.68937042237545931, 38.44353571423245342, -5.350000000000003197 ) ) ;
#3919 = CARTESIAN_POINT ( 'NONE',  ( -0.4500000000000001221, -3.020950878361716718, 2.500000000000000000 ) ) ;
#3920 = VECTOR ( 'NONE', #7114, 1000.000000000000000 ) ;
#3921 = DIRECTION ( 'NONE',  ( -1.000000000000000000, -1.734723475976807094E-16, 0.000000000000000000 ) ) ;
#3922 = DIRECTION ( 'NONE',  ( 0.000000000000000000, -1.000000000000000000, 0.000000000000000000 ) ) ;
#3923 = CARTESIAN_POINT ( 'NONE',  ( -1.734723475976807094E-15, 0.4500000000000040079, 2.100000000000000089 ) ) ;
#3924 = AXIS2_PLACEMENT_3D ( 'NONE', #3207, #107, #7714 ) ;
#3925 = ORIENTED_EDGE ( 'NONE', *, *, #7522, .T. ) ;
#3926 = CIRCLE ( 'NONE', #2858, 0.6999999999999992895 ) ;
#3927 = CYLINDRICAL_SURFACE ( 'NONE', #8352, 0.6000000000000001998 ) ;
#3928 = CARTESIAN_POINT ( 'NONE',  ( 0.6499999999999984679, 0.4500000000000040634, 5.000000000000000000 ) ) ;
#3929 = ORIENTED_EDGE ( 'NONE', *, *, #110, .T. ) ;
#3930 = EDGE_CURVE ( 'NONE', #1917, #1050, #5988, .T. ) ;
#3931 = AXIS2_PLACEMENT_3D ( 'NONE', #607, #5151, #2340 ) ;
#3932 = CARTESIAN_POINT ( 'NONE',  ( 1.479999999999999982, 16.49999999999999645, 0.8499999999999999778 ) ) ;
#3933 = DIRECTION ( 'NONE',  ( 1.000000000000000000, -1.495451272393799296E-16, 0.000000000000000000 ) ) ;
#3934 = DIRECTION ( 'NONE',  ( 0.000000000000000000, 0.000000000000000000, -1.000000000000000000 ) ) ;
#3935 = VECTOR ( 'NONE', #8315, 1000.000000000000000 ) ;
#3936 = STYLED_ITEM ( 'NONE', ( #2250 ), #8155 ) ;
#3937 = EDGE_LOOP ( 'NONE', ( #5000, #170, #692, #4605 ) ) ;
#3938 = CARTESIAN_POINT ( 'NONE',  ( 1.479999999999999982, 16.69999999999999574, 0.8499999999999999778 ) ) ;
#3939 = VERTEX_POINT ( 'NONE', #6141 ) ;
#3940 = CARTESIAN_POINT ( 'NONE',  ( -17.33937042237545256, 29.99353571423246123, -4.900000000000003020 ) ) ;
#3941 = CARTESIAN_POINT ( 'NONE',  ( 4.399999999999998579, 5.950000000000003730, 5.000000000000000000 ) ) ;
#3942 = VECTOR ( 'NONE', #6903, 1000.000000000000000 ) ;
#3943 = EDGE_LOOP ( 'NONE', ( #3063, #4856, #1997, #2085 ) ) ;
#3944 = ADVANCED_FACE ( 'NONE', ( #363 ), #7931, .T. ) ;
#3945 = CARTESIAN_POINT ( 'NONE',  ( -25.68937042237544333, 24.39353571423245981, -7.350000000000000533 ) ) ;
#3946 =( GEOMETRIC_REPRESENTATION_CONTEXT ( 3 ) GLOBAL_UNCERTAINTY_ASSIGNED_CONTEXT ( ( #3796 ) ) GLOBAL_UNIT_ASSIGNED_CONTEXT ( ( #591, #505, #7674 ) ) REPRESENTATION_CONTEXT ( 'NONE', 'WORKASPACE' ) );
#3947 = ORIENTED_EDGE ( 'NONE', *, *, #809, .F. ) ;
#3948 = VECTOR ( 'NONE', #2608, 1000.000000000000000 ) ;
#3949 = ORIENTED_EDGE ( 'NONE', *, *, #7383, .T. ) ;
#3950 = EDGE_CURVE ( 'NONE', #5910, #1570, #1133, .T. ) ;
#3951 = PRESENTATION_LAYER_ASSIGNMENT (  '', '', ( #968 ) ) ;
#3952 = VERTEX_POINT ( 'NONE', #2437 ) ;
#3953 = LINE ( 'NONE', #3318, #5013 ) ;
#3954 = LINE ( 'NONE', #820, #4498 ) ;
#3955 = CARTESIAN_POINT ( 'NONE',  ( 1.090871211463567247, -0.05000000000000071054, 0.000000000000000000 ) ) ;
#3956 = ORIENTED_EDGE ( 'NONE', *, *, #2634, .F. ) ;
#3957 = CARTESIAN_POINT ( 'NONE',  ( 0.000000000000000000, 15.89999999999999680, 0.000000000000000000 ) ) ;
#3958 = DIRECTION ( 'NONE',  ( 0.000000000000000000, 0.000000000000000000, 1.000000000000000000 ) ) ;
#3959 = AXIS2_PLACEMENT_3D ( 'NONE', #2434, #5009, #1171 ) ;
#3960 = AXIS2_PLACEMENT_3D ( 'NONE', #1567, #2960, #4222 ) ;
#3961 = FACE_OUTER_BOUND ( 'NONE', #7888, .T. ) ;
#3962 = CYLINDRICAL_SURFACE ( 'NONE', #714, 0.6500000000000000222 ) ;
#3963 = AXIS2_PLACEMENT_3D ( 'NONE', #7192, #1413, #2719 ) ;
#3964 = ORIENTED_EDGE ( 'NONE', *, *, #743, .F. ) ;
#3965 = VECTOR ( 'NONE', #3361, 1000.000000000000000 ) ;
#3966 = EDGE_CURVE ( 'NONE', #4105, #3639, #4724, .T. ) ;
#3967 = EDGE_LOOP ( 'NONE', ( #4460, #6939, #3214, #3996, #766 ) ) ;
#3968 = EDGE_CURVE ( 'NONE', #6742, #1381, #2990, .T. ) ;
#3969 = DIRECTION ( 'NONE',  ( -1.000000000000000000, 0.000000000000000000, 0.000000000000000000 ) ) ;
#3970 = DIRECTION ( 'NONE',  ( 1.000000000000000000, 0.000000000000000000, 0.000000000000000000 ) ) ;
#3971 = AXIS2_PLACEMENT_3D ( 'NONE', #7514, #1087, #6148 ) ;
#3972 = VECTOR ( 'NONE', #5055, 1000.000000000000000 ) ;
#3973 = CARTESIAN_POINT ( 'NONE',  ( -23.68937042237544333, 38.09353571423245910, 0.000000000000000000 ) ) ;
#3974 = CARTESIAN_POINT ( 'NONE',  ( -15.68937042237545576, 23.89353571423246336, -0.4000000000000010214 ) ) ;
#3975 = VECTOR ( 'NONE', #6264, 1000.000000000000000 ) ;
#3976 = LINE ( 'NONE', #6583, #4896 ) ;
#3977 = ORIENTED_EDGE ( 'NONE', *, *, #1585, .F. ) ;
#3978 = AXIS2_PLACEMENT_3D ( 'NONE', #1106, #6259, #6161 ) ;
#3979 = DIRECTION ( 'NONE',  ( 0.000000000000000000, 0.000000000000000000, -1.000000000000000000 ) ) ;
#3980 = ORIENTED_EDGE ( 'NONE', *, *, #3384, .T. ) ;
#3981 = CARTESIAN_POINT ( 'NONE',  ( -1.900000000000001910, 0.000000000000000000, 0.000000000000000000 ) ) ;
#3982 = AXIS2_PLACEMENT_3D ( 'NONE', #6226, #3669, #6360 ) ;
#3983 = EDGE_LOOP ( 'NONE', ( #1158, #4391, #8098, #4669 ) ) ;
#3984 = LINE ( 'NONE', #1442, #6774 ) ;
#3985 = CARTESIAN_POINT ( 'NONE',  ( 0.4999999999999982792, -0.05000000000000062034, 0.5000000000000000000 ) ) ;
#3986 = FACE_OUTER_BOUND ( 'NONE', #5454, .T. ) ;
#3987 = EDGE_CURVE ( 'NONE', #784, #99, #5551, .T. ) ;
#3988 = ORIENTED_EDGE ( 'NONE', *, *, #3846, .T. ) ;
#3989 = DIRECTION ( 'NONE',  ( 0.000000000000000000, 0.000000000000000000, 1.000000000000000000 ) ) ;
#3990 = FACE_OUTER_BOUND ( 'NONE', #6843, .T. ) ;
#3991 = EDGE_LOOP ( 'NONE', ( #2586, #6395, #3977, #5081 ) ) ;
#3992 = CARTESIAN_POINT ( 'NONE',  ( -3.500000000000001776, 0.4500000000000044520, 2.500000000000000000 ) ) ;
#3993 = CARTESIAN_POINT ( 'NONE',  ( -15.68937042237545576, 23.89353571423246336, -0.4000000000000010214 ) ) ;
#3994 = ORIENTED_EDGE ( 'NONE', *, *, #5267, .T. ) ;
#3995 = EDGE_CURVE ( 'NONE', #559, #1416, #5014, .T. ) ;
#3996 = ORIENTED_EDGE ( 'NONE', *, *, #3394, .T. ) ;
#3997 = EDGE_CURVE ( 'NONE', #1919, #6993, #2163, .T. ) ;
#3998 = VERTEX_POINT ( 'NONE', #6907 ) ;
#3999 = DIRECTION ( 'NONE',  ( -1.000000000000000000, 0.000000000000000000, -2.154044051295704582E-16 ) ) ;
#4000 = DIRECTION ( 'NONE',  ( 0.000000000000000000, 0.000000000000000000, 1.000000000000000000 ) ) ;
#4001 = LINE ( 'NONE', #6605, #6787 ) ;
#4002 = CARTESIAN_POINT ( 'NONE',  ( -1.734723475976807094E-15, 0.4500000000000040079, 2.500000000000000000 ) ) ;
#4003 = EDGE_LOOP ( 'NONE', ( #3108, #3283, #90, #618 ) ) ;
#4004 = DIRECTION ( 'NONE',  ( 0.000000000000000000, 0.000000000000000000, 1.000000000000000000 ) ) ;
#4005 = LINE ( 'NONE', #6401, #3025 ) ;
#4006 = PLANE ( 'NONE',  #7986 ) ;
#4007 = CARTESIAN_POINT ( 'NONE',  ( -25.23937042237544048, 38.44353571423246052, -4.400000000000000355 ) ) ;
#4008 = VERTEX_POINT ( 'NONE', #3720 ) ;
#4009 = ORIENTED_EDGE ( 'NONE', *, *, #4887, .F. ) ;
#4010 = LINE ( 'NONE', #758, #4861 ) ;
#4011 = ITEM_DEFINED_TRANSFORMATION ( 'NONE', 'NONE', #2456,  #153 ) ;
#4012 = PLANE ( 'NONE',  #3109 ) ;
#4013 = PLANE ( 'NONE',  #6210 ) ;
#4014 = LINE ( 'NONE', #796, #1398 ) ;
#4015 = EDGE_CURVE ( 'NONE', #4740, #6072, #401, .T. ) ;
#4016 = EDGE_CURVE ( 'NONE', #332, #3053, #2361, .T. ) ;
#4017 = EDGE_LOOP ( 'NONE', ( #6313, #5923, #2094, #7617 ) ) ;
#4018 = DIRECTION ( 'NONE',  ( 1.000000000000000000, 0.000000000000000000, 0.000000000000000000 ) ) ;
#4019 = ORIENTED_EDGE ( 'NONE', *, *, #3893, .F. ) ;
#4020 = CYLINDRICAL_SURFACE ( 'NONE', #8123, 1.000000000000000888 ) ;
#4021 = CARTESIAN_POINT ( 'NONE',  ( -16.98937042237545114, 38.09353571423245910, 0.000000000000000000 ) ) ;
#4022 = DIRECTION ( 'NONE',  ( -3.197646960325912517E-16, 1.000000000000000000, 0.000000000000000000 ) ) ;
#4023 = EDGE_CURVE ( 'NONE', #6602, #7624, #3083, .T. ) ;
#4024 = LINE ( 'NONE', #164, #6376 ) ;
#4025 = EDGE_CURVE ( 'NONE', #4769, #811, #5682, .T. ) ;
#4026 = ORIENTED_EDGE ( 'NONE', *, *, #2499, .F. ) ;
#4027 = ORIENTED_EDGE ( 'NONE', *, *, #2526, .T. ) ;
#4028 = CARTESIAN_POINT ( 'NONE',  ( 0.7499999999999997780, -5.950000000000000178, 1.800000000000000266 ) ) ;
#4029 = ORIENTED_EDGE ( 'NONE', *, *, #8103, .F. ) ;
#4030 = CARTESIAN_POINT ( 'NONE',  ( 3.599999999999999645, -5.149999999999998579, 5.000000000000000000 ) ) ;
#4031 = DIRECTION ( 'NONE',  ( 0.000000000000000000, 0.000000000000000000, -1.000000000000000000 ) ) ;
#4032 = VERTEX_POINT ( 'NONE', #8086 ) ;
#4033 = ORIENTED_EDGE ( 'NONE', *, *, #2127, .F. ) ;
#4034 = VERTEX_POINT ( 'NONE', #6315 ) ;
#4035 = LINE ( 'NONE', #7704, #5810 ) ;
#4036 = CARTESIAN_POINT ( 'NONE',  ( -15.68937042237545576, 37.14353571423245626, -5.350000000000003197 ) ) ;
#4037 = PLANE ( 'NONE',  #2625 ) ;
#4038 = DIRECTION ( 'NONE',  ( -0.000000000000000000, -0.000000000000000000, -1.000000000000000000 ) ) ;
#4039 = ORIENTED_EDGE ( 'NONE', *, *, #5436, .F. ) ;
#4040 = DIRECTION ( 'NONE',  ( 1.000000000000000000, 2.168404344971008868E-16, 0.000000000000000000 ) ) ;
#4041 = DIRECTION ( 'NONE',  ( -0.000000000000000000, -1.000000000000000000, -0.000000000000000000 ) ) ;
#4042 = DIRECTION ( 'NONE',  ( -1.000000000000000000, 0.000000000000000000, 0.000000000000000000 ) ) ;
#4043 = EDGE_CURVE ( 'NONE', #7909, #6742, #4393, .T. ) ;
#4044 = VERTEX_POINT ( 'NONE', #4294 ) ;
#4045 = ORIENTED_EDGE ( 'NONE', *, *, #840, .F. ) ;
#4046 = LINE ( 'NONE', #1627, #6237 ) ;
#4047 = VECTOR ( 'NONE', #4765, 1000.000000000000000 ) ;
#4048 = DIRECTION ( 'NONE',  ( 1.000000000000000000, 0.000000000000000000, 0.000000000000000000 ) ) ;
#4049 = DIRECTION ( 'NONE',  ( 0.000000000000000000, 0.000000000000000000, -1.000000000000000000 ) ) ;
#4050 = EDGE_CURVE ( 'NONE', #4713, #2311, #3379, .T. ) ;
#4051 = CARTESIAN_POINT ( 'NONE',  ( -0.4500000000000001776, -3.020950878361716274, 2.100000000000000089 ) ) ;
#4052 = ORIENTED_EDGE ( 'NONE', *, *, #1687, .F. ) ;
#4053 = DIRECTION ( 'NONE',  ( 0.000000000000000000, 0.000000000000000000, -1.000000000000000000 ) ) ;
#4054 = AXIS2_PLACEMENT_3D ( 'NONE', #4935, #7594, #6911 ) ;
#4055 = EDGE_CURVE ( 'NONE', #7787, #711, #3665, .T. ) ;
#4056 = ORIENTED_EDGE ( 'NONE', *, *, #763, .F. ) ;
#4057 = DIRECTION ( 'NONE',  ( -1.000000000000000000, -2.282530889443169980E-16, 0.000000000000000000 ) ) ;
#4058 = VECTOR ( 'NONE', #589, 1000.000000000000000 ) ;
#4059 = ORIENTED_EDGE ( 'NONE', *, *, #7341, .F. ) ;
#4060 = CARTESIAN_POINT ( 'NONE',  ( -0.2999999999999993783, 16.69999999999999574, 2.299999999999999822 ) ) ;
#4061 = DIRECTION ( 'NONE',  ( 0.000000000000000000, 0.000000000000000000, -1.000000000000000000 ) ) ;
#4062 = DIRECTION ( 'NONE',  ( 1.000000000000000000, 0.000000000000000000, 0.000000000000000000 ) ) ;
#4063 = AXIS2_PLACEMENT_3D ( 'NONE', #6045, #3403, #5339 ) ;
#4064 = ORIENTED_EDGE ( 'NONE', *, *, #7477, .F. ) ;
#4065 = ADVANCED_FACE ( 'NONE', ( #5506 ), #7543, .T. ) ;
#4066 = ADVANCED_FACE ( 'NONE', ( #458 ), #3758, .F. ) ;
#4067 = AXIS2_PLACEMENT_3D ( 'NONE', #1097, #6721, #2244 ) ;
#4068 = VERTEX_POINT ( 'NONE', #3794 ) ;
#4069 = CARTESIAN_POINT ( 'NONE',  ( 1.565936075841833475, 13.89999999999999858, -3.517150011924013331 ) ) ;
#4070 = EDGE_LOOP ( 'NONE', ( #8251, #764, #1798, #1364 ) ) ;
#4071 = CYLINDRICAL_SURFACE ( 'NONE', #7733, 1.200000000000029932 ) ;
#4072 = MECHANICAL_DESIGN_GEOMETRIC_PRESENTATION_REPRESENTATION (  '', ( #3936 ), #2865 ) ;
#4073 = VERTEX_POINT ( 'NONE', #1758 ) ;
#4074 = ORIENTED_EDGE ( 'NONE', *, *, #5932, .T. ) ;
#4075 = ADVANCED_FACE ( 'NONE', ( #543 ), #4339, .T. ) ;
#4076 = FACE_OUTER_BOUND ( 'NONE', #8052, .T. ) ;
#4077 = CARTESIAN_POINT ( 'NONE',  ( 3.599999999999999645, -5.949999999999998401, 5.000000000000000000 ) ) ;
#4078 = CARTESIAN_POINT ( 'NONE',  ( 2.600000000000000533, 7.000000000000000000, 1.500000000000000000 ) ) ;
#4079 = DIRECTION ( 'NONE',  ( -0.000000000000000000, -0.000000000000000000, -1.000000000000000000 ) ) ;
#4080 = EDGE_LOOP ( 'NONE', ( #6729, #7778, #5607, #724 ) ) ;
#4081 = CARTESIAN_POINT ( 'NONE',  ( 1.899999999999998801, 0.000000000000000000, 0.000000000000000000 ) ) ;
#4082 = DIRECTION ( 'NONE',  ( -0.5147285590694852253, -0.000000000000000000, -0.8573532005412071166 ) ) ;
#4083 = DIRECTION ( 'NONE',  ( -1.000000000000000000, 0.000000000000000000, 0.000000000000000000 ) ) ;
#4084 = DIRECTION ( 'NONE',  ( 1.000000000000000000, 0.000000000000000000, 0.000000000000000000 ) ) ;
#4085 = AXIS2_PLACEMENT_3D ( 'NONE', #8215, #5759, #2435 ) ;
#4086 = ORIENTED_EDGE ( 'NONE', *, *, #3756, .T. ) ;
#4087 = AXIS2_PLACEMENT_3D ( 'NONE', #6349, #4881, #2984 ) ;
#4088 = VERTEX_POINT ( 'NONE', #3617 ) ;
#4089 = CARTESIAN_POINT ( 'NONE',  ( -3.400000000000003464, -0.05202383709185157135, 0.5000000000000000000 ) ) ;
#4090 = ADVANCED_FACE ( 'NONE', ( #5221 ), #7166, .F. ) ;
#4091 = VECTOR ( 'NONE', #171, 1000.000000000000000 ) ;
#4092 = AXIS2_PLACEMENT_3D ( 'NONE', #957, #8093, #2368 ) ;
#4093 = CARTESIAN_POINT ( 'NONE',  ( -3.600000000000001865, 5.150000000000003908, 5.000000000000000000 ) ) ;
#4094 = VECTOR ( 'NONE', #3672, 1000.000000000000000 ) ;
#4095 = DIRECTION ( 'NONE',  ( 0.000000000000000000, 0.000000000000000000, -1.000000000000000000 ) ) ;
#4096 = AXIS2_PLACEMENT_3D ( 'NONE', #6839, #3554, #3633 ) ;
#4097 = VERTEX_POINT ( 'NONE', #8344 ) ;
#4098 = AXIS2_PLACEMENT_3D ( 'NONE', #2701, #7846, #7895 ) ;
#4099 = AXIS2_PLACEMENT_3D ( 'NONE', #2805, #128, #6598 ) ;
#4100 = DIRECTION ( 'NONE',  ( 0.000000000000000000, 1.000000000000000000, 0.000000000000000000 ) ) ;
#4101 = ADVANCED_FACE ( 'NONE', ( #1887 ), #1337, .T. ) ;
#4102 = AXIS2_PLACEMENT_3D ( 'NONE', #7121, #71, #2658 ) ;
#4103 = EDGE_CURVE ( 'NONE', #2138, #7214, #1382, .T. ) ;
#4104 = DIRECTION ( 'NONE',  ( -0.9999994735200916640, 0.000000000000000000, 0.001026138167772390822 ) ) ;
#4105 = VERTEX_POINT ( 'NONE', #1978 ) ;
#4106 = AXIS2_PLACEMENT_3D ( 'NONE', #1294, #3873, #2735 ) ;
#4107 = CARTESIAN_POINT ( 'NONE',  ( -1.900000000000001910, 3.600000000000003642, 0.1000000000000000056 ) ) ;
#4108 = AXIS2_PLACEMENT_3D ( 'NONE', #8035, #6885, #5582 ) ;
#4109 = ORIENTED_EDGE ( 'NONE', *, *, #1200, .F. ) ;
#4110 = CARTESIAN_POINT ( 'NONE',  ( -15.68937042237545576, 23.89353571423246336, 0.4500000000000001221 ) ) ;
#4111 = CARTESIAN_POINT ( 'NONE',  ( -0.6700000000000001510, 15.89999999999999680, -0.5999999999999998668 ) ) ;
#4112 = VECTOR ( 'NONE', #4705, 1000.000000000000000 ) ;
#4113 = FACE_OUTER_BOUND ( 'NONE', #1728, .T. ) ;
#4114 = AXIS2_PLACEMENT_3D ( 'NONE', #4151, #5911, #5358 ) ;
#4115 = VERTEX_POINT ( 'NONE', #2565 ) ;
#4116 = VECTOR ( 'NONE', #568, 1000.000000000000000 ) ;
#4117 = PLANE ( 'NONE',  #1925 ) ;
#4118 = EDGE_LOOP ( 'NONE', ( #556, #4989, #3446, #3840, #86 ) ) ;
#4119 = EDGE_CURVE ( 'NONE', #737, #6539, #2171, .T. ) ;
#4120 = EDGE_CURVE ( 'NONE', #1707, #4837, #4521, .T. ) ;
#4121 = ORIENTED_EDGE ( 'NONE', *, *, #447, .T. ) ;
#4122 = ORIENTED_EDGE ( 'NONE', *, *, #7892, .F. ) ;
#4123 = CARTESIAN_POINT ( 'NONE',  ( -1.900000000000001910, -2.700000000000000622, 0.1000000000000000056 ) ) ;
#4124 = CARTESIAN_POINT ( 'NONE',  ( 4.399999999999998579, -5.949999999999998401, 2.100000000000000089 ) ) ;
#4125 = DIRECTION ( 'NONE',  ( 0.8987940462991664825, -0.4383711467890785696, -1.385919228607421386E-14 ) ) ;
#4126 = FACE_OUTER_BOUND ( 'NONE', #7235, .T. ) ;
#4127 = ORIENTED_EDGE ( 'NONE', *, *, #2446, .F. ) ;
#4128 = DIRECTION ( 'NONE',  ( -1.000000000000000000, -0.000000000000000000, -0.000000000000000000 ) ) ;
#4129 = DIRECTION ( 'NONE',  ( -1.000000000000000000, 0.000000000000000000, 0.000000000000000000 ) ) ;
#4130 = DIRECTION ( 'NONE',  ( -0.000000000000000000, -1.000000000000000000, -0.000000000000000000 ) ) ;
#4131 = LINE ( 'NONE', #2857, #7585 ) ;
#4132 = EDGE_CURVE ( 'NONE', #4851, #4707, #3878, .T. ) ;
#4133 = ORIENTED_EDGE ( 'NONE', *, *, #4211, .F. ) ;
#4134 = EDGE_LOOP ( 'NONE', ( #2780, #5706, #735, #7257 ) ) ;
#4135 = CARTESIAN_POINT ( 'NONE',  ( -1.734723475976807094E-15, 0.4500000000000040079, 2.500000000000000000 ) ) ;
#4136 = CARTESIAN_POINT ( 'NONE',  ( -2.350000000000001865, 4.650000000000003908, 5.599999999999999645 ) ) ;
#4137 = DIRECTION ( 'NONE',  ( 1.000000000000000000, 0.000000000000000000, 0.000000000000000000 ) ) ;
#4138 = DIRECTION ( 'NONE',  ( 3.197646960325912517E-16, -1.000000000000000000, 0.000000000000000000 ) ) ;
#4139 = CARTESIAN_POINT ( 'NONE',  ( -0.6700000000000000400, 16.69999999999999574, -0.5999999999999998668 ) ) ;
#4140 =( NAMED_UNIT ( * ) PLANE_ANGLE_UNIT ( ) SI_UNIT ( $, .RADIAN. ) );
#4141 = DIRECTION ( 'NONE',  ( -1.000000000000000000, 0.000000000000000000, 0.000000000000000000 ) ) ;
#4142 = ORIENTED_EDGE ( 'NONE', *, *, #130, .T. ) ;
#4143 = ORIENTED_EDGE ( 'NONE', *, *, #5771, .F. ) ;
#4144 = LINE ( 'NONE', #6867, #585 ) ;
#4145 = DIRECTION ( 'NONE',  ( 0.000000000000000000, 0.000000000000000000, 1.000000000000000000 ) ) ;
#4146 = CARTESIAN_POINT ( 'NONE',  ( -23.68937042237544333, 38.09353571423245910, 0.4500000000000001221 ) ) ;
#4147 = EDGE_CURVE ( 'NONE', #2157, #3708, #4010, .T. ) ;
#4148 = EDGE_CURVE ( 'NONE', #3652, #1743, #2613, .T. ) ;
#4149 = ORIENTED_EDGE ( 'NONE', *, *, #1113, .T. ) ;
#4150 = EDGE_LOOP ( 'NONE', ( #1186, #1848, #3876, #6256 ) ) ;
#4151 = CARTESIAN_POINT ( 'NONE',  ( 1.479999999999999982, 16.49999999999999645, 0.8499999999999999778 ) ) ;
#4152 = ORIENTED_EDGE ( 'NONE', *, *, #3886, .F. ) ;
#4153 = DIRECTION ( 'NONE',  ( -1.000000000000000000, 0.000000000000000000, 0.000000000000000000 ) ) ;
#4154 = EDGE_CURVE ( 'NONE', #3652, #5840, #4367, .T. ) ;
#4155 = VERTEX_POINT ( 'NONE', #1431 ) ;
#4156 = ORIENTED_EDGE ( 'NONE', *, *, #4351, .F. ) ;
#4157 = LINE ( 'NONE', #5334, #1774 ) ;
#4158 = DIRECTION ( 'NONE',  ( -1.156482317317869240E-14, 1.000000000000000000, -1.671814187836139556E-29 ) ) ;
#4159 = DIRECTION ( 'NONE',  ( 0.000000000000000000, 0.000000000000000000, -1.000000000000000000 ) ) ;
#4160 = CARTESIAN_POINT ( 'NONE',  ( 3.399999999999998579, -2.050000000000001155, 0.5000000000000000000 ) ) ;
#4161 = EDGE_CURVE ( 'NONE', #6393, #1572, #1298, .T. ) ;
#4162 = EDGE_LOOP ( 'NONE', ( #6294, #4742, #6096, #4422 ) ) ;
#4163 = CARTESIAN_POINT ( 'NONE',  ( -3.400000000000003020, -2.050000000000001155, 0.000000000000000000 ) ) ;
#4164 = CARTESIAN_POINT ( 'NONE',  ( -1.479999999999999982, 16.49999999999999645, 0.8499999999999999778 ) ) ;
#4165 = DIRECTION ( 'NONE',  ( 1.156482317317870029E-14, -1.000000000000000000, 0.000000000000000000 ) ) ;
#4166 = ORIENTED_EDGE ( 'NONE', *, *, #3273, .T. ) ;
#4167 = ORIENTED_EDGE ( 'NONE', *, *, #5196, .F. ) ;
#4168 = CARTESIAN_POINT ( 'NONE',  ( -16.74412211311470244, 22.09100311467075173, -7.350000000000000533 ) ) ;
#4169 = EDGE_CURVE ( 'NONE', #7973, #4397, #6443, .T. ) ;
#4170 = EDGE_CURVE ( 'NONE', #902, #1749, #3330, .T. ) ;
#4171 = DIRECTION ( 'NONE',  ( -1.734723475976806848E-16, -1.000000000000000000, 0.000000000000000000 ) ) ;
#4172 = CARTESIAN_POINT ( 'NONE',  ( -0.5000000000000018874, 1.540871211463575863, 0.5000000000000000000 ) ) ;
#4173 = VERTEX_POINT ( 'NONE', #2694 ) ;
#4174 = LINE ( 'NONE', #3497, #5377 ) ;
#4175 = DIRECTION ( 'NONE',  ( -1.319853306186428452E-31, -5.782411586589351722E-16, -1.000000000000000000 ) ) ;
#4176 = ORIENTED_EDGE ( 'NONE', *, *, #5223, .T. ) ;
#4177 = ORIENTED_EDGE ( 'NONE', *, *, #6862, .T. ) ;
#4178 = CARTESIAN_POINT ( 'NONE',  ( 0.000000000000000000, 15.19999999999999751, -3.850000000000000089 ) ) ;
#4179 = CARTESIAN_POINT ( 'NONE',  ( -0.7500000000000001110, -7.560000000000000497, 1.800000000000000266 ) ) ;
#4180 = CARTESIAN_POINT ( 'NONE',  ( -16.04467252779191355, 21.19274697494674697, -7.349999999999988098 ) ) ;
#4181 = ORIENTED_EDGE ( 'NONE', *, *, #648, .T. ) ;
#4182 = EDGE_LOOP ( 'NONE', ( #2772, #1531, #336, #532, #6520, #3196, #7375 ) ) ;
#4183 = ORIENTED_EDGE ( 'NONE', *, *, #6775, .F. ) ;
#4184 = EDGE_CURVE ( 'NONE', #2218, #5066, #20, .T. ) ;
#4185 = CARTESIAN_POINT ( 'NONE',  ( -20.68937042237544688, 33.89353571423244205, 0.1999999999999999556 ) ) ;
#4186 = ORIENTED_EDGE ( 'NONE', *, *, #6838, .F. ) ;
#4187 = CIRCLE ( 'NONE', #4326, 0.4000000000132786226 ) ;
#4188 = PLANE ( 'NONE',  #7424 ) ;
#4189 = LINE ( 'NONE', #6761, #3550 ) ;
#4190 = VECTOR ( 'NONE', #3027, 1000.000000000000000 ) ;
#4191 = ORIENTED_EDGE ( 'NONE', *, *, #4418, .F. ) ;
#4192 = ORIENTED_EDGE ( 'NONE', *, *, #3619, .F. ) ;
#4193 = EDGE_CURVE ( 'NONE', #5459, #7011, #3423, .T. ) ;
#4194 = DIRECTION ( 'NONE',  ( -1.000000000000000000, -1.156482317317869240E-14, 2.762033637247984495E-44 ) ) ;
#4195 = DIRECTION ( 'NONE',  ( 0.000000000000000000, -1.000000000000000000, 0.000000000000000000 ) ) ;
#4196 = CYLINDRICAL_SURFACE ( 'NONE', #6793, 0.6500000000000001332 ) ;
#4197 = ORIENTED_EDGE ( 'NONE', *, *, #2003, .F. ) ;
#4198 = CARTESIAN_POINT ( 'NONE',  ( -24.95407293565520135, 21.85027710540992629, -5.349999999999920597 ) ) ;
#4199 = LINE ( 'NONE', #4832, #5568 ) ;
#4200 = LINE ( 'NONE', #6696, #1533 ) ;
#4201 = VECTOR ( 'NONE', #5661, 1000.000000000000000 ) ;
#4202 = ORIENTED_EDGE ( 'NONE', *, *, #910, .T. ) ;
#4203 = VECTOR ( 'NONE', #5385, 1000.000000000000000 ) ;
#4204 = ORIENTED_EDGE ( 'NONE', *, *, #2788, .F. ) ;
#4205 = DIRECTION ( 'NONE',  ( 0.000000000000000000, 0.7071067811865464625, 0.7071067811865486830 ) ) ;
#4206 = DIRECTION ( 'NONE',  ( 0.000000000000000000, 0.000000000000000000, 1.000000000000000000 ) ) ;
#4207 = DIRECTION ( 'NONE',  ( 0.000000000000000000, 0.000000000000000000, -1.000000000000000000 ) ) ;
#4208 = AXIS2_PLACEMENT_3D ( 'NONE', #5596, #7028, #5061 ) ;
#4209 = CARTESIAN_POINT ( 'NONE',  ( -16.13937042237545683, 38.44353571423245342, -5.350000000000003197 ) ) ;
#4210 = ORIENTED_EDGE ( 'NONE', *, *, #558, .F. ) ;
#4211 = EDGE_CURVE ( 'NONE', #1050, #1917, #3695, .T. ) ;
#4212 = EDGE_CURVE ( 'NONE', #6261, #892, #2063, .T. ) ;
#4213 = VECTOR ( 'NONE', #3933, 1000.000000000000000 ) ;
#4214 = CARTESIAN_POINT ( 'NONE',  ( -25.68937042237544333, 23.89353571423246692, 0.4500000000000001221 ) ) ;
#4215 = VECTOR ( 'NONE', #4848, 1000.000000000000000 ) ;
#4216 = LINE ( 'NONE', #6791, #55 ) ;
#4217 = ORIENTED_EDGE ( 'NONE', *, *, #3649, .T. ) ;
#4218 = ORIENTED_EDGE ( 'NONE', *, *, #1515, .T. ) ;
#4219 = LINE ( 'NONE', #7975, #4215 ) ;
#4220 = VECTOR ( 'NONE', #2116, 1000.000000000000000 ) ;
#4221 = VECTOR ( 'NONE', #4000, 1000.000000000000000 ) ;
#4222 = DIRECTION ( 'NONE',  ( -3.197646960325910545E-16, -1.000000000000000000, 0.000000000000000000 ) ) ;
#4223 = CARTESIAN_POINT ( 'NONE',  ( 4.399999999999998579, -5.949999999999998401, 0.000000000000000000 ) ) ;
#4224 = ORIENTED_EDGE ( 'NONE', *, *, #710, .F. ) ;
#4225 = ORIENTED_EDGE ( 'NONE', *, *, #6722, .T. ) ;
#4226 = EDGE_LOOP ( 'NONE', ( #5390, #6240, #6255, #1101 ) ) ;
#4227 = VECTOR ( 'NONE', #4082, 1000.000000000000114 ) ;
#4228 = VECTOR ( 'NONE', #4829, 1000.000000000000000 ) ;
#4229 = AXIS2_PLACEMENT_3D ( 'NONE', #6322, #2534, #1305 ) ;
#4230 = EDGE_LOOP ( 'NONE', ( #4491, #1336, #6816, #5749, #1785, #7677 ) ) ;
#4231 = AXIS2_PLACEMENT_3D ( 'NONE', #3879, #715, #3243 ) ;
#4232 = CARTESIAN_POINT ( 'NONE',  ( -3.400000000000003020, -2.050000000000000711, 0.5000000000000000000 ) ) ;
#4233 = VECTOR ( 'NONE', #4855, 1000.000000000000000 ) ;
#4234 = VECTOR ( 'NONE', #350, 1000.000000000000000 ) ;
#4235 = ORIENTED_EDGE ( 'NONE', *, *, #4288, .T. ) ;
#4236 = ORIENTED_EDGE ( 'NONE', *, *, #8024, .F. ) ;
#4237 = DIRECTION ( 'NONE',  ( 1.000000000000000000, 1.794207403895423791E-16, 0.000000000000000000 ) ) ;
#4238 = CARTESIAN_POINT ( 'NONE',  ( -17.33937042237545612, 38.44353571423246052, -5.350000000000003197 ) ) ;
#4239 = CARTESIAN_POINT ( 'NONE',  ( -16.13937042237545683, 38.09353571423245910, 0.4500000000000001221 ) ) ;
#4240 = ORIENTED_EDGE ( 'NONE', *, *, #3950, .T. ) ;
#4241 = LINE ( 'NONE', #982, #4858 ) ;
#4242 = CARTESIAN_POINT ( 'NONE',  ( -0.4500000000000001776, -3.020950878361716718, 2.100000000000000089 ) ) ;
#4243 = ADVANCED_FACE ( 'NONE', ( #7673 ), #4471, .F. ) ;
#4244 = ADVANCED_FACE ( 'NONE', ( #6405 ), #634, .T. ) ;
#4245 = EDGE_LOOP ( 'NONE', ( #1864, #4149, #6318, #3793 ) ) ;
#4246 = ORIENTED_EDGE ( 'NONE', *, *, #809, .T. ) ;
#4247 = LINE ( 'NONE', #4330, #5839 ) ;
#4248 = DIRECTION ( 'NONE',  ( -1.000000000000000000, -0.000000000000000000, -0.000000000000000000 ) ) ;
#4249 = FACE_BOUND ( 'NONE', #1027, .T. ) ;
#4250 = CARTESIAN_POINT ( 'NONE',  ( 1.749999999999999778, -5.950000000000000178, 1.800000000000000266 ) ) ;
#4251 = DIRECTION ( 'NONE',  ( 1.000000000000000000, 3.197646960325912517E-16, 0.000000000000000000 ) ) ;
#4252 = ORIENTED_EDGE ( 'NONE', *, *, #8323, .T. ) ;
#4253 = SHAPE_REPRESENTATION ( 'CUI_DEVICES_PT01-B120D-B503', ( #2733, #5023, #2456 ), #5150 ) ;
#4254 = DIRECTION ( 'NONE',  ( -1.000000000000000000, 0.000000000000000000, 0.000000000000000000 ) ) ;
#4255 = CARTESIAN_POINT ( 'NONE',  ( -25.68937042237545043, 6.263023396829152227E-15, -7.350000000000000533 ) ) ;
#4256 = ORIENTED_EDGE ( 'NONE', *, *, #4458, .F. ) ;
#4257 = EDGE_CURVE ( 'NONE', #789, #6404, #199, .T. ) ;
#4258 = VERTEX_POINT ( 'NONE', #233 ) ;
#4259 = EDGE_CURVE ( 'NONE', #2957, #5710, #2616, .T. ) ;
#4260 = DIRECTION ( 'NONE',  ( -0.000000000000000000, -0.000000000000000000, -1.000000000000000000 ) ) ;
#4261 = CARTESIAN_POINT ( 'NONE',  ( -16.08937042237545612, 0.000000000000000000, 0.4500000000000001221 ) ) ;
#4262 = LINE ( 'NONE', #1641, #5699 ) ;
#4263 = ORIENTED_EDGE ( 'NONE', *, *, #4701, .T. ) ;
#4264 = EDGE_LOOP ( 'NONE', ( #2885, #1390, #7126, #3468 ) ) ;
#4265 = PLANE ( 'NONE',  #6733 ) ;
#4266 = VERTEX_POINT ( 'NONE', #1588 ) ;
#4267 = EDGE_CURVE ( 'NONE', #8189, #362, #2225, .T. ) ;
#4268 = ORIENTED_EDGE ( 'NONE', *, *, #3458, .T. ) ;
#4269 = EDGE_CURVE ( 'NONE', #2861, #927, #3455, .T. ) ;
#4270 = DIRECTION ( 'NONE',  ( 0.000000000000000000, -1.000000000000000000, 5.782411586589351722E-16 ) ) ;
#4271 = LINE ( 'NONE', #4823, #730 ) ;
#4272 = ORIENTED_EDGE ( 'NONE', *, *, #987, .T. ) ;
#4273 = EDGE_LOOP ( 'NONE', ( #6645, #6158, #2869, #7266 ) ) ;
#4274 = DIRECTION ( 'NONE',  ( -1.000000000000000000, 1.495451272393799296E-16, 0.000000000000000000 ) ) ;
#4275 = CARTESIAN_POINT ( 'NONE',  ( -25.23937042237544404, 6.263023396829152227E-15, -1.400000000000001021 ) ) ;
#4276 = PLANE ( 'NONE',  #7339 ) ;
#4277 = CARTESIAN_POINT ( 'NONE',  ( 0.4999999999999982792, -2.050000000000000711, 0.5000000000000000000 ) ) ;
#4278 = ORIENTED_EDGE ( 'NONE', *, *, #3834, .F. ) ;
#4279 = DIRECTION ( 'NONE',  ( -1.000000000000000000, 0.000000000000000000, 2.154044051295704582E-16 ) ) ;
#4280 = CARTESIAN_POINT ( 'NONE',  ( -16.13937042237545327, 28.59353571423246265, -5.599999999999999645 ) ) ;
#4281 = LINE ( 'NONE', #6890, #7056 ) ;
#4282 = ORIENTED_EDGE ( 'NONE', *, *, #901, .T. ) ;
#4283 = EDGE_LOOP ( 'NONE', ( #7680, #1012, #975, #3719, #4817, #5590, #7233, #8284, #2408, #5420 ) ) ;
#4284 = VERTEX_POINT ( 'NONE', #321 ) ;
#4285 = DIRECTION ( 'NONE',  ( 0.000000000000000000, -1.000000000000000000, 5.782411586589351722E-16 ) ) ;
#4286 = LINE ( 'NONE', #1672, #6382 ) ;
#4287 = CARTESIAN_POINT ( 'NONE',  ( -1.370000000000000329, 13.90000000000000036, 3.352688591713894883 ) ) ;
#4288 = EDGE_CURVE ( 'NONE', #6755, #2936, #4752, .T. ) ;
#4289 = EDGE_CURVE ( 'NONE', #4034, #6159, #988, .T. ) ;
#4290 = CARTESIAN_POINT ( 'NONE',  ( 1.342230922150143391, 15.89999999999999680, -3.014700010220582538 ) ) ;
#4291 = CARTESIAN_POINT ( 'NONE',  ( -17.23937042237544404, 33.89353571423244205, 1.449999999999999956 ) ) ;
#4292 = DIRECTION ( 'NONE',  ( 0.000000000000000000, 1.000000000000000000, 0.000000000000000000 ) ) ;
#4293 = ORIENTED_EDGE ( 'NONE', *, *, #30, .F. ) ;
#4294 = CARTESIAN_POINT ( 'NONE',  ( -16.78418552761545257, 21.67492864669429764, -5.349999999999986322 ) ) ;
#4295 = DIRECTION ( 'NONE',  ( 0.000000000000000000, 0.000000000000000000, -1.000000000000000000 ) ) ;
#4296 = EDGE_CURVE ( 'NONE', #854, #4820, #4046, .T. ) ;
#4297 = DIRECTION ( 'NONE',  ( -1.000000000000000000, 0.000000000000000000, 0.000000000000000000 ) ) ;
#4298 = EDGE_LOOP ( 'NONE', ( #5495, #1138, #7718, #6801, #4582, #1417 ) ) ;
#4299 = ORIENTED_EDGE ( 'NONE', *, *, #1759, .T. ) ;
#4300 = CARTESIAN_POINT ( 'NONE',  ( 0.0008203932499369634770, 16.69999999999999574, -0.5999999999999999778 ) ) ;
#4301 = DIRECTION ( 'NONE',  ( -0.000000000000000000, -1.000000000000000000, -0.000000000000000000 ) ) ;
#4302 = LINE ( 'NONE', #1009, #5311 ) ;
#4303 = VERTEX_POINT ( 'NONE', #2741 ) ;
#4304 = AXIS2_PLACEMENT_3D ( 'NONE', #473, #3055, #7130 ) ;
#4305 = ORIENTED_EDGE ( 'NONE', *, *, #3513, .F. ) ;
#4306 = EDGE_CURVE ( 'NONE', #3482, #671, #2911, .T. ) ;
#4307 = CARTESIAN_POINT ( 'NONE',  ( -25.23937042237544404, 23.89353571423246692, 0.000000000000000000 ) ) ;
#4308 = ORIENTED_EDGE ( 'NONE', *, *, #2091, .F. ) ;
#4309 = CARTESIAN_POINT ( 'NONE',  ( -4.400000000000002132, 5.100000000000004086, 0.000000000000000000 ) ) ;
#4310 = EDGE_LOOP ( 'NONE', ( #4009, #5235, #7043, #3628 ) ) ;
#4311 = DIRECTION ( 'NONE',  ( -1.000000000000000000, 0.000000000000000000, 0.000000000000000000 ) ) ;
#4312 = DIRECTION ( 'NONE',  ( -0.000000000000000000, -0.000000000000000000, -1.000000000000000000 ) ) ;
#4313 = AXIS2_PLACEMENT_3D ( 'NONE', #839, #7291, #3422 ) ;
#4314 = ADVANCED_FACE ( 'NONE', ( #3410 ), #6580, .T. ) ;
#4315 = EDGE_CURVE ( 'NONE', #8207, #5811, #7197, .T. ) ;
#4316 = VERTEX_POINT ( 'NONE', #2864 ) ;
#4317 = EDGE_LOOP ( 'NONE', ( #7065, #7242, #2506, #4854 ) ) ;
#4318 = VECTOR ( 'NONE', #4840, 1000.000000000000000 ) ;
#4319 = LINE ( 'NONE', #3642, #4610 ) ;
#4320 = CARTESIAN_POINT ( 'NONE',  ( -25.23937042237544404, 27.39353571423245626, -7.299999999999998934 ) ) ;
#4321 = CARTESIAN_POINT ( 'NONE',  ( -15.68937042237545576, 27.59353571423245555, -0.4000000000000010214 ) ) ;
#4322 = CARTESIAN_POINT ( 'NONE',  ( 1.899999999999998801, 3.600000000000003642, 0.1000000000000000056 ) ) ;
#4323 = VERTEX_POINT ( 'NONE', #830 ) ;
#4324 = CARTESIAN_POINT ( 'NONE',  ( 0.000000000000000000, 15.19999999999999751, 0.000000000000000000 ) ) ;
#4325 = DIRECTION ( 'NONE',  ( 0.000000000000000000, 0.000000000000000000, 1.000000000000000000 ) ) ;
#4326 = AXIS2_PLACEMENT_3D ( 'NONE', #7997, #2219, #4795 ) ;
#4327 = VERTEX_POINT ( 'NONE', #5345 ) ;
#4328 = EDGE_LOOP ( 'NONE', ( #7211, #6245, #3489, #8043, #8208, #6450 ) ) ;
#4329 = ORIENTED_EDGE ( 'NONE', *, *, #130, .F. ) ;
#4330 = CARTESIAN_POINT ( 'NONE',  ( -25.68937042237544333, 27.39353571423245626, -7.300000000000000711 ) ) ;
#4331 = DIRECTION ( 'NONE',  ( -1.000000000000000000, -2.282530889443169980E-16, 0.000000000000000000 ) ) ;
#4332 = VECTOR ( 'NONE', #4784, 1000.000000000000000 ) ;
#4333 = CARTESIAN_POINT ( 'NONE',  ( 0.000000000000000000, 18.19999999997889972, 0.000000000000000000 ) ) ;
#4334 = LINE ( 'NONE', #6901, #6098 ) ;
#4335 = CARTESIAN_POINT ( 'NONE',  ( 3.599999999999999645, -5.149999999999998579, 0.000000000000000000 ) ) ;
#4336 = ORIENTED_EDGE ( 'NONE', *, *, #7264, .T. ) ;
#4337 = EDGE_CURVE ( 'NONE', #7237, #2518, #5980, .T. ) ;
#4338 = VECTOR ( 'NONE', #7790, 1000.000000000000000 ) ;
#4339 = PLANE ( 'NONE',  #6614 ) ;
#4340 = VECTOR ( 'NONE', #7845, 1000.000000000000000 ) ;
#4341 = FACE_OUTER_BOUND ( 'NONE', #3438, .T. ) ;
#4342 = CARTESIAN_POINT ( 'NONE',  ( -17.68937042237545043, 38.09353571423245910, 0.4500000000000001221 ) ) ;
#4343 = EDGE_LOOP ( 'NONE', ( #4481, #1859, #4959, #4684, #1428, #6386 ) ) ;
#4344 = EDGE_LOOP ( 'NONE', ( #5041, #7809 ) ) ;
#4345 = AXIS2_PLACEMENT_3D ( 'NONE', #3895, #5740, #6461 ) ;
#4346 = FACE_OUTER_BOUND ( 'NONE', #167, .T. ) ;
#4347 = DIRECTION ( 'NONE',  ( 1.121588454295349533E-16, -1.000000000000000000, 0.000000000000000000 ) ) ;
#4348 = ORIENTED_EDGE ( 'NONE', *, *, #3044, .T. ) ;
#4349 = VECTOR ( 'NONE', #7161, 1000.000000000000000 ) ;
#4350 = ADVANCED_FACE ( 'NONE', ( #8044 ), #2108, .T. ) ;
#4351 = EDGE_CURVE ( 'NONE', #2312, #7775, #2141, .T. ) ;
#4352 = AXIS2_PLACEMENT_3D ( 'NONE', #2560, #6402, #4641 ) ;
#4353 = CARTESIAN_POINT ( 'NONE',  ( -24.38937042237544262, 38.09353571423245910, 0.4500000000000001221 ) ) ;
#4354 = EDGE_LOOP ( 'NONE', ( #5363, #2516, #7553, #425, #1233, #2678, #5778, #3435, #6623, #3094, #5686, #6125, #4197, #7271, #4152, #7911, #5792, #8076, #3828, #247, #829, #6967, #5603, #7887 ) ) ;
#4355 = VECTOR ( 'NONE', #1518, 1000.000000000000000 ) ;
#4356 = DIRECTION ( 'NONE',  ( 0.000000000000000000, 0.000000000000000000, -1.000000000000000000 ) ) ;
#4357 = VECTOR ( 'NONE', #563, 1000.000000000000000 ) ;
#4358 = DIRECTION ( 'NONE',  ( -0.000000000000000000, -0.000000000000000000, -1.000000000000000000 ) ) ;
#4359 = CARTESIAN_POINT ( 'NONE',  ( -16.13937042237545327, 22.89353571423245270, -7.350000000000000533 ) ) ;
#4360 = AXIS2_PLACEMENT_3D ( 'NONE', #4680, #5375, #1554 ) ;
#4361 =( BOUNDED_CURVE ( )  B_SPLINE_CURVE ( 3, ( #7139, #5909, #650, #5159 ),
 .UNSPECIFIED., .F., .T. ) 
 B_SPLINE_CURVE_WITH_KNOTS ( ( 4, 4 ),
 ( 3.327423606698692637, 4.712388980384698556 ),
 .UNSPECIFIED. ) 
 CURVE ( )  GEOMETRIC_REPRESENTATION_ITEM ( )  RATIONAL_B_SPLINE_CURVE ( ( 1.000000000000000000, 0.8464422115045087125, 0.8464422115045087125, 1.000000000000000000 ) ) 
 REPRESENTATION_ITEM ( '' )  );
#4362 = AXIS2_PLACEMENT_3D ( 'NONE', #705, #3278, #3203 ) ;
#4363 = VECTOR ( 'NONE', #5938, 1000.000000000000000 ) ;
#4364 = VERTEX_POINT ( 'NONE', #6701 ) ;
#4365 = AXIS2_PLACEMENT_3D ( 'NONE', #2316, #7423, #2405 ) ;
#4366 = EDGE_LOOP ( 'NONE', ( #8177, #5609, #4981, #5026 ) ) ;
#4367 = CIRCLE ( 'NONE', #7734, 0.6500000000000000222 ) ;
#4368 = LINE ( 'NONE', #3100, #4201 ) ;
#4369 = ORIENTED_EDGE ( 'NONE', *, *, #2538, .F. ) ;
#4370 = LINE ( 'NONE', #2587, #8283 ) ;
#4371 = PLANE ( 'NONE',  #1950 ) ;
#4372 = ORIENTED_EDGE ( 'NONE', *, *, #5635, .F. ) ;
#4373 = LINE ( 'NONE', #527, #5398 ) ;
#4374 = FACE_OUTER_BOUND ( 'NONE', #8059, .T. ) ;
#4375 = VECTOR ( 'NONE', #53, 1000.000000000000000 ) ;
#4376 = AXIS2_PLACEMENT_3D ( 'NONE', #262, #6728, #2852 ) ;
#4377 = ADVANCED_FACE ( 'NONE', ( #5381 ), #944, .T. ) ;
#4378 = ADVANCED_FACE ( 'NONE', ( #7962 ), #909, .T. ) ;
#4379 = VECTOR ( 'NONE', #4814, 1000.000000000000000 ) ;
#4380 = ORIENTED_EDGE ( 'NONE', *, *, #3514, .F. ) ;
#4381 = VERTEX_POINT ( 'NONE', #1166 ) ;
#4382 = CARTESIAN_POINT ( 'NONE',  ( -17.33937042237545612, 38.09353571423245910, 0.4500000000000001221 ) ) ;
#4383 = CARTESIAN_POINT ( 'NONE',  ( 1.097644678823669562, 15.19999999999999751, -0.5047000102205828620 ) ) ;
#4384 = DIRECTION ( 'NONE',  ( -0.000000000000000000, -0.000000000000000000, -1.000000000000000000 ) ) ;
#4385 = CARTESIAN_POINT ( 'NONE',  ( -15.60729651564734688, 20.31262316951115565, -6.165236756138606111 ) ) ;
#4386 = AXIS2_PLACEMENT_3D ( 'NONE', #1022, #3519, #1616 ) ;
#4387 = FACE_BOUND ( 'NONE', #5482, .T. ) ;
#4388 = CARTESIAN_POINT ( 'NONE',  ( -1.091177379365210198, 15.89999999999999680, -0.5047000102205828620 ) ) ;
#4389 = CARTESIAN_POINT ( 'NONE',  ( -20.68937042237544688, 33.89353571423244205, 1.449999999999999956 ) ) ;
#4390 = ADVANCED_FACE ( 'NONE', ( #3036 ), #1709, .F. ) ;
#4391 = ORIENTED_EDGE ( 'NONE', *, *, #4148, .T. ) ;
#4392 = DIRECTION ( 'NONE',  ( 0.000000000000000000, 0.000000000000000000, -1.000000000000000000 ) ) ;
#4393 = LINE ( 'NONE', #2490, #1893 ) ;
#4394 = CARTESIAN_POINT ( 'NONE',  ( -25.68937042237544333, 25.89353571423245270, -7.299999999999998046 ) ) ;
#4395 = SHAPE_DEFINITION_REPRESENTATION ( #4519, #7806 ) ;
#4396 = PLANE ( 'NONE',  #4459 ) ;
#4397 = VERTEX_POINT ( 'NONE', #3655 ) ;
#4398 = CARTESIAN_POINT ( 'NONE',  ( 9.094951259869582285E-17, 16.69999999999999574, 0.6000000000000000888 ) ) ;
#4399 = EDGE_CURVE ( 'NONE', #1462, #4443, #593, .T. ) ;
#4400 = DIRECTION ( 'NONE',  ( 3.197646960325911531E-16, 1.000000000000000000, 0.000000000000000000 ) ) ;
#4401 = DIRECTION ( 'NONE',  ( -0.000000000000000000, -0.000000000000000000, -1.000000000000000000 ) ) ;
#4402 = ORIENTED_EDGE ( 'NONE', *, *, #5626, .T. ) ;
#4403 = PLANE ( 'NONE',  #3367 ) ;
#4404 = ORIENTED_EDGE ( 'NONE', *, *, #4477, .F. ) ;
#4405 = DIRECTION ( 'NONE',  ( 0.000000000000000000, 0.000000000000000000, 1.000000000000000000 ) ) ;
#4406 = EDGE_CURVE ( 'NONE', #6859, #1838, #4247, .T. ) ;
#4407 = ADVANCED_FACE ( 'NONE', ( #3748 ), #7450, .F. ) ;
#4408 = CARTESIAN_POINT ( 'NONE',  ( -1.479999999999999982, 16.49999999999999645, 0.4999999999999998890 ) ) ;
#4409 = LINE ( 'NONE', #6966, #5425 ) ;
#4410 = CARTESIAN_POINT ( 'NONE',  ( -5.942807819042231770E-16, 15.89999999999999680, -2.645908512313469113E-16 ) ) ;
#4411 = ORIENTED_EDGE ( 'NONE', *, *, #5268, .T. ) ;
#4412 = ORIENTED_EDGE ( 'NONE', *, *, #6526, .F. ) ;
#4413 =( LENGTH_UNIT ( ) NAMED_UNIT ( * ) SI_UNIT ( .MILLI., .METRE. ) );
#4414 = EDGE_LOOP ( 'NONE', ( #6015, #7928, #7224, #5589 ) ) ;
#4415 = FACE_OUTER_BOUND ( 'NONE', #6802, .T. ) ;
#4416 = DIRECTION ( 'NONE',  ( 1.000000000000000000, -1.495451272393799049E-16, 0.000000000000000000 ) ) ;
#4417 = ORIENTED_EDGE ( 'NONE', *, *, #1068, .F. ) ;
#4418 = EDGE_CURVE ( 'NONE', #2666, #4851, #1751, .T. ) ;
#4419 = DIRECTION ( 'NONE',  ( 0.000000000000000000, 0.000000000000000000, 1.000000000000000000 ) ) ;
#4420 = CARTESIAN_POINT ( 'NONE',  ( -1.900000000000001910, 5.100000000000004086, 0.1000000000000000056 ) ) ;
#4421 = ORIENTED_EDGE ( 'NONE', *, *, #6277, .T. ) ;
#4422 = ORIENTED_EDGE ( 'NONE', *, *, #512, .T. ) ;
#4423 = EDGE_CURVE ( 'NONE', #414, #5172, #441, .T. ) ;
#4424 = ORIENTED_EDGE ( 'NONE', *, *, #7289, .F. ) ;
#4425 = DIRECTION ( 'NONE',  ( 0.000000000000000000, -1.000000000000000000, 0.000000000000000000 ) ) ;
#4426 = DIRECTION ( 'NONE',  ( 0.000000000000000000, 0.000000000000000000, -1.000000000000000000 ) ) ;
#4427 = DIRECTION ( 'NONE',  ( 0.000000000000000000, 0.000000000000000000, -1.000000000000000000 ) ) ;
#4428 = CARTESIAN_POINT ( 'NONE',  ( -1.129999999999999005, 16.49999999999999645, 0.8499999999999999778 ) ) ;
#4429 = DIRECTION ( 'NONE',  ( 0.000000000000000000, 0.000000000000000000, 1.000000000000000000 ) ) ;
#4430 = EDGE_LOOP ( 'NONE', ( #3034, #3206, #5353, #5054 ) ) ;
#4431 = ADVANCED_FACE ( 'NONE', ( #5591 ), #495, .T. ) ;
#4432 = ADVANCED_FACE ( 'NONE', ( #8170 ), #2392, .T. ) ;
#4433 = DIRECTION ( 'NONE',  ( 0.9999994735200916640, 0.000000000000000000, -0.001026138167772390605 ) ) ;
#4434 = SHAPE_DEFINITION_REPRESENTATION ( #3842, #6940 ) ;
#4435 = DIRECTION ( 'NONE',  ( 0.000000000000000000, 0.000000000000000000, -1.000000000000000000 ) ) ;
#4436 = ORIENTED_EDGE ( 'NONE', *, *, #503, .F. ) ;
#4437 = VERTEX_POINT ( 'NONE', #1120 ) ;
#4438 = CARTESIAN_POINT ( 'NONE',  ( -24.03937042237544475, 37.79353571423245484, -5.350000000000003197 ) ) ;
#4439 = CARTESIAN_POINT ( 'NONE',  ( -24.03937042237544475, 29.34353571423246620, -4.900000000000003020 ) ) ;
#4440 = EDGE_LOOP ( 'NONE', ( #1986, #8089 ) ) ;
#4441 = PLANE ( 'NONE',  #539 ) ;
#4442 = CARTESIAN_POINT ( 'NONE',  ( -25.55785570342108315, 20.74242368168774320, -5.349999999999910827 ) ) ;
#4443 = VERTEX_POINT ( 'NONE', #3711 ) ;
#4444 = CARTESIAN_POINT ( 'NONE',  ( -2.500000000000000000, -7.560000000000002274, 1.800000000000000266 ) ) ;
#4445 = DIRECTION ( 'NONE',  ( 0.000000000000000000, 0.000000000000000000, 1.000000000000000000 ) ) ;
#4446 = CARTESIAN_POINT ( 'NONE',  ( -15.68937042237545931, 37.14353571423245626, 0.4500000000000001221 ) ) ;
#4447 = EDGE_CURVE ( 'NONE', #2927, #3349, #3075, .T. ) ;
#4448 = ORIENTED_EDGE ( 'NONE', *, *, #1353, .T. ) ;
#4449 = VECTOR ( 'NONE', #3251, 1000.000000000000000 ) ;
#4450 = CARTESIAN_POINT ( 'NONE',  ( 0.000000000000000000, 13.50000000000000000, -3.850000000000000089 ) ) ;
#4451 = EDGE_LOOP ( 'NONE', ( #455, #1091, #6003, #5422 ) ) ;
#4452 = DIRECTION ( 'NONE',  ( 3.197646960325912517E-16, -1.000000000000000000, 0.000000000000000000 ) ) ;
#4453 = DIRECTION ( 'NONE',  ( -1.000000000000000000, 0.000000000000000000, 0.000000000000000000 ) ) ;
#4454 =( REPRESENTATION_RELATIONSHIP ('NONE','NONE', #2041, #1992 ) REPRESENTATION_RELATIONSHIP_WITH_TRANSFORMATION ( #1466 )SHAPE_REPRESENTATION_RELATIONSHIP( ) );
#4455 = ORIENTED_EDGE ( 'NONE', *, *, #4399, .F. ) ;
#4456 = DIRECTION ( 'NONE',  ( 0.000000000000000000, 0.000000000000000000, 1.000000000000000000 ) ) ;
#4457 = EDGE_LOOP ( 'NONE', ( #3074, #5622, #1960, #2461 ) ) ;
#4458 = EDGE_CURVE ( 'NONE', #2401, #1046, #6853, .T. ) ;
#4459 = AXIS2_PLACEMENT_3D ( 'NONE', #1682, #6827, #8140 ) ;
#4460 = ORIENTED_EDGE ( 'NONE', *, *, #6588, .F. ) ;
#4461 = LINE ( 'NONE', #6396, #3827 ) ;
#4462 = DIRECTION ( 'NONE',  ( 3.197646960325912517E-16, -1.000000000000000000, 0.000000000000000000 ) ) ;
#4463 = FACE_OUTER_BOUND ( 'NONE', #4226, .T. ) ;
#4464 = VECTOR ( 'NONE', #6953, 1000.000000000000000 ) ;
#4465 = CARTESIAN_POINT ( 'NONE',  ( -0.6699999999999998179, 16.69999999999999574, 0.6000000000000003109 ) ) ;
#4466 = CARTESIAN_POINT ( 'NONE',  ( -16.08937042237545967, 38.44353571423245342, 0.4500000000000001221 ) ) ;
#4467 =( NAMED_UNIT ( * ) SI_UNIT ( $, .STERADIAN. ) SOLID_ANGLE_UNIT ( ) );
#4468 = DIRECTION ( 'NONE',  ( 1.000000000000000000, 0.000000000000000000, 0.000000000000000000 ) ) ;
#4469 = AXIS2_PLACEMENT_3D ( 'NONE', #6812, #3606, #433 ) ;
#4470 = VERTEX_POINT ( 'NONE', #2429 ) ;
#4471 = CYLINDRICAL_SURFACE ( 'NONE', #452, 0.6999999999999992895 ) ;
#4472 = VECTOR ( 'NONE', #343, 1000.000000000000000 ) ;
#4473 = DIRECTION ( 'NONE',  ( 0.000000000000000000, 0.000000000000000000, 1.000000000000000000 ) ) ;
#4474 = LINE ( 'NONE', #1260, #1748 ) ;
#4475 = ORIENTED_EDGE ( 'NONE', *, *, #1090, .T. ) ;
#4476 = DIRECTION ( 'NONE',  ( 1.000000000000000000, 0.000000000000000000, 0.000000000000000000 ) ) ;
#4477 = EDGE_CURVE ( 'NONE', #2726, #4820, #1259, .T. ) ;
#4478 = LINE ( 'NONE', #2444, #8134 ) ;
#4479 = ADVANCED_FACE ( 'NONE', ( #7627 ), #1800, .T. ) ;
#4480 = CIRCLE ( 'NONE', #1374, 1.500000000000004885 ) ;
#4481 = ORIENTED_EDGE ( 'NONE', *, *, #5626, .F. ) ;
#4482 = DIRECTION ( 'NONE',  ( 0.000000000000000000, 0.000000000000000000, 1.000000000000000000 ) ) ;
#4483 = DIRECTION ( 'NONE',  ( 0.000000000000000000, 1.000000000000000000, 0.000000000000000000 ) ) ;
#4484 = DIRECTION ( 'NONE',  ( 0.000000000000000000, 1.000000000000000000, 0.000000000000000000 ) ) ;
#4485 = ADVANCED_BREP_SHAPE_REPRESENTATION ( '', ( #8179, #4879 ), #837 ) ;
#4486 = CARTESIAN_POINT ( 'NONE',  ( 0.4000000000000006883, -11.96000000000000618, 1.800000000000000711 ) ) ;
#4487 = AXIS2_PLACEMENT_3D ( 'NONE', #1711, #3751, #497 ) ;
#4488 = VERTEX_POINT ( 'NONE', #3111 ) ;
#4489 = VECTOR ( 'NONE', #8273, 1000.000000000000000 ) ;
#4490 = CYLINDRICAL_SURFACE ( 'NONE', #2722, 1.200000000000061240 ) ;
#4491 = ORIENTED_EDGE ( 'NONE', *, *, #2934, .F. ) ;
#4492 = DIRECTION ( 'NONE',  ( 1.000000000000000000, 0.000000000000000000, 0.000000000000000000 ) ) ;
#4493 = FACE_OUTER_BOUND ( 'NONE', #8229, .T. ) ;
#4494 = VECTOR ( 'NONE', #8092, 1000.000000000000000 ) ;
#4495 = ORIENTED_EDGE ( 'NONE', *, *, #530, .F. ) ;
#4496 = DIRECTION ( 'NONE',  ( 1.232047923278981953E-16, -1.000000000000000000, 0.000000000000000000 ) ) ;
#4497 = AXIS2_PLACEMENT_3D ( 'NONE', #5633, #5544, #7631 ) ;
#4498 = VECTOR ( 'NONE', #6569, 1000.000000000000000 ) ;
#4499 = EDGE_LOOP ( 'NONE', ( #1623, #3851, #5296, #3168 ) ) ;
#4500 = AXIS2_PLACEMENT_3D ( 'NONE', #7903, #2155, #2670 ) ;
#4501 = VECTOR ( 'NONE', #4648, 1000.000000000000000 ) ;
#4502 = ORIENTED_EDGE ( 'NONE', *, *, #7292, .T. ) ;
#4503 = EDGE_LOOP ( 'NONE', ( #6212, #8149, #1580, #7406 ) ) ;
#4504 = FACE_OUTER_BOUND ( 'NONE', #577, .T. ) ;
#4505 = VECTOR ( 'NONE', #4325, 1000.000000000000000 ) ;
#4506 = CARTESIAN_POINT ( 'NONE',  ( 0.003233649729229023419, 13.89999999999999858, 3.151279358214723825 ) ) ;
#4507 = AXIS2_PLACEMENT_3D ( 'NONE', #3602, #5527, #1060 ) ;
#4508 = DIRECTION ( 'NONE',  ( 0.000000000000000000, 0.000000000000000000, 1.000000000000000000 ) ) ;
#4509 = CARTESIAN_POINT ( 'NONE',  ( -15.68937042237545576, 30.64353571423245270, -4.400000000000000355 ) ) ;
#4510 = FACE_OUTER_BOUND ( 'NONE', #640, .T. ) ;
#4511 = CIRCLE ( 'NONE', #1665, 0.1500000000000000777 ) ;
#4512 = CARTESIAN_POINT ( 'NONE',  ( 0.6700000000000000400, 16.69999999999999574, 0.5999999999999998668 ) ) ;
#4513 = CARTESIAN_POINT ( 'NONE',  ( -16.78418552761545612, 21.67492864669429409, -7.349999999999987210 ) ) ;
#4514 = EDGE_CURVE ( 'NONE', #5228, #1683, #5672, .T. ) ;
#4515 = VECTOR ( 'NONE', #6444, 1000.000000000000000 ) ;
#4516 = EDGE_CURVE ( 'NONE', #5739, #1789, #2983, .T. ) ;
#4517 = ORIENTED_EDGE ( 'NONE', *, *, #4982, .F. ) ;
#4518 = VECTOR ( 'NONE', #4918, 1000.000000000000000 ) ;
#4519 = PRODUCT_DEFINITION_SHAPE ( 'NONE', 'NONE',  #5071 ) ;
#4520 = VECTOR ( 'NONE', #7293, 1000.000000000000000 ) ;
#4521 = LINE ( 'NONE', #7083, #7697 ) ;
#4522 = CARTESIAN_POINT ( 'NONE',  ( -15.68937042237545576, 24.39353571423245626, -7.350000000000000533 ) ) ;
#4523 = CARTESIAN_POINT ( 'NONE',  ( 1.090871211463567247, -0.05000000000000070360, 0.5000000000000000000 ) ) ;
#4524 = ADVANCED_FACE ( 'NONE', ( #5502 ), #8078, .T. ) ;
#4525 = FACE_OUTER_BOUND ( 'NONE', #2243, .T. ) ;
#4526 = LINE ( 'NONE', #5730, #602 ) ;
#4527 = ORIENTED_EDGE ( 'NONE', *, *, #3273, .F. ) ;
#4528 = CARTESIAN_POINT ( 'NONE',  ( 1.479999999999999982, 15.89999999999999680, 0.8499999999999999778 ) ) ;
#4529 = EDGE_CURVE ( 'NONE', #3359, #3809, #1671, .T. ) ;
#4530 = ADVANCED_FACE ( 'NONE', ( #6474 ), #699, .F. ) ;
#4531 = CARTESIAN_POINT ( 'NONE',  ( -25.77144432910365168, 20.31262316951115920, -6.534763243861285709 ) ) ;
#4532 = ORIENTED_EDGE ( 'NONE', *, *, #4537, .T. ) ;
#4533 = DIRECTION ( 'NONE',  ( 0.000000000000000000, 0.000000000000000000, -1.000000000000000000 ) ) ;
#4534 = CARTESIAN_POINT ( 'NONE',  ( -1.891663167769254583, 13.50000000000000000, 3.353223890482886826 ) ) ;
#4535 = CARTESIAN_POINT ( 'NONE',  ( 6.123233995818075408E-17, 18.19999999997889972, 0.4000000000132786226 ) ) ;
#4536 = ORIENTED_EDGE ( 'NONE', *, *, #1828, .F. ) ;
#4537 = EDGE_CURVE ( 'NONE', #4155, #6978, #4461, .T. ) ;
#4538 = EDGE_CURVE ( 'NONE', #6466, #4088, #174, .T. ) ;
#4539 = CARTESIAN_POINT ( 'NONE',  ( -24.03937042237544475, 37.14353571423245626, -5.350000000000003197 ) ) ;
#4540 = VERTEX_POINT ( 'NONE', #4139 ) ;
#4541 = CARTESIAN_POINT ( 'NONE',  ( 0.9999999999999997780, 3.804101966249687994, 4.299999999999999822 ) ) ;
#4542 = PLANE ( 'NONE',  #3709 ) ;
#4543 = ORIENTED_EDGE ( 'NONE', *, *, #3987, .F. ) ;
#4544 = CYLINDRICAL_SURFACE ( 'NONE', #6528, 0.6500000000000047962 ) ;
#4545 = LINE ( 'NONE', #7822, #4190 ) ;
#4546 = ORIENTED_EDGE ( 'NONE', *, *, #530, .T. ) ;
#4547 = ORIENTED_EDGE ( 'NONE', *, *, #3740, .F. ) ;
#4548 = VERTEX_POINT ( 'NONE', #460 ) ;
#4549 = DIRECTION ( 'NONE',  ( 0.000000000000000000, 0.000000000000000000, 1.000000000000000000 ) ) ;
#4550 = CARTESIAN_POINT ( 'NONE',  ( -3.600000000000001421, 5.950000000000001954, 5.000000000000000000 ) ) ;
#4551 = CARTESIAN_POINT ( 'NONE',  ( -25.68937042237544333, 24.39353571423245981, -1.400000000000001021 ) ) ;
#4552 = LINE ( 'NONE', #1331, #2842 ) ;
#4553 = PLANE ( 'NONE',  #4362 ) ;
#4554 = FILL_AREA_STYLE ('',( #668 ) ) ;
#4555 = CARTESIAN_POINT ( 'NONE',  ( -1.479999999999999982, 16.69999999999999574, 0.8499999999999999778 ) ) ;
#4556 = EDGE_LOOP ( 'NONE', ( #4923, #3605, #5284, #4282 ) ) ;
#4557 = ORIENTED_EDGE ( 'NONE', *, *, #2139, .F. ) ;
#4558 = CARTESIAN_POINT ( 'NONE',  ( 2.999999999999998224, -3.750000000000000000, 5.599999999999999645 ) ) ;
#4559 = EDGE_CURVE ( 'NONE', #2401, #3549, #5638, .T. ) ;
#4560 = DIRECTION ( 'NONE',  ( -0.000000000000000000, -1.000000000000000000, -0.000000000000000000 ) ) ;
#4561 = CARTESIAN_POINT ( 'NONE',  ( 0.003438877362783012304, 13.50000000000000000, 3.351279252918741403 ) ) ;
#4562 = DIRECTION ( 'NONE',  ( -0.000000000000000000, -0.000000000000000000, -1.000000000000000000 ) ) ;
#4563 = FACE_OUTER_BOUND ( 'NONE', #5481, .T. ) ;
#4564 = ORIENTED_EDGE ( 'NONE', *, *, #5379, .T. ) ;
#4565 = LINE ( 'NONE', #5814, #7269 ) ;
#4566 = EDGE_CURVE ( 'NONE', #7569, #1191, #403, .T. ) ;
#4567 = VERTEX_POINT ( 'NONE', #7544 ) ;
#4568 = CARTESIAN_POINT ( 'NONE',  ( -25.77144432910364813, 20.31262316951115565, -6.165236756138536833 ) ) ;
#4569 = ORIENTED_EDGE ( 'NONE', *, *, #5233, .T. ) ;
#4570 = LINE ( 'NONE', #7612, #2064 ) ;
#4571 = FACE_OUTER_BOUND ( 'NONE', #7639, .T. ) ;
#4572 = ADVANCED_FACE ( 'NONE', ( #8311 ), #2438, .T. ) ;
#4573 = ORIENTED_EDGE ( 'NONE', *, *, #6429, .F. ) ;
#4574 = CARTESIAN_POINT ( 'NONE',  ( -15.68937042237545576, 23.89353571423246336, -8.100000000000001421 ) ) ;
#4575 = ORIENTED_EDGE ( 'NONE', *, *, #5802, .F. ) ;
#4576 = CARTESIAN_POINT ( 'NONE',  ( -17.33937042237545256, 38.44353571423245342, 0.4500000000000001221 ) ) ;
#4577 = CARTESIAN_POINT ( 'NONE',  ( 0.000000000000000000, 16.69999999999999574, -2.404700010220583106 ) ) ;
#4578 = ORIENTED_EDGE ( 'NONE', *, *, #3766, .F. ) ;
#4579 = CARTESIAN_POINT ( 'NONE',  ( -16.08937042237545967, 38.44353571423245342, 0.04999999999999996808 ) ) ;
#4580 = EDGE_CURVE ( 'NONE', #7479, #8314, #2529, .T. ) ;
#4581 = ADVANCED_FACE ( 'NONE', ( #1039 ), #1763, .F. ) ;
#4582 = ORIENTED_EDGE ( 'NONE', *, *, #6001, .F. ) ;
#4583 = CIRCLE ( 'NONE', #5505, 4.099999999999999645 ) ;
#4584 = EDGE_LOOP ( 'NONE', ( #966, #70, #1109, #4305, #8105, #1094, #8202, #6122, #1661, #4240, #751, #7525, #4578, #3775, #3328, #772, #8143, #1596, #8351, #6166, #331, #746, #5192, #2062, #2053, #3916 ) ) ;
#4585 = ORIENTED_EDGE ( 'NONE', *, *, #3619, .T. ) ;
#4586 = DIRECTION ( 'NONE',  ( 0.000000000000000000, 0.000000000000000000, -1.000000000000000000 ) ) ;
#4587 = CARTESIAN_POINT ( 'NONE',  ( -16.13937042237545327, 27.59353571423245555, 0.000000000000000000 ) ) ;
#4588 = LINE ( 'NONE', #1971, #1664 ) ;
#4589 = VERTEX_POINT ( 'NONE', #8138 ) ;
#4590 = DIRECTION ( 'NONE',  ( 1.000000000000000000, 0.000000000000000000, 0.000000000000000000 ) ) ;
#4591 = DIRECTION ( 'NONE',  ( 0.8955176662839562374, 0.4450259648305218141, 0.000000000000000000 ) ) ;
#4592 = LINE ( 'NONE', #1333, #2872 ) ;
#4593 = FACE_BOUND ( 'NONE', #2784, .T. ) ;
#4594 = VECTOR ( 'NONE', #2492, 1000.000000000000000 ) ;
#4595 = EDGE_LOOP ( 'NONE', ( #2095, #5331, #3156, #5976 ) ) ;
#4596 = VECTOR ( 'NONE', #4433, 1000.000000000000114 ) ;
#4597 = ORIENTED_EDGE ( 'NONE', *, *, #4212, .F. ) ;
#4598 = DIRECTION ( 'NONE',  ( 1.000000000000000000, 0.000000000000000000, 0.000000000000000000 ) ) ;
#4599 = CARTESIAN_POINT ( 'NONE',  ( 3.399999999999998579, 0.9500000000000038414, 0.5000000000000000000 ) ) ;
#4600 = AXIS2_PLACEMENT_3D ( 'NONE', #6437, #5178, #2603 ) ;
#4601 = LINE ( 'NONE', #4652, #3504 ) ;
#4602 = DIRECTION ( 'NONE',  ( -1.000000000000000000, 1.121588454295349533E-16, 0.000000000000000000 ) ) ;
#4603 = DIRECTION ( 'NONE',  ( 0.000000000000000000, 0.000000000000000000, 1.000000000000000000 ) ) ;
#4604 = EDGE_CURVE ( 'NONE', #2166, #2795, #3721, .T. ) ;
#4605 = ORIENTED_EDGE ( 'NONE', *, *, #2176, .T. ) ;
#4606 = VECTOR ( 'NONE', #7773, 1000.000000000000114 ) ;
#4607 = DIRECTION ( 'NONE',  ( 3.197646960325912517E-16, -1.000000000000000000, 0.000000000000000000 ) ) ;
#4608 = EDGE_LOOP ( 'NONE', ( #6380, #5359, #8018, #7989 ) ) ;
#4609 = CARTESIAN_POINT ( 'NONE',  ( 3.649999999999998135, 4.650000000000004796, 5.000000000000000000 ) ) ;
#4610 = VECTOR ( 'NONE', #3064, 1000.000000000000000 ) ;
#4611 = PLANE ( 'NONE',  #3012 ) ;
#4612 = FACE_OUTER_BOUND ( 'NONE', #3937, .T. ) ;
#4613 = CARTESIAN_POINT ( 'NONE',  ( -3.400000000000001243, 0.9500000000000038414, 0.5000000000000000000 ) ) ;
#4614 = EDGE_CURVE ( 'NONE', #7874, #3353, #5182, .T. ) ;
#4615 = ADVANCED_FACE ( 'NONE', ( #4341 ), #1081, .F. ) ;
#4616 = VECTOR ( 'NONE', #4562, 1000.000000000000000 ) ;
#4617 = PRODUCT_DEFINITION_FORMATION_WITH_SPECIFIED_SOURCE ( 'ANY', '', #5108, .NOT_KNOWN. ) ;
#4618 = ORIENTED_EDGE ( 'NONE', *, *, #7622, .T. ) ;
#4619 = LINE ( 'NONE', #6385, #5944 ) ;
#4620 = ORIENTED_EDGE ( 'NONE', *, *, #7838, .T. ) ;
#4621 = DIRECTION ( 'NONE',  ( 0.000000000000000000, 0.000000000000000000, 1.000000000000000000 ) ) ;
#4622 = CIRCLE ( 'NONE', #960, 3.300000000000000266 ) ;
#4623 = ORIENTED_EDGE ( 'NONE', *, *, #670, .F. ) ;
#4624 = LINE ( 'NONE', #7309, #273 ) ;
#4625 = DIRECTION ( 'NONE',  ( -1.000000000000000000, 0.000000000000000000, 0.000000000000000000 ) ) ;
#4626 = VERTEX_POINT ( 'NONE', #5601 ) ;
#4627 = VECTOR ( 'NONE', #4301, 1000.000000000000000 ) ;
#4628 = ORIENTED_EDGE ( 'NONE', *, *, #5301, .T. ) ;
#4629 = CIRCLE ( 'NONE', #4352, 0.4000000000000010214 ) ;
#4630 = VERTEX_POINT ( 'NONE', #1135 ) ;
#4631 = CARTESIAN_POINT ( 'NONE',  ( -16.13937042237545327, 27.39353571423245626, -5.599999999999999645 ) ) ;
#4632 = CARTESIAN_POINT ( 'NONE',  ( 0.000000000000000000, 0.000000000000000000, 0.5000000000000000000 ) ) ;
#4633 = DIRECTION ( 'NONE',  ( 0.4383711467890800129, 0.8987940462991657053, 0.000000000000000000 ) ) ;
#4634 = DIRECTION ( 'NONE',  ( 0.000000000000000000, 1.000000000000000000, 0.000000000000000000 ) ) ;
#4635 = EDGE_CURVE ( 'NONE', #6716, #5338, #5805, .T. ) ;
#4636 = ADVANCED_FACE ( 'NONE', ( #3845 ), #792, .T. ) ;
#4637 = ORIENTED_EDGE ( 'NONE', *, *, #1759, .F. ) ;
#4638 = CARTESIAN_POINT ( 'NONE',  ( 3.250000000000001332, -7.560000000000000497, 1.800000000000000266 ) ) ;
#4639 = DIRECTION ( 'NONE',  ( -1.000000000000000000, 0.000000000000000000, 0.000000000000000000 ) ) ;
#4640 = CIRCLE ( 'NONE', #587, 1.500000000000001332 ) ;
#4641 = DIRECTION ( 'NONE',  ( 1.000000000000000000, 0.000000000000000000, -1.517883041479702421E-14 ) ) ;
#4642 = DIRECTION ( 'NONE',  ( -0.8987940462991664825, -0.4383711467890786251, -0.000000000000000000 ) ) ;
#4643 = CIRCLE ( 'NONE', #1797, 0.6500000000000001332 ) ;
#4644 = ORIENTED_EDGE ( 'NONE', *, *, #771, .T. ) ;
#4645 = VECTOR ( 'NONE', #3238, 1000.000000000000000 ) ;
#4646 = CIRCLE ( 'NONE', #1131, 4.099999999999999645 ) ;
#4647 = ORIENTED_EDGE ( 'NONE', *, *, #447, .F. ) ;
#4648 = DIRECTION ( 'NONE',  ( -0.000000000000000000, -0.000000000000000000, -1.000000000000000000 ) ) ;
#4649 = CARTESIAN_POINT ( 'NONE',  ( -1.734723475976807094E-15, 0.4500000000000040079, 1.800000000000000488 ) ) ;
#4650 = AXIS2_PLACEMENT_3D ( 'NONE', #5370, #899, #7994 ) ;
#4651 = ADVANCED_FACE ( 'NONE', ( #2743 ), #1338, .T. ) ;
#4652 = CARTESIAN_POINT ( 'NONE',  ( -24.03937042237544475, 38.44353571423246052, -5.350000000000003197 ) ) ;
#4653 = LINE ( 'NONE', #7927, #2183 ) ;
#4654 = VECTOR ( 'NONE', #2464, 1000.000000000000000 ) ;
#4655 = DIRECTION ( 'NONE',  ( -1.000000000000000000, -1.794207403895423791E-16, 0.000000000000000000 ) ) ;
#4656 = ORIENTED_EDGE ( 'NONE', *, *, #7289, .T. ) ;
#4657 = VECTOR ( 'NONE', #690, 1000.000000000000000 ) ;
#4658 = CARTESIAN_POINT ( 'NONE',  ( -17.98937042237545825, 37.79353571423245484, -5.350000000000003197 ) ) ;
#4659 = CARTESIAN_POINT ( 'NONE',  ( -15.68937042237545576, 25.89353571423245270, -7.300000000000000711 ) ) ;
#4660 = CIRCLE ( 'NONE', #3571, 1.199999999999999734 ) ;
#4661 = CARTESIAN_POINT ( 'NONE',  ( -25.68937042237544333, 27.59353571423245910, -1.400000000000001021 ) ) ;
#4662 = DIRECTION ( 'NONE',  ( -0.000000000000000000, -1.000000000000000000, -0.000000000000000000 ) ) ;
#4663 = DIRECTION ( 'NONE',  ( 0.000000000000000000, -2.891205793294675467E-15, -1.000000000000000000 ) ) ;
#4664 = ORIENTED_EDGE ( 'NONE', *, *, #2139, .T. ) ;
#4665 = ADVANCED_FACE ( 'NONE', ( #1935 ), #7890, .F. ) ;
#4666 = ORIENTED_EDGE ( 'NONE', *, *, #6631, .T. ) ;
#4667 = PLANE ( 'NONE',  #7746 ) ;
#4668 = VERTEX_POINT ( 'NONE', #3919 ) ;
#4669 = ORIENTED_EDGE ( 'NONE', *, *, #7779, .F. ) ;
#4670 = ORIENTED_EDGE ( 'NONE', *, *, #1371, .F. ) ;
#4671 = ORIENTED_EDGE ( 'NONE', *, *, #3081, .F. ) ;
#4672 = EDGE_CURVE ( 'NONE', #5459, #3804, #6408, .T. ) ;
#4673 = PLANE ( 'NONE',  #5269 ) ;
#4674 = CARTESIAN_POINT ( 'NONE',  ( -1.900000000000001910, -2.700000000000000622, 0.1000000000000000056 ) ) ;
#4675 = CARTESIAN_POINT ( 'NONE',  ( -2.598076211353317344, 7.000000000000000000, 1.499999999999999112 ) ) ;
#4676 = DIRECTION ( 'NONE',  ( -1.000000000000000000, 0.000000000000000000, 0.000000000000000000 ) ) ;
#4677 = VERTEX_POINT ( 'NONE', #1432 ) ;
#4678 = CARTESIAN_POINT ( 'NONE',  ( 1.750000000000000000, -7.560000000000000497, 1.800000000000000266 ) ) ;
#4679 = DIRECTION ( 'NONE',  ( 3.197646960325910545E-16, 1.000000000000000000, 0.000000000000000000 ) ) ;
#4680 = CARTESIAN_POINT ( 'NONE',  ( -24.03937042237544475, 29.99353571423246478, -4.900000000000003020 ) ) ;
#4681 = FACE_BOUND ( 'NONE', #1708, .T. ) ;
#4682 = ORIENTED_EDGE ( 'NONE', *, *, #5243, .T. ) ;
#4683 = EDGE_CURVE ( 'NONE', #1829, #7320, #6544, .T. ) ;
#4684 = ORIENTED_EDGE ( 'NONE', *, *, #3134, .T. ) ;
#4685 = DIRECTION ( 'NONE',  ( -0.000000000000000000, -1.000000000000000000, -0.000000000000000000 ) ) ;
#4686 = DIRECTION ( 'NONE',  ( 1.000000000000000000, -1.734723475976806848E-16, 0.000000000000000000 ) ) ;
#4687 = CARTESIAN_POINT ( 'NONE',  ( 0.6700000000000003730, 16.69999999999999574, 0.5999999999999998668 ) ) ;
#4688 = PLANE ( 'NONE',  #8262 ) ;
#4689 = VERTEX_POINT ( 'NONE', #8345 ) ;
#4690 = EDGE_CURVE ( 'NONE', #5290, #8301, #7084, .T. ) ;
#4691 = ADVANCED_FACE ( 'NONE', ( #5140 ), #1300, .F. ) ;
#4692 = CARTESIAN_POINT ( 'NONE',  ( -15.68937042237545931, 38.44353571423245342, -5.350000000000003197 ) ) ;
#4693 = VERTEX_POINT ( 'NONE', #3331 ) ;
#4694 = CARTESIAN_POINT ( 'NONE',  ( -1.629999999999997673, 16.49999999999999645, 0.8499999999999999778 ) ) ;
#4695 = ORIENTED_EDGE ( 'NONE', *, *, #4968, .F. ) ;
#4696 = CARTESIAN_POINT ( 'NONE',  ( -17.33937042237545256, 29.99353571423246123, -5.350000000000003197 ) ) ;
#4697 = LINE ( 'NONE', #5394, #2195 ) ;
#4698 = ORIENTED_EDGE ( 'NONE', *, *, #1114, .T. ) ;
#4699 = DIRECTION ( 'NONE',  ( 2.282530889443169980E-16, 1.000000000000000000, -3.227392513445222712E-15 ) ) ;
#4700 = EDGE_LOOP ( 'NONE', ( #4961, #740, #4348, #7031 ) ) ;
#4701 = EDGE_CURVE ( 'NONE', #2157, #737, #7763, .T. ) ;
#4702 = EDGE_LOOP ( 'NONE', ( #6615, #7946, #623 ) ) ;
#4703 = ORIENTED_EDGE ( 'NONE', *, *, #411, .F. ) ;
#4704 = LINE ( 'NONE', #3319, #3691 ) ;
#4705 = DIRECTION ( 'NONE',  ( -0.000000000000000000, -0.000000000000000000, -1.000000000000000000 ) ) ;
#4706 = DIRECTION ( 'NONE',  ( 0.000000000000000000, 0.000000000000000000, -1.000000000000000000 ) ) ;
#4707 = VERTEX_POINT ( 'NONE', #7122 ) ;
#4708 = FACE_OUTER_BOUND ( 'NONE', #5201, .T. ) ;
#4709 = CARTESIAN_POINT ( 'NONE',  ( 2.291287847475519612, 1.204102022459407187E-13, 1.000000000000116351 ) ) ;
#4710 = DIRECTION ( 'NONE',  ( 8.881784197001252323E-16, 0.000000000000000000, -1.000000000000000000 ) ) ;
#4711 = EDGE_CURVE ( 'NONE', #4726, #828, #72, .T. ) ;
#4712 = ORIENTED_EDGE ( 'NONE', *, *, #4055, .F. ) ;
#4713 = VERTEX_POINT ( 'NONE', #2065 ) ;
#4714 = CARTESIAN_POINT ( 'NONE',  ( 3.599999999999999645, -5.149999999999998579, 5.000000000000000000 ) ) ;
#4715 = AXIS2_PLACEMENT_3D ( 'NONE', #6517, #1238, #5165 ) ;
#4716 = CARTESIAN_POINT ( 'NONE',  ( -24.59455531713555843, 21.67492864669429409, -7.349999999999925926 ) ) ;
#4717 = CARTESIAN_POINT ( 'NONE',  ( 0.000000000000000000, 13.50000000000000000, 0.000000000000000000 ) ) ;
#4718 = VERTEX_POINT ( 'NONE', #6779 ) ;
#4719 = CARTESIAN_POINT ( 'NONE',  ( -25.77144432910364813, 20.31262316951115565, -6.165236756138536833 ) ) ;
#4720 = VECTOR ( 'NONE', #7250, 1000.000000000000000 ) ;
#4721 = DIRECTION ( 'NONE',  ( -0.000000000000000000, -0.000000000000000000, -1.000000000000000000 ) ) ;
#4722 = ORIENTED_EDGE ( 'NONE', *, *, #4055, .T. ) ;
#4723 = DIRECTION ( 'NONE',  ( -0.000000000000000000, -1.000000000000000000, -0.000000000000000000 ) ) ;
#4724 = CIRCLE ( 'NONE', #2431, 0.6500000000000047962 ) ;
#4725 = EDGE_CURVE ( 'NONE', #2283, #7099, #359, .T. ) ;
#4726 = VERTEX_POINT ( 'NONE', #3577 ) ;
#4727 = ADVANCED_FACE ( 'NONE', ( #2109 ), #5382, .F. ) ;
#4728 = DIRECTION ( 'NONE',  ( -1.000000000000000000, -0.000000000000000000, -0.000000000000000000 ) ) ;
#4729 = CARTESIAN_POINT ( 'NONE',  ( -15.68937042237545576, 24.39353571423245626, -8.100000000000001421 ) ) ;
#4730 = AXIS2_PLACEMENT_3D ( 'NONE', #5848, #7078, #1375 ) ;
#4731 = ORIENTED_EDGE ( 'NONE', *, *, #2582, .F. ) ;
#4732 = AXIS2_PLACEMENT_3D ( 'NONE', #134, #3999, #3869 ) ;
#4733 = ORIENTED_EDGE ( 'NONE', *, *, #3912, .F. ) ;
#4734 = DIRECTION ( 'NONE',  ( 0.000000000000000000, 3.227392513445222712E-15, 1.000000000000000000 ) ) ;
#4735 = ORIENTED_EDGE ( 'NONE', *, *, #462, .T. ) ;
#4736 = EDGE_CURVE ( 'NONE', #2945, #6159, #272, .T. ) ;
#4737 = DIRECTION ( 'NONE',  ( -2.282530889443169980E-16, 1.000000000000000000, 0.000000000000000000 ) ) ;
#4738 = PLANE ( 'NONE',  #3963 ) ;
#4739 = STYLED_ITEM ( 'NONE', ( #7652 ), #8179 ) ;
#4740 = VERTEX_POINT ( 'NONE', #7963 ) ;
#4741 = AXIS2_PLACEMENT_3D ( 'NONE', #3087, #8348, #5643 ) ;
#4742 = ORIENTED_EDGE ( 'NONE', *, *, #5466, .F. ) ;
#4743 = CARTESIAN_POINT ( 'NONE',  ( -0.5000000000000017764, 0.9500000000000040634, 0.5000000000000000000 ) ) ;
#4744 = DIRECTION ( 'NONE',  ( 3.197646960325912517E-16, -1.000000000000000000, 0.000000000000000000 ) ) ;
#4745 = CARTESIAN_POINT ( 'NONE',  ( -1.734723475976807094E-15, 0.4500000000000040079, 2.500000000000000000 ) ) ;
#4746 = EDGE_LOOP ( 'NONE', ( #4142, #6119, #4045, #5929 ) ) ;
#4747 = DIRECTION ( 'NONE',  ( -9.944723329119473257E-15, -7.378873015838490691E-15, -1.000000000000000000 ) ) ;
#4748 = LINE ( 'NONE', #226, #4227 ) ;
#4749 = AXIS2_PLACEMENT_3D ( 'NONE', #906, #1151, #3486 ) ;
#4750 = ORIENTED_EDGE ( 'NONE', *, *, #7672, .F. ) ;
#4751 = VERTEX_POINT ( 'NONE', #2948 ) ;
#4752 = LINE ( 'NONE', #5931, #1810 ) ;
#4753 = VECTOR ( 'NONE', #8282, 1000.000000000000000 ) ;
#4754 = VECTOR ( 'NONE', #1991, 1000.000000000000000 ) ;
#4755 = DIRECTION ( 'NONE',  ( 0.000000000000000000, 1.000000000000000000, 0.000000000000000000 ) ) ;
#4756 = EDGE_CURVE ( 'NONE', #3482, #7072, #2181, .T. ) ;
#4757 = EDGE_CURVE ( 'NONE', #77, #93, #3492, .T. ) ;
#4758 = PLANE ( 'NONE',  #5255 ) ;
#4759 = ADVANCED_FACE ( 'NONE', ( #2227 ), #4802, .T. ) ;
#4760 = AXIS2_PLACEMENT_3D ( 'NONE', #4696, #7260, #802 ) ;
#4761 = CARTESIAN_POINT ( 'NONE',  ( -15.68937042237545576, 23.89353571423246336, -8.100000000000001421 ) ) ;
#4762 = AXIS2_PLACEMENT_3D ( 'NONE', #7456, #6626, #2077 ) ;
#4763 = ORIENTED_EDGE ( 'NONE', *, *, #4169, .F. ) ;
#4764 = VECTOR ( 'NONE', #5881, 1000.000000000000000 ) ;
#4765 = DIRECTION ( 'NONE',  ( -0.000000000000000000, -0.000000000000000000, -1.000000000000000000 ) ) ;
#4766 = AXIS2_PLACEMENT_3D ( 'NONE', #2016, #5260, #7841 ) ;
#4767 = EDGE_CURVE ( 'NONE', #7479, #132, #4907, .T. ) ;
#4768 = CARTESIAN_POINT ( 'NONE',  ( -3.250000000000001332, -7.560000000000001386, 1.800000000000000266 ) ) ;
#4769 = VERTEX_POINT ( 'NONE', #3657 ) ;
#4770 = AXIS2_PLACEMENT_3D ( 'NONE', #1663, #3105, #6205 ) ;
#4771 = AXIS2_PLACEMENT_3D ( 'NONE', #3696, #4237, #6808 ) ;
#4772 = ORIENTED_EDGE ( 'NONE', *, *, #4711, .T. ) ;
#4773 = CARTESIAN_POINT ( 'NONE',  ( -24.03937042237544475, 29.34353571423245910, -5.350000000000003197 ) ) ;
#4774 = CARTESIAN_POINT ( 'NONE',  ( 0.8032336497292296151, 15.19999999999999751, -2.404700010220583106 ) ) ;
#4775 = VECTOR ( 'NONE', #7877, 1000.000000000000000 ) ;
#4776 = AXIS2_PLACEMENT_3D ( 'NONE', #5736, #2632, #7731 ) ;
#4777 = ORIENTED_EDGE ( 'NONE', *, *, #3258, .T. ) ;
#4778 = AXIS2_PLACEMENT_3D ( 'NONE', #822, #4994, #2973 ) ;
#4779 = EDGE_CURVE ( 'NONE', #5930, #7140, #5750, .T. ) ;
#4780 = ORIENTED_EDGE ( 'NONE', *, *, #3689, .T. ) ;
#4781 = VECTOR ( 'NONE', #4104, 1000.000000000000114 ) ;
#4782 = LINE ( 'NONE', #5951, #1521 ) ;
#4783 = ORIENTED_EDGE ( 'NONE', *, *, #7646, .T. ) ;
#4784 = DIRECTION ( 'NONE',  ( -1.085300408096357451E-16, -1.000000000000000000, -0.000000000000000000 ) ) ;
#4785 = CARTESIAN_POINT ( 'NONE',  ( 0.000000000000000000, 0.9500000000000040634, 0.000000000000000000 ) ) ;
#4786 = EDGE_CURVE ( 'NONE', #3146, #5438, #5593, .T. ) ;
#4787 = EDGE_CURVE ( 'NONE', #5066, #6602, #3113, .T. ) ;
#4788 = ORIENTED_EDGE ( 'NONE', *, *, #1449, .T. ) ;
#4789 = ORIENTED_EDGE ( 'NONE', *, *, #7127, .T. ) ;
#4790 = FILL_AREA_STYLE_COLOUR ( '', #5534 ) ;
#4791 = DIRECTION ( 'NONE',  ( 0.000000000000000000, 0.000000000000000000, -1.000000000000000000 ) ) ;
#4792 = CARTESIAN_POINT ( 'NONE',  ( -25.28937042237544119, 27.59353571423245910, 0.04999999999999996808 ) ) ;
#4793 = DIRECTION ( 'NONE',  ( 1.000000000000000000, 0.000000000000000000, 0.000000000000000000 ) ) ;
#4794 = EDGE_LOOP ( 'NONE', ( #1325, #1737, #2123, #2663 ) ) ;
#4795 = DIRECTION ( 'NONE',  ( 0.000000000000000000, 0.000000000000000000, -1.000000000000000000 ) ) ;
#4796 = LINE ( 'NONE', #7365, #1395 ) ;
#4797 = CARTESIAN_POINT ( 'NONE',  ( -2.900000000000000799, -11.96000000000000796, 1.800000000000000711 ) ) ;
#4798 = DIRECTION ( 'NONE',  ( 1.000000000000000000, 0.000000000000000000, 0.000000000000000000 ) ) ;
#4799 = ORIENTED_EDGE ( 'NONE', *, *, #1200, .T. ) ;
#4800 = ORIENTED_EDGE ( 'NONE', *, *, #1609, .T. ) ;
#4801 = DIRECTION ( 'NONE',  ( 0.000000000000000000, -1.000000000000000000, 0.000000000000000000 ) ) ;
#4802 = CYLINDRICAL_SURFACE ( 'NONE', #1108, 1.500000000000001332 ) ;
#4803 = DIRECTION ( 'NONE',  ( -1.000000000000000000, 2.168404344971008868E-15, 0.000000000000000000 ) ) ;
#4804 = PLANE ( 'NONE',  #952 ) ;
#4805 = ORIENTED_EDGE ( 'NONE', *, *, #380, .T. ) ;
#4806 = EDGE_CURVE ( 'NONE', #5086, #113, #6170, .T. ) ;
#4807 = LINE ( 'NONE', #4692, #1736 ) ;
#4808 = CARTESIAN_POINT ( 'NONE',  ( -17.23937042237544404, 33.89353571423244205, 1.449999999999999956 ) ) ;
#4809 = CARTESIAN_POINT ( 'NONE',  ( -0.5000000000000015543, 2.950000000000003730, 0.5000000000000000000 ) ) ;
#4810 = ORIENTED_EDGE ( 'NONE', *, *, #6510, .F. ) ;
#4811 = VERTEX_POINT ( 'NONE', #3612 ) ;
#4812 = CARTESIAN_POINT ( 'NONE',  ( 1.479999999999999982, 16.49999999999999645, 1.199999999999999734 ) ) ;
#4813 = CARTESIAN_POINT ( 'NONE',  ( -25.23937042237544404, 6.263023396829152227E-15, -0.4000000000000010214 ) ) ;
#4814 = DIRECTION ( 'NONE',  ( 0.000000000000000000, 0.000000000000000000, -1.000000000000000000 ) ) ;
#4815 = VERTEX_POINT ( 'NONE', #1673 ) ;
#4816 = EDGE_CURVE ( 'NONE', #3341, #1853, #841, .T. ) ;
#4817 = ORIENTED_EDGE ( 'NONE', *, *, #4147, .T. ) ;
#4818 = ORIENTED_EDGE ( 'NONE', *, *, #4184, .F. ) ;
#4819 = PLANE ( 'NONE',  #4096 ) ;
#4820 = VERTEX_POINT ( 'NONE', #6308 ) ;
#4821 = DIRECTION ( 'NONE',  ( -0.000000000000000000, -0.000000000000000000, -1.000000000000000000 ) ) ;
#4822 = EDGE_CURVE ( 'NONE', #800, #8060, #1752, .T. ) ;
#4823 = CARTESIAN_POINT ( 'NONE',  ( 0.7500000000000001110, 0.000000000000000000, 2.100000000000000089 ) ) ;
#4824 = EDGE_LOOP ( 'NONE', ( #6717, #7082, #1603, #7149 ) ) ;
#4825 = VERTEX_POINT ( 'NONE', #5057 ) ;
#4826 = LINE ( 'NONE', #3564, #832 ) ;
#4827 = CARTESIAN_POINT ( 'NONE',  ( -16.98937042237545114, 38.09353571423245910, 0.4500000000000001221 ) ) ;
#4828 = CARTESIAN_POINT ( 'NONE',  ( -23.68937042237544333, 38.09353571423245910, 0.000000000000000000 ) ) ;
#4829 = DIRECTION ( 'NONE',  ( 0.000000000000000000, -1.000000000000000000, 0.000000000000000000 ) ) ;
#4830 = ORIENTED_EDGE ( 'NONE', *, *, #888, .T. ) ;
#4831 = LINE ( 'NONE', #4869, #554 ) ;
#4832 = CARTESIAN_POINT ( 'NONE',  ( -15.68937042237545576, 22.89353571423245270, 0.4000000000000000222 ) ) ;
#4833 = EDGE_CURVE ( 'NONE', #5752, #3552, #7466, .T. ) ;
#4834 = CARTESIAN_POINT ( 'NONE',  ( -25.68937042237545043, 24.39353571423245981, -8.100000000000001421 ) ) ;
#4835 = ADVANCED_FACE ( 'NONE', ( #1031 ), #5540, .T. ) ;
#4836 = EDGE_LOOP ( 'NONE', ( #2321, #2146, #6956, #2280 ) ) ;
#4837 = VERTEX_POINT ( 'NONE', #7498 ) ;
#4838 = DIRECTION ( 'NONE',  ( 1.000000000000000000, -1.215054158819962036E-16, 0.000000000000000000 ) ) ;
#4839 = DIRECTION ( 'NONE',  ( 0.000000000000000000, 0.000000000000000000, 1.000000000000000000 ) ) ;
#4840 = DIRECTION ( 'NONE',  ( 0.000000000000000000, 0.000000000000000000, 1.000000000000000000 ) ) ;
#4841 = CARTESIAN_POINT ( 'NONE',  ( -1.900000000000001910, -4.200000000000000178, 0.1000000000000000056 ) ) ;
#4842 = CIRCLE ( 'NONE', #1207, 0.6999999999999992895 ) ;
#4843 = CYLINDRICAL_SURFACE ( 'NONE', #5775, 1.199999999999999734 ) ;
#4844 =( NAMED_UNIT ( * ) SI_UNIT ( $, .STERADIAN. ) SOLID_ANGLE_UNIT ( ) );
#4845 = DIRECTION ( 'NONE',  ( 0.000000000000000000, 0.000000000000000000, 1.000000000000000000 ) ) ;
#4846 = ORIENTED_EDGE ( 'NONE', *, *, #1884, .F. ) ;
#4847 = ORIENTED_EDGE ( 'NONE', *, *, #4315, .T. ) ;
#4848 = DIRECTION ( 'NONE',  ( 0.000000000000000000, -1.000000000000000000, 0.000000000000000000 ) ) ;
#4849 = CARTESIAN_POINT ( 'NONE',  ( 0.4999999999999987232, 1.540871211463575419, 0.5000000000000000000 ) ) ;
#4850 = DIRECTION ( 'NONE',  ( 0.4383711467890800129, 0.8987940462991657053, 0.000000000000000000 ) ) ;
#4851 = VERTEX_POINT ( 'NONE', #4287 ) ;
#4852 = AXIS2_PLACEMENT_3D ( 'NONE', #1385, #5101, #7675 ) ;
#4853 = ORIENTED_EDGE ( 'NONE', *, *, #56, .F. ) ;
#4854 = ORIENTED_EDGE ( 'NONE', *, *, #642, .T. ) ;
#4855 = DIRECTION ( 'NONE',  ( 1.000000000000000000, 0.000000000000000000, 0.000000000000000000 ) ) ;
#4856 = ORIENTED_EDGE ( 'NONE', *, *, #2552, .T. ) ;
#4857 = EDGE_CURVE ( 'NONE', #132, #439, #4964, .T. ) ;
#4858 = VECTOR ( 'NONE', #5586, 1000.000000000000000 ) ;
#4859 = CARTESIAN_POINT ( 'NONE',  ( -25.23937042237544404, 3.198345255936803545E-15, -5.349999999999987210 ) ) ;
#4860 = EDGE_CURVE ( 'NONE', #3608, #7970, #7582, .T. ) ;
#4861 = VECTOR ( 'NONE', #3171, 1000.000000000000000 ) ;
#4862 = VECTOR ( 'NONE', #7074, 1000.000000000000000 ) ;
#4863 = ORIENTED_EDGE ( 'NONE', *, *, #6019, .F. ) ;
#4864 = DIRECTION ( 'NONE',  ( 1.000000000000000000, 0.000000000000000000, 0.000000000000000000 ) ) ;
#4865 = LINE ( 'NONE', #4275, #2895 ) ;
#4866 = FACE_OUTER_BOUND ( 'NONE', #5156, .T. ) ;
#4867 = FACE_OUTER_BOUND ( 'NONE', #4584, .T. ) ;
#4868 = ORIENTED_EDGE ( 'NONE', *, *, #2290, .F. ) ;
#4869 = CARTESIAN_POINT ( 'NONE',  ( 1.899999999999996358, -2.700000000000000622, 0.1000000000000000056 ) ) ;
#4870 = DIRECTION ( 'NONE',  ( -1.000000000000000000, 0.000000000000000000, 0.000000000000000000 ) ) ;
#4871 = AXIS2_PLACEMENT_3D ( 'NONE', #5780, #3989, #7100 ) ;
#4872 = VERTEX_POINT ( 'NONE', #536 ) ;
#4873 = VECTOR ( 'NONE', #1816, 1000.000000000000000 ) ;
#4874 =( REPRESENTATION_RELATIONSHIP ('NONE','NONE', #2041, #7806 ) REPRESENTATION_RELATIONSHIP_WITH_TRANSFORMATION ( #5806 )SHAPE_REPRESENTATION_RELATIONSHIP( ) );
#4875 = EDGE_CURVE ( 'NONE', #5062, #393, #4929, .T. ) ;
#4876 = ORIENTED_EDGE ( 'NONE', *, *, #5429, .T. ) ;
#4877 = EDGE_CURVE ( 'NONE', #3785, #48, #431, .T. ) ;
#4878 = DIRECTION ( 'NONE',  ( -0.000000000000000000, -0.000000000000000000, -1.000000000000000000 ) ) ;
#4879 = AXIS2_PLACEMENT_3D ( 'NONE', #2991, #5507, #2363 ) ;
#4880 = CARTESIAN_POINT ( 'NONE',  ( 1.898540922494819316, 13.50000000000000000, 3.349334615354596423 ) ) ;
#4881 = DIRECTION ( 'NONE',  ( -0.000000000000000000, -0.000000000000000000, -1.000000000000000000 ) ) ;
#4882 = CARTESIAN_POINT ( 'NONE',  ( 0.000000000000000000, 0.000000000000000000, 5.000000000000000000 ) ) ;
#4883 = CARTESIAN_POINT ( 'NONE',  ( -15.68937042237545576, 24.39353571423245626, -1.400000000000001021 ) ) ;
#4884 = VECTOR ( 'NONE', #5181, 1000.000000000000000 ) ;
#4885 = DIRECTION ( 'NONE',  ( -1.000000000000000000, 2.282530889443169980E-16, 0.000000000000000000 ) ) ;
#4886 = VECTOR ( 'NONE', #371, 1000.000000000000000 ) ;
#4887 = EDGE_CURVE ( 'NONE', #5892, #6287, #1073, .T. ) ;
#4888 = EDGE_CURVE ( 'NONE', #1059, #7394, #2480, .T. ) ;
#4889 = DIRECTION ( 'NONE',  ( 2.168404344971008868E-16, -1.000000000000000000, 0.000000000000000000 ) ) ;
#4890 = VECTOR ( 'NONE', #645, 1000.000000000000000 ) ;
#4891 = DIRECTION ( 'NONE',  ( 0.000000000000000000, 0.000000000000000000, 1.000000000000000000 ) ) ;
#4892 = ORIENTED_EDGE ( 'NONE', *, *, #5364, .F. ) ;
#4893 = ORIENTED_EDGE ( 'NONE', *, *, #1250, .T. ) ;
#4894 = PLANE ( 'NONE',  #7726 ) ;
#4895 = VECTOR ( 'NONE', #1397, 1000.000000000000000 ) ;
#4896 = VECTOR ( 'NONE', #5348, 1000.000000000000000 ) ;
#4897 = DIRECTION ( 'NONE',  ( 1.000000000000000000, 0.000000000000000000, 0.000000000000000000 ) ) ;
#4898 = DIRECTION ( 'NONE',  ( 1.000000000000000000, 0.000000000000000000, -1.224646799147353207E-16 ) ) ;
#4899 = ORIENTED_EDGE ( 'NONE', *, *, #2388, .T. ) ;
#4900 = VECTOR ( 'NONE', #873, 1000.000000000000000 ) ;
#4901 = VECTOR ( 'NONE', #6543, 1000.000000000000000 ) ;
#4902 = ORIENTED_EDGE ( 'NONE', *, *, #7017, .T. ) ;
#4903 = ORIENTED_EDGE ( 'NONE', *, *, #7780, .T. ) ;
#4904 = LINE ( 'NONE', #2374, #1254 ) ;
#4905 = VECTOR ( 'NONE', #4941, 1000.000000000000000 ) ;
#4906 = ORIENTED_EDGE ( 'NONE', *, *, #7049, .F. ) ;
#4907 = CIRCLE ( 'NONE', #6904, 0.4000000000000001887 ) ;
#4908 = DIRECTION ( 'NONE',  ( -0.4067366430758009854, 0.000000000000000000, 0.9135454576426004225 ) ) ;
#4909 = CIRCLE ( 'NONE', #4778, 3.050000000000000711 ) ;
#4910 = AXIS2_PLACEMENT_3D ( 'NONE', #2972, #8200, #4953 ) ;
#4911 = EDGE_CURVE ( 'NONE', #2166, #2876, #6666, .T. ) ;
#4912 = EDGE_CURVE ( 'NONE', #1511, #6466, #579, .T. ) ;
#4913 = ORIENTED_EDGE ( 'NONE', *, *, #1129, .T. ) ;
#4914 = VERTEX_POINT ( 'NONE', #6291 ) ;
#4915 = FACE_OUTER_BOUND ( 'NONE', #2140, .T. ) ;
#4916 = CARTESIAN_POINT ( 'NONE',  ( -3.400000000000003020, -0.05202383709185157135, 0.000000000000000000 ) ) ;
#4917 = DIRECTION ( 'NONE',  ( 0.000000000000000000, 0.000000000000000000, 1.000000000000000000 ) ) ;
#4918 = DIRECTION ( 'NONE',  ( 0.000000000000000000, 0.000000000000000000, 1.000000000000000000 ) ) ;
#4919 = ORIENTED_EDGE ( 'NONE', *, *, #4912, .F. ) ;
#4920 = CARTESIAN_POINT ( 'NONE',  ( -0.7967663502707696965, 15.19999999999999751, 1.716269817073340895E-16 ) ) ;
#4921 = DIRECTION ( 'NONE',  ( -1.000000000000000000, 0.000000000000000000, 0.000000000000000000 ) ) ;
#4922 = DIRECTION ( 'NONE',  ( -1.000000000000000000, 0.000000000000000000, 0.000000000000000000 ) ) ;
#4923 = ORIENTED_EDGE ( 'NONE', *, *, #1526, .F. ) ;
#4924 = EDGE_CURVE ( 'NONE', #4073, #3902, #5547, .T. ) ;
#4925 = ORIENTED_EDGE ( 'NONE', *, *, #4725, .F. ) ;
#4926 = ORIENTED_EDGE ( 'NONE', *, *, #6681, .T. ) ;
#4927 = DIRECTION ( 'NONE',  ( -1.000000000000000000, 0.000000000000000000, 0.000000000000000000 ) ) ;
#4928 = DIRECTION ( 'NONE',  ( -1.000000000000000000, 0.000000000000000000, 0.000000000000000000 ) ) ;
#4929 = LINE ( 'NONE', #8211, #2320 ) ;
#4930 = CARTESIAN_POINT ( 'NONE',  ( -25.23937042237553996, 22.89353571423246692, -5.349999999999925926 ) ) ;
#4931 = DIRECTION ( 'NONE',  ( -0.000000000000000000, -0.000000000000000000, -1.000000000000000000 ) ) ;
#4932 = DIRECTION ( 'NONE',  ( 1.000000000000000000, -1.085300408096357451E-16, 0.000000000000000000 ) ) ;
#4933 = EDGE_CURVE ( 'NONE', #48, #3785, #2083, .T. ) ;
#4934 = DIRECTION ( 'NONE',  ( 0.000000000000000000, 0.000000000000000000, 1.000000000000000000 ) ) ;
#4935 = CARTESIAN_POINT ( 'NONE',  ( 2.999999999999998224, 4.650000000000004796, 5.000000000000000000 ) ) ;
#4936 = EDGE_LOOP ( 'NONE', ( #5784, #1963 ) ) ;
#4937 = ORIENTED_EDGE ( 'NONE', *, *, #4690, .F. ) ;
#4938 = PLANE ( 'NONE',  #1788 ) ;
#4939 = FACE_OUTER_BOUND ( 'NONE', #5558, .T. ) ;
#4940 = ADVANCED_FACE ( 'NONE', ( #6454, #6374 ), #7052, .T. ) ;
#4941 = DIRECTION ( 'NONE',  ( 0.000000000000000000, 1.000000000000000000, 0.000000000000000000 ) ) ;
#4942 = EDGE_CURVE ( 'NONE', #6126, #8065, #3137, .T. ) ;
#4943 = ORIENTED_EDGE ( 'NONE', *, *, #4288, .F. ) ;
#4944 = ORIENTED_EDGE ( 'NONE', *, *, #4672, .F. ) ;
#4945 = LINE ( 'NONE', #2536, #118 ) ;
#4946 = ORIENTED_EDGE ( 'NONE', *, *, #166, .T. ) ;
#4947 = VERTEX_POINT ( 'NONE', #516 ) ;
#4948 = CARTESIAN_POINT ( 'NONE',  ( -15.68937042237545931, 38.44353571423245342, -4.399999999999999467 ) ) ;
#4949 = VERTEX_POINT ( 'NONE', #8356 ) ;
#4950 = EDGE_LOOP ( 'NONE', ( #4846, #4033, #1874, #2553 ) ) ;
#4951 = PLANE ( 'NONE',  #2044 ) ;
#4952 = LINE ( 'NONE', #3518, #3160 ) ;
#4953 = DIRECTION ( 'NONE',  ( 0.000000000000000000, 0.000000000000000000, -1.000000000000000000 ) ) ;
#4954 = CARTESIAN_POINT ( 'NONE',  ( 0.000000000000000000, 0.000000000000000000, 0.1000000000000000056 ) ) ;
#4955 = VERTEX_POINT ( 'NONE', #1188 ) ;
#4956 = FACE_OUTER_BOUND ( 'NONE', #7940, .T. ) ;
#4957 = PLANE ( 'NONE',  #4770 ) ;
#4958 = ADVANCED_FACE ( 'NONE', ( #3095 ), #1955, .T. ) ;
#4959 = ORIENTED_EDGE ( 'NONE', *, *, #7945, .F. ) ;
#4960 = ORIENTED_EDGE ( 'NONE', *, *, #7974, .F. ) ;
#4961 = ORIENTED_EDGE ( 'NONE', *, *, #670, .T. ) ;
#4962 = CARTESIAN_POINT ( 'NONE',  ( -20.68937042237544688, 33.89353571423244205, -1.626303258728256651E-17 ) ) ;
#4963 = CARTESIAN_POINT ( 'NONE',  ( 0.000000000000000000, -2.050000000000001155, 0.000000000000000000 ) ) ;
#4964 = LINE ( 'NONE', #8126, #1542 ) ;
#4965 = CARTESIAN_POINT ( 'NONE',  ( 0.000000000000000000, 18.00000000008594725, 0.000000000000000000 ) ) ;
#4966 = DIRECTION ( 'NONE',  ( -0.000000000000000000, -0.000000000000000000, -1.000000000000000000 ) ) ;
#4967 = CARTESIAN_POINT ( 'NONE',  ( -0.5000000000000027756, -0.05202383709185192523, 0.5000000000000000000 ) ) ;
#4968 = EDGE_CURVE ( 'NONE', #4008, #2366, #1134, .T. ) ;
#4969 = EDGE_CURVE ( 'NONE', #2964, #3586, #8111, .T. ) ;
#4970 = CARTESIAN_POINT ( 'NONE',  ( 0.000000000000000000, -4.200000000000000178, 0.000000000000000000 ) ) ;
#4971 = DIRECTION ( 'NONE',  ( -2.154044051295704582E-16, -0.000000000000000000, -1.000000000000000000 ) ) ;
#4972 = CARTESIAN_POINT ( 'NONE',  ( 5.421010862427522170E-17, -2.222614453595284090E-15, -0.05000000000000056483 ) ) ;
#4973 = DIRECTION ( 'NONE',  ( 0.000000000000000000, 0.000000000000000000, 1.000000000000000000 ) ) ;
#4974 = ORIENTED_EDGE ( 'NONE', *, *, #1016, .F. ) ;
#4975 = LINE ( 'NONE', #7549, #2308 ) ;
#4976 = DIRECTION ( 'NONE',  ( 0.000000000000000000, 0.000000000000000000, 1.000000000000000000 ) ) ;
#4977 = CARTESIAN_POINT ( 'NONE',  ( 4.399999999999998579, 0.000000000000000000, 0.000000000000000000 ) ) ;
#4978 = VERTEX_POINT ( 'NONE', #4408 ) ;
#4979 = AXIS2_PLACEMENT_3D ( 'NONE', #278, #5470, #4053 ) ;
#4980 = DIRECTION ( 'NONE',  ( 0.000000000000000000, 0.000000000000000000, 1.000000000000000000 ) ) ;
#4981 = ORIENTED_EDGE ( 'NONE', *, *, #1994, .F. ) ;
#4982 = EDGE_CURVE ( 'NONE', #4769, #962, #683, .T. ) ;
#4983 = EDGE_CURVE ( 'NONE', #6562, #1199, #2580, .T. ) ;
#4984 = CARTESIAN_POINT ( 'NONE',  ( -2.500000000000000000, -1.831784155265234362E-15, 1.800000000000000266 ) ) ;
#4985 = DIRECTION ( 'NONE',  ( 0.4383711467890784030, -0.8987940462991664825, 0.000000000000000000 ) ) ;
#4986 = CARTESIAN_POINT ( 'NONE',  ( -16.13937042237544972, 22.89353571423245270, -5.349999999999987210 ) ) ;
#4987 = VECTOR ( 'NONE', #1433, 1000.000000000000000 ) ;
#4988 = ORIENTED_EDGE ( 'NONE', *, *, #2720, .F. ) ;
#4989 = ORIENTED_EDGE ( 'NONE', *, *, #82, .F. ) ;
#4990 = ADVANCED_FACE ( 'NONE', ( #8321 ), #7776, .F. ) ;
#4991 = CIRCLE ( 'NONE', #7560, 0.4000000000132786226 ) ;
#4992 = EDGE_LOOP ( 'NONE', ( #7363, #6579 ) ) ;
#4993 = FACE_OUTER_BOUND ( 'NONE', #3301, .T. ) ;
#4994 = DIRECTION ( 'NONE',  ( -0.000000000000000000, -0.000000000000000000, -1.000000000000000000 ) ) ;
#4995 = ORIENTED_EDGE ( 'NONE', *, *, #1626, .T. ) ;
#4996 = CARTESIAN_POINT ( 'NONE',  ( 4.399999999999998579, 5.100000000000004086, 0.1000000000000000056 ) ) ;
#4997 = DIRECTION ( 'NONE',  ( 1.000000000000000000, 0.000000000000000000, 0.000000000000000000 ) ) ;
#4998 = CIRCLE ( 'NONE', #1500, 0.6500000000000000222 ) ;
#4999 = VERTEX_POINT ( 'NONE', #7611 ) ;
#5000 = ORIENTED_EDGE ( 'NONE', *, *, #3236, .T. ) ;
#5001 = EDGE_LOOP ( 'NONE', ( #1491, #1261, #4585, #2562 ) ) ;
#5002 = DIRECTION ( 'NONE',  ( 0.000000000000000000, 0.000000000000000000, -1.000000000000000000 ) ) ;
#5003 = ADVANCED_FACE ( 'NONE', ( #5077 ), #1825, .F. ) ;
#5004 = EDGE_CURVE ( 'NONE', #8218, #4713, #7004, .T. ) ;
#5005 = CARTESIAN_POINT ( 'NONE',  ( 0.4999999999999982792, -2.050000000000000711, 0.5000000000000000000 ) ) ;
#5006 = DIRECTION ( 'NONE',  ( -1.355252715606880296E-16, 1.000000000000000000, 0.000000000000000000 ) ) ;
#5007 = AXIS2_PLACEMENT_3D ( 'NONE', #2286, #3442, #4864 ) ;
#5008 = DIRECTION ( 'NONE',  ( 0.000000000000000000, 1.000000000000000000, 0.000000000000000000 ) ) ;
#5009 = DIRECTION ( 'NONE',  ( 0.000000000000000000, -1.000000000000000000, 0.000000000000000000 ) ) ;
#5010 = LINE ( 'NONE', #7501, #2870 ) ;
#5011 = VECTOR ( 'NONE', #5313, 1000.000000000000000 ) ;
#5012 = EDGE_LOOP ( 'NONE', ( #2475, #5659, #2551, #5707 ) ) ;
#5013 = VECTOR ( 'NONE', #6527, 1000.000000000000000 ) ;
#5014 = LINE ( 'NONE', #8136, #1349 ) ;
#5015 = ADVANCED_FACE ( 'NONE', ( #6329 ), #5818, .F. ) ;
#5016 = EDGE_CURVE ( 'NONE', #6016, #4851, #562, .T. ) ;
#5017 = AXIS2_PLACEMENT_3D ( 'NONE', #4389, #5679, #3165 ) ;
#5018 = DIRECTION ( 'NONE',  ( -0.000000000000000000, -0.000000000000000000, -1.000000000000000000 ) ) ;
#5019 = DIRECTION ( 'NONE',  ( 0.000000000000000000, 0.000000000000000000, 1.000000000000000000 ) ) ;
#5020 = DIRECTION ( 'NONE',  ( 1.000000000000000000, 0.000000000000000000, 0.000000000000000000 ) ) ;
#5021 = ORIENTED_EDGE ( 'NONE', *, *, #5234, .T. ) ;
#5022 = CARTESIAN_POINT ( 'NONE',  ( 0.5000000000000002220, 15.89999999999999680, 0.000000000000000000 ) ) ;
#5023 = AXIS2_PLACEMENT_3D ( 'NONE', #3880, #2567, #1211 ) ;
#5024 = DIRECTION ( 'NONE',  ( -1.000000000000000000, 0.000000000000000000, 0.000000000000000000 ) ) ;
#5025 = DIRECTION ( 'NONE',  ( 1.000000000000000000, 0.000000000000000000, 0.000000000000000000 ) ) ;
#5026 = ORIENTED_EDGE ( 'NONE', *, *, #6110, .T. ) ;
#5027 = CIRCLE ( 'NONE', #583, 0.3500000000000000333 ) ;
#5028 = AXIS2_PLACEMENT_3D ( 'NONE', #6590, #2118, #7936 ) ;
#5029 = CARTESIAN_POINT ( 'NONE',  ( -2.500000000000000000, -7.560000000000002274, 2.100000000000000089 ) ) ;
#5030 = ADVANCED_FACE ( 'NONE', ( #5773 ), #5153, .F. ) ;
#5031 = ORIENTED_EDGE ( 'NONE', *, *, #8121, .F. ) ;
#5032 = VECTOR ( 'NONE', #5060, 1000.000000000000000 ) ;
#5033 = PLANE ( 'NONE',  #1529 ) ;
#5034 = VECTOR ( 'NONE', #5111, 1000.000000000000000 ) ;
#5035 = DIRECTION ( 'NONE',  ( -1.000000000000000000, 2.282530889443169980E-16, 0.000000000000000000 ) ) ;
#5036 = CARTESIAN_POINT ( 'NONE',  ( 0.000000000000000000, 13.50000000000000000, -3.000000000000000444 ) ) ;
#5037 = VECTOR ( 'NONE', #6331, 1000.000000000000000 ) ;
#5038 = EDGE_CURVE ( 'NONE', #3952, #7050, #2757, .T. ) ;
#5039 = AXIS2_PLACEMENT_3D ( 'NONE', #1198, #7531, #3607 ) ;
#5040 = VECTOR ( 'NONE', #5644, 1000.000000000000000 ) ;
#5041 = ORIENTED_EDGE ( 'NONE', *, *, #3997, .T. ) ;
#5042 = AXIS2_PLACEMENT_3D ( 'NONE', #6898, #7452, #8045 ) ;
#5043 = ORIENTED_EDGE ( 'NONE', *, *, #5860, .F. ) ;
#5044 = AXIS2_PLACEMENT_3D ( 'NONE', #4714, #7285, #1504 ) ;
#5045 = ORIENTED_EDGE ( 'NONE', *, *, #1869, .T. ) ;
#5046 = LINE ( 'NONE', #7693, #4657 ) ;
#5047 = CARTESIAN_POINT ( 'NONE',  ( -25.68937042237544333, 38.44353571423246052, -5.350000000000003197 ) ) ;
#5048 = VERTEX_POINT ( 'NONE', #4060 ) ;
#5049 = CARTESIAN_POINT ( 'NONE',  ( -1.734723475976807094E-15, 0.4500000000000040079, 2.500000000000000000 ) ) ;
#5050 = VECTOR ( 'NONE', #5371, 1000.000000000000000 ) ;
#5051 = ADVANCED_FACE ( 'NONE', ( #1990 ), #7133, .T. ) ;
#5052 = ADVANCED_FACE ( 'NONE', ( #5393 ), #2067, .T. ) ;
#5053 = ORIENTED_EDGE ( 'NONE', *, *, #3419, .F. ) ;
#5054 = ORIENTED_EDGE ( 'NONE', *, *, #2563, .F. ) ;
#5055 = DIRECTION ( 'NONE',  ( -0.000000000000000000, -1.000000000000000000, -0.000000000000000000 ) ) ;
#5056 = DIRECTION ( 'NONE',  ( 0.000000000000000000, 0.000000000000000000, 1.000000000000000000 ) ) ;
#5057 = CARTESIAN_POINT ( 'NONE',  ( -4.400000000000002132, -2.700000000000001066, 0.1000000000000001305 ) ) ;
#5058 = AXIS2_PLACEMENT_3D ( 'NONE', #4342, #3723, #8268 ) ;
#5059 = CARTESIAN_POINT ( 'NONE',  ( -1.479999999999999982, 16.49999999999999645, 1.200000000000000178 ) ) ;
#5060 = DIRECTION ( 'NONE',  ( 0.000000000000000000, 1.000000000000000000, 0.000000000000000000 ) ) ;
#5061 = DIRECTION ( 'NONE',  ( 0.000000000000000000, 0.000000000000000000, -1.000000000000000000 ) ) ;
#5062 = VERTEX_POINT ( 'NONE', #2032 ) ;
#5063 = DIRECTION ( 'NONE',  ( -0.000000000000000000, -0.000000000000000000, -1.000000000000000000 ) ) ;
#5064 = APPLICATION_PROTOCOL_DEFINITION ( 'draft international standard', 'automotive_design', 1998, #5777 ) ;
#5065 = DIRECTION ( 'NONE',  ( 1.000000000000000000, 0.000000000000000000, 0.000000000000000000 ) ) ;
#5066 = VERTEX_POINT ( 'NONE', #7811 ) ;
#5067 = FACE_OUTER_BOUND ( 'NONE', #6058, .T. ) ;
#5068 = DIRECTION ( 'NONE',  ( 0.000000000000000000, -1.000000000000000000, 0.000000000000000000 ) ) ;
#5069 = DIRECTION ( 'NONE',  ( 0.000000000000000000, 0.000000000000000000, 1.000000000000000000 ) ) ;
#5070 = EDGE_CURVE ( 'NONE', #7787, #7620, #3984, .T. ) ;
#5071 = PRODUCT_DEFINITION ( 'UNKNOWN', '', #4617, #3507 ) ;
#5072 = ORIENTED_EDGE ( 'NONE', *, *, #3134, .F. ) ;
#5073 = LINE ( 'NONE', #5029, #7813 ) ;
#5074 = VERTEX_POINT ( 'NONE', #4021 ) ;
#5075 = CARTESIAN_POINT ( 'NONE',  ( 0.5000000000000002220, 16.49999999999999289, 1.500000000000000000 ) ) ;
#5076 = ORIENTED_EDGE ( 'NONE', *, *, #8, .F. ) ;
#5077 = FACE_OUTER_BOUND ( 'NONE', #2093, .T. ) ;
#5078 = DIRECTION ( 'NONE',  ( 0.000000000000000000, 1.000000000000000000, 0.000000000000000000 ) ) ;
#5079 = ADVANCED_FACE ( 'NONE', ( #7226, #6628 ), #4611, .T. ) ;
#5080 = ORIENTED_EDGE ( 'NONE', *, *, #4779, .F. ) ;
#5081 = ORIENTED_EDGE ( 'NONE', *, *, #2859, .T. ) ;
#5082 = DIRECTION ( 'NONE',  ( 1.000000000000000000, 0.000000000000000000, 0.000000000000000000 ) ) ;
#5083 = ORIENTED_EDGE ( 'NONE', *, *, #4015, .T. ) ;
#5084 = CARTESIAN_POINT ( 'NONE',  ( -25.68937042237544333, 30.64353571423245626, -4.900000000000003020 ) ) ;
#5085 = LINE ( 'NONE', #2677, #867 ) ;
#5086 = VERTEX_POINT ( 'NONE', #2152 ) ;
#5087 = ORIENTED_EDGE ( 'NONE', *, *, #3506, .T. ) ;
#5088 = ORIENTED_EDGE ( 'NONE', *, *, #5038, .T. ) ;
#5089 = VERTEX_POINT ( 'NONE', #7901 ) ;
#5090 = PLANE ( 'NONE',  #1804 ) ;
#5091 = CARTESIAN_POINT ( 'NONE',  ( -0.5000000000000027756, -0.6408712114635669588, 0.000000000000000000 ) ) ;
#5092 = ADVANCED_FACE ( 'NONE', ( #7178 ), #768, .T. ) ;
#5093 = EDGE_CURVE ( 'NONE', #7320, #8169, #7448, .T. ) ;
#5094 = DIRECTION ( 'NONE',  ( 0.000000000000000000, 0.000000000000000000, 1.000000000000000000 ) ) ;
#5095 = LINE ( 'NONE', #7666, #1130 ) ;
#5096 = DIRECTION ( 'NONE',  ( -1.618212197739559129E-16, 0.000000000000000000, -1.000000000000000000 ) ) ;
#5097 = DIRECTION ( 'NONE',  ( -1.000000000000000000, 0.000000000000000000, 0.000000000000000000 ) ) ;
#5098 = VERTEX_POINT ( 'NONE', #5945 ) ;
#5099 = DIRECTION ( 'NONE',  ( 0.000000000000000000, 0.000000000000000000, 1.000000000000000000 ) ) ;
#5100 = CARTESIAN_POINT ( 'NONE',  ( 20.68937042237544333, -33.44353571423243210, 5.000000000000000000 ) ) ;
#5101 = DIRECTION ( 'NONE',  ( -1.000000000000000000, 2.282530889443169980E-16, 0.000000000000000000 ) ) ;
#5102 = VERTEX_POINT ( 'NONE', #843 ) ;
#5103 = VERTEX_POINT ( 'NONE', #6503 ) ;
#5104 = DIRECTION ( 'NONE',  ( 0.000000000000000000, 0.000000000000000000, -1.000000000000000000 ) ) ;
#5105 = DIRECTION ( 'NONE',  ( 0.000000000000000000, 0.000000000000000000, -1.000000000000000000 ) ) ;
#5106 = EDGE_LOOP ( 'NONE', ( #6765, #7579, #2378, #6209 ) ) ;
#5107 = DIRECTION ( 'NONE',  ( 0.000000000000000000, 0.000000000000000000, -1.000000000000000000 ) ) ;
#5108 = PRODUCT ( 'PT01-B_BODY', 'PT01-B_BODY', '', ( #7593 ) ) ;
#5109 = DIRECTION ( 'NONE',  ( 0.000000000000000000, 0.000000000000000000, -1.000000000000000000 ) ) ;
#5110 = DIRECTION ( 'NONE',  ( 0.000000000000000000, 0.000000000000000000, 1.000000000000000000 ) ) ;
#5111 = DIRECTION ( 'NONE',  ( 1.000000000000000000, 0.000000000000000000, 0.000000000000000000 ) ) ;
#5112 = ORIENTED_EDGE ( 'NONE', *, *, #5580, .F. ) ;
#5113 = VECTOR ( 'NONE', #4496, 1000.000000000000000 ) ;
#5114 = EDGE_CURVE ( 'NONE', #5705, #7656, #8260, .T. ) ;
#5115 = DIRECTION ( 'NONE',  ( 0.000000000000000000, 1.000000000000000000, 0.000000000000000000 ) ) ;
#5116 = ORIENTED_EDGE ( 'NONE', *, *, #4154, .F. ) ;
#5117 = EDGE_CURVE ( 'NONE', #3591, #3054, #5865, .T. ) ;
#5118 = CARTESIAN_POINT ( 'NONE',  ( -1.900000000000001910, 3.600000000000003642, 0.1000000000000000056 ) ) ;
#5119 = CARTESIAN_POINT ( 'NONE',  ( -0.5000000000000029976, -2.050000000000001155, 0.5000000000000000000 ) ) ;
#5120 = EDGE_LOOP ( 'NONE', ( #4546, #8246, #184, #3249 ) ) ;
#5121 = DIRECTION ( 'NONE',  ( -1.000000000000000000, 2.282530889443169980E-16, 0.000000000000000000 ) ) ;
#5122 = CARTESIAN_POINT ( 'NONE',  ( -17.33937042237545256, 37.79353571423245484, -4.900000000000003020 ) ) ;
#5123 = VERTEX_POINT ( 'NONE', #83 ) ;
#5124 = AXIS2_PLACEMENT_3D ( 'NONE', #4965, #6309, #3039 ) ;
#5125 = ORIENTED_EDGE ( 'NONE', *, *, #7913, .F. ) ;
#5126 = ORIENTED_EDGE ( 'NONE', *, *, #1506, .T. ) ;
#5127 = DIRECTION ( 'NONE',  ( -0.000000000000000000, -3.227392513445222712E-15, -1.000000000000000000 ) ) ;
#5128 = EDGE_CURVE ( 'NONE', #6723, #3349, #2668, .T. ) ;
#5129 = CARTESIAN_POINT ( 'NONE',  ( 0.8032336497292290600, 16.69999999999999574, 1.730200664999783971E-16 ) ) ;
#5130 = CARTESIAN_POINT ( 'NONE',  ( -25.68937042237545043, 6.263023396829152227E-15, -8.100000000000001421 ) ) ;
#5131 = DIRECTION ( 'NONE',  ( 0.000000000000000000, 0.000000000000000000, 1.000000000000000000 ) ) ;
#5132 = LINE ( 'NONE', #1245, #6063 ) ;
#5133 = PLANE ( 'NONE',  #7735 ) ;
#5134 = CARTESIAN_POINT ( 'NONE',  ( 0.5000000000000002220, 16.69999999999999574, 1.500000000000000000 ) ) ;
#5135 = DIRECTION ( 'NONE',  ( -0.000000000000000000, -0.000000000000000000, -1.000000000000000000 ) ) ;
#5136 = ORIENTED_EDGE ( 'NONE', *, *, #5198, .F. ) ;
#5137 = EDGE_CURVE ( 'NONE', #7909, #6356, #3429, .T. ) ;
#5138 = EDGE_CURVE ( 'NONE', #1501, #1770, #2080, .T. ) ;
#5139 = CARTESIAN_POINT ( 'NONE',  ( -17.33937042237544901, 29.34353571423245555, -4.900000000000003020 ) ) ;
#5140 = FACE_OUTER_BOUND ( 'NONE', #5184, .T. ) ;
#5141 = FACE_OUTER_BOUND ( 'NONE', #8275, .T. ) ;
#5142 = CARTESIAN_POINT ( 'NONE',  ( -1.900000000000001910, 0.000000000000000000, 0.000000000000000000 ) ) ;
#5143 = CARTESIAN_POINT ( 'NONE',  ( 3.599999999999999645, 5.950000000000003730, 5.000000000000000000 ) ) ;
#5144 = LINE ( 'NONE', #5689, #3164 ) ;
#5145 = VECTOR ( 'NONE', #484, 1000.000000000000000 ) ;
#5146 = ORIENTED_EDGE ( 'NONE', *, *, #4516, .F. ) ;
#5147 = EDGE_CURVE ( 'NONE', #4381, #5485, #7298, .T. ) ;
#5148 = EDGE_CURVE ( 'NONE', #7481, #4034, #885, .T. ) ;
#5149 = CARTESIAN_POINT ( 'NONE',  ( 0.4999999999999982792, -2.050000000000000711, 0.5000000000000000000 ) ) ;
#5150 =( GEOMETRIC_REPRESENTATION_CONTEXT ( 3 ) GLOBAL_UNCERTAINTY_ASSIGNED_CONTEXT ( ( #5281 ) ) GLOBAL_UNIT_ASSIGNED_CONTEXT ( ( #1764, #3122, #1136 ) ) REPRESENTATION_CONTEXT ( 'NONE', 'WORKASPACE' ) );
#5151 = DIRECTION ( 'NONE',  ( 0.000000000000000000, 0.000000000000000000, 1.000000000000000000 ) ) ;
#5152 = DIRECTION ( 'NONE',  ( -1.000000000000000000, -2.282530889443169980E-16, 0.000000000000000000 ) ) ;
#5153 = PLANE ( 'NONE',  #5831 ) ;
#5154 = VECTOR ( 'NONE', #755, 1000.000000000000000 ) ;
#5155 = CARTESIAN_POINT ( 'NONE',  ( 0.000000000000000000, 5.950000000000003730, 0.000000000000000000 ) ) ;
#5156 = EDGE_LOOP ( 'NONE', ( #2406, #5116 ) ) ;
#5157 = AXIS2_PLACEMENT_3D ( 'NONE', #125, #2716, #5450 ) ;
#5158 = VECTOR ( 'NONE', #1479, 1000.000000000000000 ) ;
#5159 = CARTESIAN_POINT ( 'NONE',  ( -25.33406831695909744, 21.19274697494675408, -7.349999999999916156 ) ) ;
#5160 = EDGE_LOOP ( 'NONE', ( #1163, #6662, #2236, #756, #3949 ) ) ;
#5161 = DIRECTION ( 'NONE',  ( -1.000000000000000000, 0.000000000000000000, 0.000000000000000000 ) ) ;
#5162 = CARTESIAN_POINT ( 'NONE',  ( -5.421010862427522170E-16, 0.4500000000000033418, 0.000000000000000000 ) ) ;
#5163 = VECTOR ( 'NONE', #1426, 1000.000000000000000 ) ;
#5164 = ORIENTED_EDGE ( 'NONE', *, *, #942, .F. ) ;
#5165 = DIRECTION ( 'NONE',  ( 1.000000000000000000, 0.000000000000000000, 0.000000000000000000 ) ) ;
#5166 = VECTOR ( 'NONE', #3769, 1000.000000000000000 ) ;
#5167 = VECTOR ( 'NONE', #3356, 1000.000000000000000 ) ;
#5168 = ADVANCED_FACE ( 'NONE', ( #2832 ), #4894, .T. ) ;
#5169 = ORIENTED_EDGE ( 'NONE', *, *, #6695, .T. ) ;
#5170 = VECTOR ( 'NONE', #518, 1000.000000000000000 ) ;
#5171 = VECTOR ( 'NONE', #7925, 1000.000000000000000 ) ;
#5172 = VERTEX_POINT ( 'NONE', #1598 ) ;
#5173 = ORIENTED_EDGE ( 'NONE', *, *, #1981, .T. ) ;
#5174 = FACE_OUTER_BOUND ( 'NONE', #7484, .T. ) ;
#5175 = CIRCLE ( 'NONE', #7868, 3.300000000000000266 ) ;
#5176 = CARTESIAN_POINT ( 'NONE',  ( 3.399999999999998135, -0.05000000000000080075, 0.000000000000000000 ) ) ;
#5177 = CYLINDRICAL_SURFACE ( 'NONE', #3832, 0.6500000000000000222 ) ;
#5178 = DIRECTION ( 'NONE',  ( 3.045815321968685843E-32, -1.334402673828314079E-16, 1.000000000000000000 ) ) ;
#5179 = DIRECTION ( 'NONE',  ( 2.282530889443169980E-16, 1.000000000000000000, 0.000000000000000000 ) ) ;
#5180 = AXIS2_PLACEMENT_3D ( 'NONE', #1455, #7274, #782 ) ;
#5181 = DIRECTION ( 'NONE',  ( -1.000000000000000000, -0.000000000000000000, -0.000000000000000000 ) ) ;
#5182 = CIRCLE ( 'NONE', #2346, 3.500000000000000000 ) ;
#5183 = EDGE_CURVE ( 'NONE', #2839, #2009, #3542, .T. ) ;
#5184 = EDGE_LOOP ( 'NONE', ( #7566, #882, #7947, #6613 ) ) ;
#5185 = VECTOR ( 'NONE', #3020, 1000.000000000000000 ) ;
#5186 = VECTOR ( 'NONE', #7012, 1000.000000000000000 ) ;
#5187 = DIRECTION ( 'NONE',  ( -0.000000000000000000, -0.000000000000000000, -1.000000000000000000 ) ) ;
#5188 = DIRECTION ( 'NONE',  ( 1.000000000000000000, 0.000000000000000000, 0.000000000000000000 ) ) ;
#5189 = EDGE_CURVE ( 'NONE', #2218, #3001, #1085, .T. ) ;
#5190 = CARTESIAN_POINT ( 'NONE',  ( -16.13937042237545327, 30.64353571423245270, -4.900000000000003020 ) ) ;
#5191 = CARTESIAN_POINT ( 'NONE',  ( 0.000000000000000000, 15.89999999999999680, 0.000000000000000000 ) ) ;
#5192 = ORIENTED_EDGE ( 'NONE', *, *, #5896, .F. ) ;
#5193 = LINE ( 'NONE', #3888, #2147 ) ;
#5194 = ORIENTED_EDGE ( 'NONE', *, *, #2411, .T. ) ;
#5195 = FACE_OUTER_BOUND ( 'NONE', #7369, .T. ) ;
#5196 = EDGE_CURVE ( 'NONE', #818, #4540, #3587, .T. ) ;
#5197 = EDGE_LOOP ( 'NONE', ( #28, #7469, #8070, #7435 ) ) ;
#5198 = EDGE_CURVE ( 'NONE', #4327, #7569, #6182, .T. ) ;
#5199 = CARTESIAN_POINT ( 'NONE',  ( -1.734723475976807094E-15, 0.4500000000000040079, 1.800000000000000488 ) ) ;
#5200 = LINE ( 'NONE', #1312, #4754 ) ;
#5201 = EDGE_LOOP ( 'NONE', ( #5578, #4543, #3629, #3929 ) ) ;
#5202 = PLANE ( 'NONE',  #6357 ) ;
#5203 = EDGE_LOOP ( 'NONE', ( #1373, #2212, #7695, #4121 ) ) ;
#5204 = DIRECTION ( 'NONE',  ( -0.000000000000000000, -0.000000000000000000, -1.000000000000000000 ) ) ;
#5205 = FACE_OUTER_BOUND ( 'NONE', #4556, .T. ) ;
#5206 = ORIENTED_EDGE ( 'NONE', *, *, #6247, .F. ) ;
#5207 = EDGE_CURVE ( 'NONE', #3549, #4364, #4219, .T. ) ;
#5208 = CARTESIAN_POINT ( 'NONE',  ( -17.33937042237545612, 39.29353571423244773, 0.4500000000000001221 ) ) ;
#5209 = ORIENTED_EDGE ( 'NONE', *, *, #989, .T. ) ;
#5210 = ORIENTED_EDGE ( 'NONE', *, *, #31, .F. ) ;
#5211 = ORIENTED_EDGE ( 'NONE', *, *, #2247, .F. ) ;
#5212 = DIRECTION ( 'NONE',  ( 0.000000000000000000, 0.000000000000000000, -1.000000000000000000 ) ) ;
#5213 = PLANE ( 'NONE',  #5432 ) ;
#5214 = CARTESIAN_POINT ( 'NONE',  ( -25.36502030285405240, 20.09524132667334939, -7.349999999999915268 ) ) ;
#5215 = EDGE_CURVE ( 'NONE', #1321, #4115, #1722, .T. ) ;
#5216 = CARTESIAN_POINT ( 'NONE',  ( -0.4999999999999997780, 16.69999999999999574, 2.299999999999999822 ) ) ;
#5217 = FACE_BOUND ( 'NONE', #2061, .T. ) ;
#5218 = FACE_OUTER_BOUND ( 'NONE', #3983, .T. ) ;
#5219 = ORIENTED_EDGE ( 'NONE', *, *, #2035, .T. ) ;
#5220 = ORIENTED_EDGE ( 'NONE', *, *, #364, .T. ) ;
#5221 = FACE_OUTER_BOUND ( 'NONE', #3219, .T. ) ;
#5222 = CARTESIAN_POINT ( 'NONE',  ( -17.33937042237544901, 30.64353571423245270, -4.400000000000000355 ) ) ;
#5223 = EDGE_CURVE ( 'NONE', #1501, #3307, #2237, .T. ) ;
#5224 = CARTESIAN_POINT ( 'NONE',  ( 0.8032336497292293931, 15.89999999999999680, -0.8947000102205829863 ) ) ;
#5225 = ADVANCED_FACE ( 'NONE', ( #2314 ), #4938, .F. ) ;
#5226 = CARTESIAN_POINT ( 'NONE',  ( 0.000000000000000000, 13.50000000000000000, 0.000000000000000000 ) ) ;
#5227 = DIRECTION ( 'NONE',  ( 0.000000000000000000, 0.000000000000000000, 1.000000000000000000 ) ) ;
#5228 = VERTEX_POINT ( 'NONE', #2923 ) ;
#5229 = CARTESIAN_POINT ( 'NONE',  ( -16.78418552761545257, 21.67492864669429764, -7.349999999999987210 ) ) ;
#5230 = LINE ( 'NONE', #6821, #4220 ) ;
#5231 = DIRECTION ( 'NONE',  ( 1.000000000000000000, 0.000000000000000000, 0.000000000000000000 ) ) ;
#5232 = CARTESIAN_POINT ( 'NONE',  ( -0.7500000000000000000, -5.949999999999999289, 1.800000000000000266 ) ) ;
#5233 = EDGE_CURVE ( 'NONE', #6993, #6594, #4144, .T. ) ;
#5234 = EDGE_CURVE ( 'NONE', #3526, #2848, #6506, .T. ) ;
#5235 = ORIENTED_EDGE ( 'NONE', *, *, #6229, .T. ) ;
#5236 = PLANE ( 'NONE',  #1230 ) ;
#5237 = VERTEX_POINT ( 'NONE', #4812 ) ;
#5238 = DIRECTION ( 'NONE',  ( 0.000000000000000000, 1.000000000000000000, 0.000000000000000000 ) ) ;
#5239 = VERTEX_POINT ( 'NONE', #1007 ) ;
#5240 = LINE ( 'NONE', #3945, #7608 ) ;
#5241 = ORIENTED_EDGE ( 'NONE', *, *, #6589, .F. ) ;
#5242 = VECTOR ( 'NONE', #1771, 1000.000000000000000 ) ;
#5243 = EDGE_CURVE ( 'NONE', #2839, #7352, #7472, .T. ) ;
#5244 = ORIENTED_EDGE ( 'NONE', *, *, #7891, .F. ) ;
#5245 = ORIENTED_EDGE ( 'NONE', *, *, #7623, .T. ) ;
#5246 = PLANE ( 'NONE',  #8099 ) ;
#5247 = CARTESIAN_POINT ( 'NONE',  ( -24.13937042237544617, 33.89353571423244205, 1.449999999999999956 ) ) ;
#5248 = DIRECTION ( 'NONE',  ( 0.000000000000000000, 0.000000000000000000, 1.000000000000000000 ) ) ;
#5249 = DIRECTION ( 'NONE',  ( 1.000000000000000000, 0.000000000000000000, 0.000000000000000000 ) ) ;
#5250 = ORIENTED_EDGE ( 'NONE', *, *, #232, .F. ) ;
#5251 = PLANE ( 'NONE',  #5800 ) ;
#5252 = DIRECTION ( 'NONE',  ( 1.000000000000000000, 0.000000000000000000, 0.000000000000000000 ) ) ;
#5253 = SURFACE_SIDE_STYLE ('',( #103 ) ) ;
#5254 = LINE ( 'NONE', #1427, #3812 ) ;
#5255 = AXIS2_PLACEMENT_3D ( 'NONE', #6055, #274, #2142 ) ;
#5256 = ORIENTED_EDGE ( 'NONE', *, *, #1175, .F. ) ;
#5257 = PRODUCT_RELATED_PRODUCT_CATEGORY ( 'part', '', ( #606 ) ) ;
#5258 = VECTOR ( 'NONE', #7505, 1000.000000000000000 ) ;
#5259 = EDGE_LOOP ( 'NONE', ( #5451, #7246 ) ) ;
#5260 = DIRECTION ( 'NONE',  ( 0.000000000000000000, 1.000000000000000000, 0.000000000000000000 ) ) ;
#5261 = DIRECTION ( 'NONE',  ( 0.000000000000000000, -1.000000000000000000, 0.000000000000000000 ) ) ;
#5262 = VECTOR ( 'NONE', #3569, 1000.000000000000000 ) ;
#5263 = DIRECTION ( 'NONE',  ( 1.000000000000000000, 2.282530889443169980E-16, 0.000000000000000000 ) ) ;
#5264 = DIRECTION ( 'NONE',  ( -1.000000000000000000, 0.000000000000000000, 0.000000000000000000 ) ) ;
#5265 = FACE_BOUND ( 'NONE', #5203, .T. ) ;
#5266 = ORIENTED_EDGE ( 'NONE', *, *, #8298, .T. ) ;
#5267 = EDGE_CURVE ( 'NONE', #3352, #4947, #1685, .T. ) ;
#5268 = EDGE_CURVE ( 'NONE', #2550, #2927, #370, .T. ) ;
#5269 = AXIS2_PLACEMENT_3D ( 'NONE', #7752, #3907, #5919 ) ;
#5270 = CARTESIAN_POINT ( 'NONE',  ( -0.5000000000000027756, -0.6408712114635670698, 0.5000000000000000000 ) ) ;
#5271 = ORIENTED_EDGE ( 'NONE', *, *, #6430, .T. ) ;
#5272 = CARTESIAN_POINT ( 'NONE',  ( 2.349999999999998312, 4.650000000000004796, 5.599999999999999645 ) ) ;
#5273 = MECHANICAL_DESIGN_GEOMETRIC_PRESENTATION_REPRESENTATION (  '', ( #6627 ), #285 ) ;
#5274 = CARTESIAN_POINT ( 'NONE',  ( 1.899999999999996358, -4.200000000000000178, 0.1000000000000000056 ) ) ;
#5275 = LINE ( 'NONE', #803, #7179 ) ;
#5276 = CARTESIAN_POINT ( 'NONE',  ( -15.68937042237545576, 23.89353571423246336, -0.4000000000000010214 ) ) ;
#5277 = CIRCLE ( 'NONE', #1634, 3.000000000000000444 ) ;
#5278 = EDGE_CURVE ( 'NONE', #5537, #4258, #8020, .T. ) ;
#5279 = ORIENTED_EDGE ( 'NONE', *, *, #5499, .T. ) ;
#5280 = DIRECTION ( 'NONE',  ( -1.000000000000000000, 0.000000000000000000, 0.000000000000000000 ) ) ;
#5281 = UNCERTAINTY_MEASURE_WITH_UNIT (LENGTH_MEASURE( 1.000000000000000082E-05 ), #1764, 'distance_accuracy_value', 'NONE');
#5282 = FACE_OUTER_BOUND ( 'NONE', #3395, .T. ) ;
#5283 = AXIS2_PLACEMENT_3D ( 'NONE', #6697, #4312, #8194 ) ;
#5284 = ORIENTED_EDGE ( 'NONE', *, *, #961, .F. ) ;
#5285 = DIRECTION ( 'NONE',  ( -0.000000000000000000, -0.000000000000000000, -1.000000000000000000 ) ) ;
#5286 = EDGE_CURVE ( 'NONE', #1015, #2158, #6909, .T. ) ;
#5287 = LINE ( 'NONE', #7354, #7054 ) ;
#5288 = ORIENTED_EDGE ( 'NONE', *, *, #1056, .F. ) ;
#5289 = CIRCLE ( 'NONE', #845, 3.450000000000001510 ) ;
#5290 = VERTEX_POINT ( 'NONE', #4178 ) ;
#5291 = VECTOR ( 'NONE', #7421, 1000.000000000000000 ) ;
#5292 = ORIENTED_EDGE ( 'NONE', *, *, #2043, .T. ) ;
#5293 = CARTESIAN_POINT ( 'NONE',  ( -25.68937042237544333, 29.34353571423245910, -4.900000000000003020 ) ) ;
#5294 = LINE ( 'NONE', #4124, #2201 ) ;
#5295 = DIRECTION ( 'NONE',  ( 0.000000000000000000, 1.000000000000000000, 0.000000000000000000 ) ) ;
#5296 = ORIENTED_EDGE ( 'NONE', *, *, #4911, .F. ) ;
#5297 = DIRECTION ( 'NONE',  ( 0.000000000000000000, 1.000000000000000000, 0.000000000000000000 ) ) ;
#5298 = FACE_BOUND ( 'NONE', #1405, .T. ) ;
#5299 = CIRCLE ( 'NONE', #5694, 0.1999999999999987899 ) ;
#5300 = AXIS2_PLACEMENT_3D ( 'NONE', #4051, #4655, #7220 ) ;
#5301 = EDGE_CURVE ( 'NONE', #2274, #7476, #5511, .T. ) ;
#5302 = CARTESIAN_POINT ( 'NONE',  ( -16.13937042237545327, 24.39353571423245626, -8.100000000000001421 ) ) ;
#5303 = EDGE_CURVE ( 'NONE', #3905, #6748, #6830, .T. ) ;
#5304 = VECTOR ( 'NONE', #1957, 1000.000000000000000 ) ;
#5305 = VECTOR ( 'NONE', #8210, 1000.000000000000000 ) ;
#5306 = ORIENTED_EDGE ( 'NONE', *, *, #4736, .F. ) ;
#5307 = VECTOR ( 'NONE', #8072, 1000.000000000000000 ) ;
#5308 = CIRCLE ( 'NONE', #2756, 4.099999999999999645 ) ;
#5309 = ORIENTED_EDGE ( 'NONE', *, *, #5957, .T. ) ;
#5310 = CARTESIAN_POINT ( 'NONE',  ( 1.750000000000000000, -7.560000000000000497, 1.800000000000000711 ) ) ;
#5311 = VECTOR ( 'NONE', #8022, 1000.000000000000000 ) ;
#5312 = DIRECTION ( 'NONE',  ( -1.495451272393799296E-16, -1.000000000000000000, 0.000000000000000000 ) ) ;
#5313 = DIRECTION ( 'NONE',  ( 0.000000000000000000, -1.000000000000000000, 0.000000000000000000 ) ) ;
#5314 = VECTOR ( 'NONE', #2409, 1000.000000000000114 ) ;
#5315 = DIRECTION ( 'NONE',  ( 2.154044051295704582E-16, 0.000000000000000000, -1.000000000000000000 ) ) ;
#5316 = VERTEX_POINT ( 'NONE', #5559 ) ;
#5317 = AXIS2_PLACEMENT_3D ( 'NONE', #1195, #7063, #5829 ) ;
#5318 = DIRECTION ( 'NONE',  ( 0.000000000000000000, 1.000000000000000000, 0.000000000000000000 ) ) ;
#5319 = LINE ( 'NONE', #5272, #4355 ) ;
#5320 = VERTEX_POINT ( 'NONE', #8144 ) ;
#5321 = EDGE_CURVE ( 'NONE', #3353, #5901, #1975, .T. ) ;
#5322 = DIRECTION ( 'NONE',  ( -0.000000000000000000, -0.000000000000000000, -1.000000000000000000 ) ) ;
#5323 = CARTESIAN_POINT ( 'NONE',  ( -1.479999999999999982, 16.49999999999999645, 0.8499999999999999778 ) ) ;
#5324 = FACE_OUTER_BOUND ( 'NONE', #3743, .T. ) ;
#5325 = ORIENTED_EDGE ( 'NONE', *, *, #4983, .F. ) ;
#5326 = DIRECTION ( 'NONE',  ( 3.197646960325912517E-16, -1.000000000000000000, 0.000000000000000000 ) ) ;
#5327 = VERTEX_POINT ( 'NONE', #754 ) ;
#5328 = EDGE_CURVE ( 'NONE', #2726, #6038, #4592, .T. ) ;
#5329 = FACE_OUTER_BOUND ( 'NONE', #4328, .T. ) ;
#5330 = LINE ( 'NONE', #5361, #7457 ) ;
#5331 = ORIENTED_EDGE ( 'NONE', *, *, #56, .T. ) ;
#5332 = VERTEX_POINT ( 'NONE', #706 ) ;
#5333 = ORIENTED_EDGE ( 'NONE', *, *, #347, .F. ) ;
#5334 = CARTESIAN_POINT ( 'NONE',  ( -25.68937042237543977, 37.14353571423244915, -4.399999999999999467 ) ) ;
#5335 = LINE ( 'NONE', #4743, #312 ) ;
#5336 = CARTESIAN_POINT ( 'NONE',  ( -25.68937042237544333, 24.39353571423245981, -8.100000000000001421 ) ) ;
#5337 = CYLINDRICAL_SURFACE ( 'NONE', #27, 0.6500000000000000222 ) ;
#5338 = VERTEX_POINT ( 'NONE', #631 ) ;
#5339 = DIRECTION ( 'NONE',  ( -1.000000000000000000, 0.000000000000000000, 0.000000000000000000 ) ) ;
#5340 = DIRECTION ( 'NONE',  ( 1.445602896647339163E-16, 1.000000000000000000, 0.000000000000000000 ) ) ;
#5341 = CARTESIAN_POINT ( 'NONE',  ( -8.559538653604827019, 24.84349069516603592, -6.349999999999987210 ) ) ;
#5342 = ORIENTED_EDGE ( 'NONE', *, *, #4933, .F. ) ;
#5343 = ORIENTED_EDGE ( 'NONE', *, *, #5748, .T. ) ;
#5344 = EDGE_CURVE ( 'NONE', #5446, #2935, #2651, .T. ) ;
#5345 = CARTESIAN_POINT ( 'NONE',  ( 4.399999999999998579, -5.149999999999998579, 0.000000000000000000 ) ) ;
#5346 = DIRECTION ( 'NONE',  ( 0.000000000000000000, 0.000000000000000000, -1.000000000000000000 ) ) ;
#5347 = LINE ( 'NONE', #75, #4340 ) ;
#5348 = DIRECTION ( 'NONE',  ( 1.000000000000000000, 0.000000000000000000, 0.000000000000000000 ) ) ;
#5349 = ORIENTED_EDGE ( 'NONE', *, *, #5198, .T. ) ;
#5350 = DIRECTION ( 'NONE',  ( -0.000000000000000000, -0.000000000000000000, -1.000000000000000000 ) ) ;
#5351 = CARTESIAN_POINT ( 'NONE',  ( -24.03937042237544475, 29.34353571423246265, -5.350000000000003197 ) ) ;
#5352 = PLANE ( 'NONE',  #35 ) ;
#5353 = ORIENTED_EDGE ( 'NONE', *, *, #4169, .T. ) ;
#5354 = DIRECTION ( 'NONE',  ( 3.197646960325910545E-16, 1.000000000000000000, 0.000000000000000000 ) ) ;
#5355 = DIRECTION ( 'NONE',  ( 0.000000000000000000, 0.000000000000000000, -1.000000000000000000 ) ) ;
#5356 = DIRECTION ( 'NONE',  ( 0.000000000000000000, 0.000000000000000000, -1.000000000000000000 ) ) ;
#5357 = ORIENTED_EDGE ( 'NONE', *, *, #2202, .T. ) ;
#5358 = DIRECTION ( 'NONE',  ( 0.000000000000000000, 0.000000000000000000, -1.000000000000000000 ) ) ;
#5359 = ORIENTED_EDGE ( 'NONE', *, *, #7502, .T. ) ;
#5360 = CARTESIAN_POINT ( 'NONE',  ( -24.48710164343548001, 21.89524132667332523, -5.349999999999919709 ) ) ;
#5361 = CARTESIAN_POINT ( 'NONE',  ( -16.13937042237545327, 27.59353571423245555, -4.900000000000003020 ) ) ;
#5362 = ADVANCED_FACE ( 'NONE', ( #8341 ), #4006, .F. ) ;
#5363 = ORIENTED_EDGE ( 'NONE', *, *, #2672, .F. ) ;
#5364 = EDGE_CURVE ( 'NONE', #7447, #2863, #4629, .T. ) ;
#5365 = EDGE_LOOP ( 'NONE', ( #4664, #3129, #2172, #1242 ) ) ;
#5366 = DIRECTION ( 'NONE',  ( 0.000000000000000000, 0.000000000000000000, -1.000000000000000000 ) ) ;
#5367 = ADVANCED_BREP_SHAPE_REPRESENTATION ( '', ( #2575, #5384, #5399, #8155, #4879 ), #7301 ) ;
#5368 = FILL_AREA_STYLE ('',( #4790 ) ) ;
#5369 = DIRECTION ( 'NONE',  ( 0.000000000000000000, 0.000000000000000000, -1.000000000000000000 ) ) ;
#5370 = CARTESIAN_POINT ( 'NONE',  ( -1.749999999999999778, -7.560000000000002274, 1.800000000000000711 ) ) ;
#5371 = DIRECTION ( 'NONE',  ( 0.000000000000000000, 0.000000000000000000, 1.000000000000000000 ) ) ;
#5372 = ORIENTED_EDGE ( 'NONE', *, *, #8361, .T. ) ;
#5373 = CARTESIAN_POINT ( 'NONE',  ( -15.68937042237545576, 29.34353571423245555, -4.400000000000000355 ) ) ;
#5374 = FACE_OUTER_BOUND ( 'NONE', #4414, .T. ) ;
#5375 = DIRECTION ( 'NONE',  ( 0.000000000000000000, 0.000000000000000000, 1.000000000000000000 ) ) ;
#5376 = DIRECTION ( 'NONE',  ( -1.000000000000000000, 0.000000000000000000, 0.000000000000000000 ) ) ;
#5377 = VECTOR ( 'NONE', #1593, 1000.000000000000000 ) ;
#5378 = VERTEX_POINT ( 'NONE', #7757 ) ;
#5379 = EDGE_CURVE ( 'NONE', #6167, #6159, #6575, .T. ) ;
#5380 = EDGE_LOOP ( 'NONE', ( #1394, #4086, #2723, #6075 ) ) ;
#5381 = FACE_OUTER_BOUND ( 'NONE', #8117, .T. ) ;
#5382 = PLANE ( 'NONE',  #7060 ) ;
#5383 = CARTESIAN_POINT ( 'NONE',  ( -16.13937042237545683, 38.44353571423246052, 0.4500000000000001221 ) ) ;
#5384 = MANIFOLD_SOLID_BREP ( 'Body-Move/Copy1[2]', #3662 ) ;
#5385 = DIRECTION ( 'NONE',  ( -1.000000000000000000, -2.282530889443169980E-16, 0.000000000000000000 ) ) ;
#5386 = EDGE_CURVE ( 'NONE', #5378, #818, #5605, .T. ) ;
#5387 = DIRECTION ( 'NONE',  ( -1.000000000000000000, 0.000000000000000000, 0.000000000000000000 ) ) ;
#5388 = CIRCLE ( 'NONE', #3641, 0.6999999999999992895 ) ;
#5389 = CARTESIAN_POINT ( 'NONE',  ( -24.38937042237544262, 38.09353571423245910, 0.000000000000000000 ) ) ;
#5390 = ORIENTED_EDGE ( 'NONE', *, *, #3914, .T. ) ;
#5391 = CARTESIAN_POINT ( 'NONE',  ( -0.4999999999999997780, 16.69999999999999574, 2.299999999999999822 ) ) ;
#5392 = ORIENTED_EDGE ( 'NONE', *, *, #6987, .F. ) ;
#5393 = FACE_OUTER_BOUND ( 'NONE', #5012, .T. ) ;
#5394 = CARTESIAN_POINT ( 'NONE',  ( -1.900000000000001910, 3.600000000000003642, 0.1000000000000000056 ) ) ;
#5395 = ADVANCED_FACE ( 'NONE', ( #3961 ), #7160, .T. ) ;
#5396 = CARTESIAN_POINT ( 'NONE',  ( -1.750000000000000222, -5.950000000000001954, 1.800000000000000266 ) ) ;
#5397 = ADVANCED_FACE ( 'NONE', ( #2524 ), #7116, .F. ) ;
#5398 = VECTOR ( 'NONE', #7490, 1000.000000000000000 ) ;
#5399 = MANIFOLD_SOLID_BREP ( 'Body-Move/Copy1[1]', #7979 ) ;
#5400 = VERTEX_POINT ( 'NONE', #7279 ) ;
#5401 = VERTEX_POINT ( 'NONE', #7325 ) ;
#5402 = CARTESIAN_POINT ( 'NONE',  ( -25.68937042237543977, 37.14353571423246336, -1.198767690869991500E-13 ) ) ;
#5403 = ORIENTED_EDGE ( 'NONE', *, *, #3490, .T. ) ;
#5404 = LINE ( 'NONE', #5874, #4332 ) ;
#5405 = CLOSED_SHELL ( 'NONE', ( #1150, #6705, #6093, #1271, #4378, #7603, #4314, #2576, #2683, #3327 ) ) ;
#5406 = CARTESIAN_POINT ( 'NONE',  ( 3.599999999999999645, -5.949999999999998401, 5.000000000000000000 ) ) ;
#5407 = VECTOR ( 'NONE', #2096, 1000.000000000000000 ) ;
#5408 = ORIENTED_EDGE ( 'NONE', *, *, #6039, .F. ) ;
#5409 = ORIENTED_EDGE ( 'NONE', *, *, #2265, .F. ) ;
#5410 = CARTESIAN_POINT ( 'NONE',  ( -24.03937042237544475, 30.64353571423245981, -4.900000000000003020 ) ) ;
#5411 = DIRECTION ( 'NONE',  ( 0.000000000000000000, 0.000000000000000000, -1.000000000000000000 ) ) ;
#5412 = CARTESIAN_POINT ( 'NONE',  ( -16.13937042237545327, 27.39353571423245626, -7.300000000000000711 ) ) ;
#5413 = LINE ( 'NONE', #3520, #6379 ) ;
#5414 = ORIENTED_EDGE ( 'NONE', *, *, #7262, .T. ) ;
#5415 = DIRECTION ( 'NONE',  ( 0.000000000000000000, 0.000000000000000000, 1.000000000000000000 ) ) ;
#5416 = DIRECTION ( 'NONE',  ( -1.000000000000000000, 1.445602896647339163E-16, 0.000000000000000000 ) ) ;
#5417 = FACE_OUTER_BOUND ( 'NONE', #7190, .T. ) ;
#5418 = EDGE_CURVE ( 'NONE', #4470, #5515, #3325, .T. ) ;
#5419 = AXIS2_PLACEMENT_3D ( 'NONE', #2257, #4165, #7280 ) ;
#5420 = ORIENTED_EDGE ( 'NONE', *, *, #8205, .T. ) ;
#5421 = VECTOR ( 'NONE', #5992, 1000.000000000000000 ) ;
#5422 = ORIENTED_EDGE ( 'NONE', *, *, #2891, .F. ) ;
#5423 = DIRECTION ( 'NONE',  ( 1.000000000000000000, 2.551063935260010491E-16, 0.000000000000000000 ) ) ;
#5424 = AXIS2_PLACEMENT_3D ( 'NONE', #2029, #4723, #7295 ) ;
#5425 = VECTOR ( 'NONE', #1189, 1000.000000000000000 ) ;
#5426 = LINE ( 'NONE', #5383, #4318 ) ;
#5427 =( GEOMETRIC_REPRESENTATION_CONTEXT ( 3 ) GLOBAL_UNCERTAINTY_ASSIGNED_CONTEXT ( ( #3861 ) ) GLOBAL_UNIT_ASSIGNED_CONTEXT ( ( #2136, #6047, #227 ) ) REPRESENTATION_CONTEXT ( 'NONE', 'WORKASPACE' ) );
#5428 = DIRECTION ( 'NONE',  ( 0.000000000000000000, 0.000000000000000000, -1.000000000000000000 ) ) ;
#5429 = EDGE_CURVE ( 'NONE', #1063, #5400, #3362, .T. ) ;
#5430 = VECTOR ( 'NONE', #5340, 1000.000000000000000 ) ;
#5431 = ORIENTED_EDGE ( 'NONE', *, *, #6323, .T. ) ;
#5432 = AXIS2_PLACEMENT_3D ( 'NONE', #3275, #7075, #3870 ) ;
#5433 = AXIS2_PLACEMENT_3D ( 'NONE', #1741, #4195, #4159 ) ;
#5434 = LINE ( 'NONE', #880, #2697 ) ;
#5435 = VECTOR ( 'NONE', #5465, 1000.000000000000000 ) ;
#5436 = EDGE_CURVE ( 'NONE', #1436, #3230, #3826, .T. ) ;
#5437 = DIRECTION ( 'NONE',  ( -1.000000000000000000, 0.000000000000000000, 0.000000000000000000 ) ) ;
#5438 = VERTEX_POINT ( 'NONE', #2856 ) ;
#5439 = CIRCLE ( 'NONE', #43, 0.3500000000000000333 ) ;
#5440 = ORIENTED_EDGE ( 'NONE', *, *, #1597, .T. ) ;
#5441 = CARTESIAN_POINT ( 'NONE',  ( 0.000000000000000000, 5.100000000000004086, 0.000000000000000000 ) ) ;
#5442 = DIRECTION ( 'NONE',  ( 0.000000000000000000, 1.000000000000000000, 0.000000000000000000 ) ) ;
#5443 = AXIS2_PLACEMENT_3D ( 'NONE', #7397, #3603, #3697 ) ;
#5444 = CARTESIAN_POINT ( 'NONE',  ( 3.399999999999998579, 0.000000000000000000, 0.000000000000000000 ) ) ;
#5445 = ORIENTED_EDGE ( 'NONE', *, *, #2934, .T. ) ;
#5446 = VERTEX_POINT ( 'NONE', #6610 ) ;
#5447 = EDGE_CURVE ( 'NONE', #6978, #3341, #7403, .T. ) ;
#5448 = AXIS2_PLACEMENT_3D ( 'NONE', #6129, #8109, #4917 ) ;
#5449 = EDGE_CURVE ( 'NONE', #3053, #7909, #4200, .T. ) ;
#5450 = DIRECTION ( 'NONE',  ( 0.000000000000000000, 0.000000000000000000, 1.000000000000000000 ) ) ;
#5451 = ORIENTED_EDGE ( 'NONE', *, *, #6277, .F. ) ;
#5452 = CARTESIAN_POINT ( 'NONE',  ( -17.68937042237545398, 29.69353571423244986, 0.4500000000000001221 ) ) ;
#5453 = ORIENTED_EDGE ( 'NONE', *, *, #2672, .T. ) ;
#5454 = EDGE_LOOP ( 'NONE', ( #2415, #7782, #7156, #7699 ) ) ;
#5455 = FACE_OUTER_BOUND ( 'NONE', #3150, .T. ) ;
#5456 = FACE_OUTER_BOUND ( 'NONE', #6080, .T. ) ;
#5457 = CARTESIAN_POINT ( 'NONE',  ( -16.13937042237545327, 29.34353571423245555, -4.400000000000000355 ) ) ;
#5458 = LINE ( 'NONE', #4160, #5050 ) ;
#5459 = VERTEX_POINT ( 'NONE', #905 ) ;
#5460 = FACE_BOUND ( 'NONE', #891, .T. ) ;
#5461 = CARTESIAN_POINT ( 'NONE',  ( 0.4999999999999987232, 2.950000000000003286, 0.5000000000000000000 ) ) ;
#5462 = CARTESIAN_POINT ( 'NONE',  ( -16.13937042237545327, 37.14353571423244915, -4.900000000000003020 ) ) ;
#5463 = ORIENTED_EDGE ( 'NONE', *, *, #1437, .F. ) ;
#5464 = ORIENTED_EDGE ( 'NONE', *, *, #2704, .T. ) ;
#5465 = DIRECTION ( 'NONE',  ( 0.6018150231520515980, 0.7986355100472903867, 0.000000000000000000 ) ) ;
#5466 = EDGE_CURVE ( 'NONE', #132, #138, #3485, .T. ) ;
#5467 = CARTESIAN_POINT ( 'NONE',  ( -2.598076211352192910, 0.5000000000003244072, 1.500000000000321521 ) ) ;
#5468 = CARTESIAN_POINT ( 'NONE',  ( 3.035766082959412415E-15, 0.4500000000000093925, 0.5000000000000000000 ) ) ;
#5469 = LINE ( 'NONE', #1591, #3130 ) ;
#5470 = DIRECTION ( 'NONE',  ( 0.000000000000000000, 1.000000000000000000, 0.000000000000000000 ) ) ;
#5471 = ADVANCED_FACE ( 'NONE', ( #1911 ), #4738, .F. ) ;
#5472 = ADVANCED_FACE ( 'NONE', ( #3512 ), #4071, .T. ) ;
#5473 = CARTESIAN_POINT ( 'NONE',  ( -17.33937042237545256, 37.79353571423245484, -4.900000000000003020 ) ) ;
#5474 = CARTESIAN_POINT ( 'NONE',  ( 0.8032336497292296151, 15.19999999999999751, -2.404700010220583106 ) ) ;
#5475 = ORIENTED_EDGE ( 'NONE', *, *, #2387, .F. ) ;
#5476 = ORIENTED_EDGE ( 'NONE', *, *, #8264, .F. ) ;
#5477 = CARTESIAN_POINT ( 'NONE',  ( 4.399999999999998579, -5.149999999999998579, 5.000000000000000000 ) ) ;
#5478 = LINE ( 'NONE', #409, #6366 ) ;
#5479 = CARTESIAN_POINT ( 'NONE',  ( 0.4999999999999987232, 1.540871211463575419, 0.000000000000000000 ) ) ;
#5480 = ORIENTED_EDGE ( 'NONE', *, *, #1569, .F. ) ;
#5481 = EDGE_LOOP ( 'NONE', ( #5088, #7449, #2836, #6154 ) ) ;
#5482 = EDGE_LOOP ( 'NONE', ( #5877, #338 ) ) ;
#5483 = ORIENTED_EDGE ( 'NONE', *, *, #1953, .T. ) ;
#5484 = DIRECTION ( 'NONE',  ( -0.000000000000000000, -0.000000000000000000, -1.000000000000000000 ) ) ;
#5485 = VERTEX_POINT ( 'NONE', #3993 ) ;
#5486 = CARTESIAN_POINT ( 'NONE',  ( 7.347880793735781572E-17, 18.00000000008594725, 0.5999999999062310962 ) ) ;
#5487 = EDGE_CURVE ( 'NONE', #698, #4567, #5330, .T. ) ;
#5488 = EDGE_CURVE ( 'NONE', #2389, #4316, #172, .T. ) ;
#5489 = EDGE_LOOP ( 'NONE', ( #3964, #6870 ) ) ;
#5490 = ORIENTED_EDGE ( 'NONE', *, *, #7891, .T. ) ;
#5491 = CARTESIAN_POINT ( 'NONE',  ( -25.68937042237544333, 25.89353571423245270, -7.299999999999998046 ) ) ;
#5492 = LINE ( 'NONE', #2251, #5569 ) ;
#5493 = DIRECTION ( 'NONE',  ( 0.000000000000000000, 0.000000000000000000, -1.000000000000000000 ) ) ;
#5494 = DIRECTION ( 'NONE',  ( -0.000000000000000000, -1.000000000000000000, -0.000000000000000000 ) ) ;
#5495 = ORIENTED_EDGE ( 'NONE', *, *, #1407, .T. ) ;
#5496 = CARTESIAN_POINT ( 'NONE',  ( 0.000000000000000000, 0.000000000000000000, 0.4500000000000001221 ) ) ;
#5497 = DIRECTION ( 'NONE',  ( 0.000000000000000000, 0.000000000000000000, -1.000000000000000000 ) ) ;
#5498 = ADVANCED_FACE ( 'NONE', ( #5955 ), #177, .T. ) ;
#5499 = EDGE_CURVE ( 'NONE', #7425, #6507, #2615, .T. ) ;
#5500 = VERTEX_POINT ( 'NONE', #2770 ) ;
#5501 = EDGE_LOOP ( 'NONE', ( #2657, #5453, #1103, #6578 ) ) ;
#5502 = FACE_OUTER_BOUND ( 'NONE', #7524, .T. ) ;
#5503 = FACE_BOUND ( 'NONE', #3747, .T. ) ;
#5504 = CARTESIAN_POINT ( 'NONE',  ( 1.000000000000000000, 0.4500000000000040079, 2.500000000000000000 ) ) ;
#5505 = AXIS2_PLACEMENT_3D ( 'NONE', #3374, #2577, #4018 ) ;
#5506 = FACE_OUTER_BOUND ( 'NONE', #5380, .T. ) ;
#5507 = DIRECTION ( 'NONE',  ( 0.000000000000000000, 0.000000000000000000, 1.000000000000000000 ) ) ;
#5508 = CARTESIAN_POINT ( 'NONE',  ( -25.23937042237544048, 30.64353571423245981, -4.900000000000003020 ) ) ;
#5509 = EDGE_LOOP ( 'NONE', ( #7259, #5727, #3136, #7407 ) ) ;
#5510 = ORIENTED_EDGE ( 'NONE', *, *, #1190, .F. ) ;
#5511 = LINE ( 'NONE', #6749, #4494 ) ;
#5512 = LINE ( 'NONE', #7473, #1116 ) ;
#5513 = FACE_OUTER_BOUND ( 'NONE', #3676, .T. ) ;
#5514 = EDGE_CURVE ( 'NONE', #3592, #2350, #3474, .T. ) ;
#5515 = VERTEX_POINT ( 'NONE', #2124 ) ;
#5516 = AXIS2_PLACEMENT_3D ( 'NONE', #7630, #1712, #8173 ) ;
#5517 = ORIENTED_EDGE ( 'NONE', *, *, #4269, .F. ) ;
#5518 = EDGE_LOOP ( 'NONE', ( #7535, #7316, #7378, #8360, #51, #649, #7557, #6118 ) ) ;
#5519 = AXIS2_PLACEMENT_3D ( 'NONE', #3045, #5600, #1210 ) ;
#5520 = VERTEX_POINT ( 'NONE', #5406 ) ;
#5521 = CIRCLE ( 'NONE', #4730, 0.4000000000000010214 ) ;
#5522 = CARTESIAN_POINT ( 'NONE',  ( -2.500000000000000000, -1.831784155265234362E-15, 2.100000000000000089 ) ) ;
#5523 = EDGE_CURVE ( 'NONE', #1180, #2936, #8030, .T. ) ;
#5524 = VECTOR ( 'NONE', #8154, 1000.000000000000000 ) ;
#5525 = VERTEX_POINT ( 'NONE', #813 ) ;
#5526 = ORIENTED_EDGE ( 'NONE', *, *, #2824, .T. ) ;
#5527 = DIRECTION ( 'NONE',  ( 1.000000000000000000, 2.282530889443169980E-16, 0.000000000000000000 ) ) ;
#5528 = LINE ( 'NONE', #2420, #4234 ) ;
#5529 = CARTESIAN_POINT ( 'NONE',  ( 1.342230922150143169, 15.19999999999999751, -3.014700010220582094 ) ) ;
#5530 = EDGE_CURVE ( 'NONE', #7099, #5500, #5287, .T. ) ;
#5531 = ORIENTED_EDGE ( 'NONE', *, *, #5449, .T. ) ;
#5532 = DIRECTION ( 'NONE',  ( 0.000000000000000000, 0.000000000000000000, 1.000000000000000000 ) ) ;
#5533 = DIRECTION ( 'NONE',  ( -3.197646960325912517E-16, 1.000000000000000000, 0.000000000000000000 ) ) ;
#5534 = COLOUR_RGB ( '',0.7921568627450980005, 0.8196078431372548767, 0.9333333333333333481 ) ;
#5535 = EDGE_LOOP ( 'NONE', ( #4299, #4644, #5392, #1117 ) ) ;
#5536 = VECTOR ( 'NONE', #2618, 1000.000000000000000 ) ;
#5537 = VERTEX_POINT ( 'NONE', #2329 ) ;
#5538 = CARTESIAN_POINT ( 'NONE',  ( -1.891663167769254139, 13.89999999999999858, 3.353223890482887271 ) ) ;
#5539 = AXIS2_PLACEMENT_3D ( 'NONE', #1889, #5019, #6910 ) ;
#5540 = PLANE ( 'NONE',  #4487 ) ;
#5541 = EDGE_CURVE ( 'NONE', #7426, #8065, #2245, .T. ) ;
#5542 = EDGE_CURVE ( 'NONE', #1872, #3592, #1695, .T. ) ;
#5543 = LINE ( 'NONE', #4290, #1756 ) ;
#5544 = DIRECTION ( 'NONE',  ( 0.000000000000000000, -1.000000000000000000, 0.000000000000000000 ) ) ;
#5545 = AXIS2_PLACEMENT_3D ( 'NONE', #2175, #7326, #1621 ) ;
#5546 = CARTESIAN_POINT ( 'NONE',  ( -16.13937042237545327, 37.14353571423244915, -4.399999999999999467 ) ) ;
#5547 = CIRCLE ( 'NONE', #4776, 0.6500000000000047962 ) ;
#5548 = VERTEX_POINT ( 'NONE', #5656 ) ;
#5549 = VECTOR ( 'NONE', #3820, 1000.000000000000000 ) ;
#5550 = AXIS2_PLACEMENT_3D ( 'NONE', #2758, #6629, #2669 ) ;
#5551 = LINE ( 'NONE', #1849, #5796 ) ;
#5552 = DIRECTION ( 'NONE',  ( 1.084202172485504434E-16, 1.000000000000000000, 0.000000000000000000 ) ) ;
#5553 = VECTOR ( 'NONE', #1927, 1000.000000000000000 ) ;
#5554 = DIRECTION ( 'NONE',  ( 1.000000000000000000, 0.000000000000000000, 0.000000000000000000 ) ) ;
#5555 = PRODUCT_DEFINITION_CONTEXT ( 'detailed design', #3582, 'design' ) ;
#5556 = PLANE ( 'NONE',  #7546 ) ;
#5557 = ORIENTED_EDGE ( 'NONE', *, *, #1678, .F. ) ;
#5558 = EDGE_LOOP ( 'NONE', ( #5292, #6968, #3188, #369, #2831, #215 ) ) ;
#5559 = CARTESIAN_POINT ( 'NONE',  ( 1.479999999999999982, 15.89999999999999680, 1.200000000000000178 ) ) ;
#5560 = VECTOR ( 'NONE', #5965, 1000.000000000000000 ) ;
#5561 = CARTESIAN_POINT ( 'NONE',  ( -4.410103077640644464, -5.950000000000001066, 2.100000000000000089 ) ) ;
#5562 = ORIENTED_EDGE ( 'NONE', *, *, #2928, .T. ) ;
#5563 = CIRCLE ( 'NONE', #1936, 0.6999999999999992895 ) ;
#5564 = VECTOR ( 'NONE', #5855, 1000.000000000000000 ) ;
#5565 = ORIENTED_EDGE ( 'NONE', *, *, #3299, .F. ) ;
#5566 = DIRECTION ( 'NONE',  ( 0.000000000000000000, 0.000000000000000000, 1.000000000000000000 ) ) ;
#5567 = ORIENTED_EDGE ( 'NONE', *, *, #1384, .T. ) ;
#5568 = VECTOR ( 'NONE', #6771, 1000.000000000000000 ) ;
#5569 = VECTOR ( 'NONE', #2336, 1000.000000000000000 ) ;
#5570 = EDGE_CURVE ( 'NONE', #1832, #892, #4271, .T. ) ;
#5571 = CARTESIAN_POINT ( 'NONE',  ( 0.5000000000000002220, 15.89999999999999680, 2.299999999999999822 ) ) ;
#5572 = CIRCLE ( 'NONE', #4229, 0.6000000000000001998 ) ;
#5573 = ORIENTED_EDGE ( 'NONE', *, *, #3781, .F. ) ;
#5574 = AXIS2_PLACEMENT_3D ( 'NONE', #7095, #4358, #7647 ) ;
#5575 = CARTESIAN_POINT ( 'NONE',  ( -16.13937042237545683, 38.44353571423245342, 0.4500000000000001221 ) ) ;
#5576 = AXIS2_PLACEMENT_3D ( 'NONE', #852, #2159, #1571 ) ;
#5577 = AXIS2_PLACEMENT_3D ( 'NONE', #2920, #4175, #6708 ) ;
#5578 = ORIENTED_EDGE ( 'NONE', *, *, #1994, .T. ) ;
#5579 = ORIENTED_EDGE ( 'NONE', *, *, #8010, .F. ) ;
#5580 = EDGE_CURVE ( 'NONE', #2692, #2389, #4189, .T. ) ;
#5581 = FILL_AREA_STYLE_COLOUR ( '', #2583 ) ;
#5582 = DIRECTION ( 'NONE',  ( 0.000000000000000000, 0.000000000000000000, -1.000000000000000000 ) ) ;
#5583 = DIRECTION ( 'NONE',  ( -0.000000000000000000, -1.000000000000000000, -0.000000000000000000 ) ) ;
#5584 = LINE ( 'NONE', #4322, #7338 ) ;
#5585 = ORIENTED_EDGE ( 'NONE', *, *, #7767, .F. ) ;
#5586 = DIRECTION ( 'NONE',  ( 1.000000000000000000, 0.000000000000000000, 0.000000000000000000 ) ) ;
#5587 = LINE ( 'NONE', #1026, #4505 ) ;
#5588 = EDGE_LOOP ( 'NONE', ( #2036, #3157 ) ) ;
#5589 = ORIENTED_EDGE ( 'NONE', *, *, #1583, .T. ) ;
#5590 = ORIENTED_EDGE ( 'NONE', *, *, #1147, .T. ) ;
#5591 = FACE_OUTER_BOUND ( 'NONE', #4836, .T. ) ;
#5592 = FACE_OUTER_BOUND ( 'NONE', #1726, .T. ) ;
#5593 = LINE ( 'NONE', #395, #5822 ) ;
#5594 = CARTESIAN_POINT ( 'NONE',  ( -0.9762697651501761609, 15.89999999999999680, 3.152284464583363199 ) ) ;
#5595 = DIRECTION ( 'NONE',  ( 0.000000000000000000, 1.000000000000000000, 0.000000000000000000 ) ) ;
#5596 = CARTESIAN_POINT ( 'NONE',  ( 0.0008203932499369634770, 16.69999999999999574, 4.781147327278692800E-17 ) ) ;
#5597 = EDGE_LOOP ( 'NONE', ( #2645, #2441, #4191, #508 ) ) ;
#5598 = EDGE_CURVE ( 'NONE', #6723, #2550, #6252, .T. ) ;
#5599 = ADVANCED_FACE ( 'NONE', ( #3559 ), #344, .F. ) ;
#5600 = DIRECTION ( 'NONE',  ( -3.045815321968687485E-32, -1.334402673828314818E-16, 1.000000000000000000 ) ) ;
#5601 = CARTESIAN_POINT ( 'NONE',  ( 0.9827370646086341921, 13.89999999999999858, 3.150274251846084450 ) ) ;
#5602 = PLANE ( 'NONE',  #6120 ) ;
#5603 = ORIENTED_EDGE ( 'NONE', *, *, #430, .F. ) ;
#5604 = CARTESIAN_POINT ( 'NONE',  ( -0.4000000000000000222, -7.560000000000000497, 1.800000000000000711 ) ) ;
#5605 = LINE ( 'NONE', #2012, #5553 ) ;
#5606 = CARTESIAN_POINT ( 'NONE',  ( -25.23937042237544048, 24.39353571423245981, -1.400000000000001021 ) ) ;
#5607 = ORIENTED_EDGE ( 'NONE', *, *, #7511, .F. ) ;
#5608 = EDGE_CURVE ( 'NONE', #1572, #4105, #1734, .T. ) ;
#5609 = ORIENTED_EDGE ( 'NONE', *, *, #3689, .F. ) ;
#5610 = DIRECTION ( 'NONE',  ( 1.000000000000000000, 1.232047923278981953E-16, 0.000000000000000000 ) ) ;
#5611 = ORIENTED_EDGE ( 'NONE', *, *, #4423, .T. ) ;
#5612 = CARTESIAN_POINT ( 'NONE',  ( 0.000000000000000000, -7.560000000000000497, 2.100000000000000089 ) ) ;
#5613 = ORIENTED_EDGE ( 'NONE', *, *, #4132, .T. ) ;
#5614 = LINE ( 'NONE', #2327, #2579 ) ;
#5615 = DIRECTION ( 'NONE',  ( -0.000000000000000000, -1.000000000000000000, -0.000000000000000000 ) ) ;
#5616 = VERTEX_POINT ( 'NONE', #3636 ) ;
#5617 = EDGE_LOOP ( 'NONE', ( #815, #1811, #3015, #8157 ) ) ;
#5618 = CARTESIAN_POINT ( 'NONE',  ( -15.68937042237545576, 37.14353571423245626, -4.399999999999999467 ) ) ;
#5619 = VERTEX_POINT ( 'NONE', #6195 ) ;
#5620 = LINE ( 'NONE', #3566, #2354 ) ;
#5621 = CARTESIAN_POINT ( 'NONE',  ( 1.750000000000000000, 0.000000000000000000, 1.800000000000000266 ) ) ;
#5622 = ORIENTED_EDGE ( 'NONE', *, *, #502, .T. ) ;
#5623 = LINE ( 'NONE', #3023, #6336 ) ;
#5624 = CARTESIAN_POINT ( 'NONE',  ( -24.03937042237544475, 37.14353571423244205, -4.900000000000003020 ) ) ;
#5625 = ADVANCED_FACE ( 'NONE', ( #421 ), #3013, .F. ) ;
#5626 = EDGE_CURVE ( 'NONE', #6658, #2023, #6420, .T. ) ;
#5627 = ORIENTED_EDGE ( 'NONE', *, *, #4787, .F. ) ;
#5628 = ORIENTED_EDGE ( 'NONE', *, *, #6617, .F. ) ;
#5629 = CARTESIAN_POINT ( 'NONE',  ( -1.900000000000001910, 5.100000000000004086, 0.1000000000000000056 ) ) ;
#5630 = FACE_OUTER_BOUND ( 'NONE', #6283, .T. ) ;
#5631 = DIRECTION ( 'NONE',  ( 0.5958745230144666394, 0.8030775509390620792, -7.188571533762701742E-16 ) ) ;
#5632 = FACE_OUTER_BOUND ( 'NONE', #6163, .T. ) ;
#5633 = CARTESIAN_POINT ( 'NONE',  ( 0.000000000000000000, 16.69999999999999574, 0.000000000000000000 ) ) ;
#5634 = PLANE ( 'NONE',  #3000 ) ;
#5635 = EDGE_CURVE ( 'NONE', #3608, #7387, #7649, .T. ) ;
#5636 = ORIENTED_EDGE ( 'NONE', *, *, #6151, .F. ) ;
#5637 = DIRECTION ( 'NONE',  ( 1.000000000000000000, 0.000000000000000000, 0.000000000000000000 ) ) ;
#5638 = LINE ( 'NONE', #6990, #2190 ) ;
#5639 = APPLICATION_PROTOCOL_DEFINITION ( 'draft international standard', 'automotive_design', 1998, #280 ) ;
#5640 = LINE ( 'NONE', #2440, #258 ) ;
#5641 = ORIENTED_EDGE ( 'NONE', *, *, #3792, .F. ) ;
#5642 = EDGE_CURVE ( 'NONE', #3086, #4044, #2455, .T. ) ;
#5643 = DIRECTION ( 'NONE',  ( -1.000000000000000000, -2.282530889443169980E-16, 0.000000000000000000 ) ) ;
#5644 = DIRECTION ( 'NONE',  ( 0.000000000000000000, 0.000000000000000000, 1.000000000000000000 ) ) ;
#5645 = LINE ( 'NONE', #4439, #1267 ) ;
#5646 = ORIENTED_EDGE ( 'NONE', *, *, #799, .F. ) ;
#5647 = VECTOR ( 'NONE', #3337, 1000.000000000000000 ) ;
#5648 = ADVANCED_BREP_SHAPE_REPRESENTATION ( '', ( #8165, #4879 ), #2186 ) ;
#5649 = DIRECTION ( 'NONE',  ( 0.000000000000000000, 0.000000000000000000, 1.000000000000000000 ) ) ;
#5650 = ORIENTED_EDGE ( 'NONE', *, *, #6138, .F. ) ;
#5651 =( LENGTH_UNIT ( ) NAMED_UNIT ( * ) SI_UNIT ( .MILLI., .METRE. ) );
#5652 = EDGE_CURVE ( 'NONE', #1572, #8189, #3140, .T. ) ;
#5653 = EDGE_CURVE ( 'NONE', #2158, #1015, #4643, .T. ) ;
#5654 = DIRECTION ( 'NONE',  ( -1.000000000000000000, 0.000000000000000000, 0.000000000000000000 ) ) ;
#5655 = CARTESIAN_POINT ( 'NONE',  ( -15.68937042237545576, 27.39353571423245626, -4.400000000000000355 ) ) ;
#5656 = CARTESIAN_POINT ( 'NONE',  ( -15.68937042237545576, 23.89353571423246336, -8.800000000000000711 ) ) ;
#5657 = AXIS2_PLACEMENT_3D ( 'NONE', #5468, #8046, #2789 ) ;
#5658 = ORIENTED_EDGE ( 'NONE', *, *, #989, .F. ) ;
#5659 = ORIENTED_EDGE ( 'NONE', *, *, #5803, .T. ) ;
#5660 = AXIS2_PLACEMENT_3D ( 'NONE', #2904, #870, #2173 ) ;
#5661 = DIRECTION ( 'NONE',  ( -1.000000000000000000, -0.000000000000000000, -0.000000000000000000 ) ) ;
#5662 = ORIENTED_EDGE ( 'NONE', *, *, #4306, .T. ) ;
#5663 = CARTESIAN_POINT ( 'NONE',  ( -16.13937042237545327, 27.59353571423245555, -8.100000000000001421 ) ) ;
#5664 = LINE ( 'NONE', #2421, #5984 ) ;
#5665 = ORIENTED_EDGE ( 'NONE', *, *, #4757, .F. ) ;
#5666 = EDGE_CURVE ( 'NONE', #3592, #7344, #7136, .T. ) ;
#5667 = DIRECTION ( 'NONE',  ( 1.000000000000000000, 0.000000000000000000, 0.000000000000000000 ) ) ;
#5668 = DIRECTION ( 'NONE',  ( 0.000000000000000000, 0.000000000000000000, -1.000000000000000000 ) ) ;
#5669 = CIRCLE ( 'NONE', #3931, 0.6499999999999978018 ) ;
#5670 = ORIENTED_EDGE ( 'NONE', *, *, #4296, .T. ) ;
#5671 = VERTEX_POINT ( 'NONE', #4535 ) ;
#5672 = LINE ( 'NONE', #8253, #3972 ) ;
#5673 = CARTESIAN_POINT ( 'NONE',  ( -17.68937042237545043, 38.09353571423245910, 0.000000000000000000 ) ) ;
#5674 = DIRECTION ( 'NONE',  ( -0.8987940462991664825, 0.4383711467890785696, 1.385919228607421386E-14 ) ) ;
#5675 = EDGE_CURVE ( 'NONE', #3798, #559, #1313, .T. ) ;
#5676 =( GEOMETRIC_REPRESENTATION_CONTEXT ( 3 ) GLOBAL_UNCERTAINTY_ASSIGNED_CONTEXT ( ( #6463 ) ) GLOBAL_UNIT_ASSIGNED_CONTEXT ( ( #4413, #6970, #8107 ) ) REPRESENTATION_CONTEXT ( 'NONE', 'WORKASPACE' ) );
#5677 = CARTESIAN_POINT ( 'NONE',  ( -2.500942654745184957, 0.3317597448392846649, 1.331759744839281279 ) ) ;
#5678 = CARTESIAN_POINT ( 'NONE',  ( 0.000000000000000000, 13.50000000000000000, 0.000000000000000000 ) ) ;
#5679 = DIRECTION ( 'NONE',  ( -0.000000000000000000, -0.000000000000000000, -1.000000000000000000 ) ) ;
#5680 = VECTOR ( 'NONE', #2868, 1000.000000000000000 ) ;
#5681 = ORIENTED_EDGE ( 'NONE', *, *, #6735, .T. ) ;
#5682 = LINE ( 'NONE', #7591, #7007 ) ;
#5683 = PRODUCT_CONTEXT ( 'NONE', #6202, 'mechanical' ) ;
#5684 = ADVANCED_FACE ( 'NONE', ( #4571 ), #2197, .F. ) ;
#5685 = CARTESIAN_POINT ( 'NONE',  ( -4.400000000000002132, -5.950000000000000178, 5.000000000000000000 ) ) ;
#5686 = ORIENTED_EDGE ( 'NONE', *, *, #5541, .F. ) ;
#5687 = ORIENTED_EDGE ( 'NONE', *, *, #7823, .F. ) ;
#5688 = CARTESIAN_POINT ( 'NONE',  ( -3.000000000000001776, -3.750000000000000000, 5.599999999999999645 ) ) ;
#5689 = CARTESIAN_POINT ( 'NONE',  ( -16.13937042237545327, 27.39353571423245626, 0.4500000000000001221 ) ) ;
#5690 = ORIENTED_EDGE ( 'NONE', *, *, #6737, .T. ) ;
#5691 = VECTOR ( 'NONE', #6831, 1000.000000000000000 ) ;
#5692 = CARTESIAN_POINT ( 'NONE',  ( 0.8032336497292296151, 15.19999999999999751, 0.000000000000000000 ) ) ;
#5693 = VERTEX_POINT ( 'NONE', #7263 ) ;
#5694 = AXIS2_PLACEMENT_3D ( 'NONE', #4694, #3463, #5902 ) ;
#5695 = DIRECTION ( 'NONE',  ( 1.000000000000000000, 0.000000000000000000, -1.517883041479702421E-14 ) ) ;
#5696 = AXIS2_PLACEMENT_3D ( 'NONE', #1329, #2647, #3908 ) ;
#5697 = CARTESIAN_POINT ( 'NONE',  ( -15.68937042237545576, 27.39353571423245626, -7.300000000000000711 ) ) ;
#5698 = CARTESIAN_POINT ( 'NONE',  ( 3.399999999999998579, 0.9500000000000038414, 0.5000000000000000000 ) ) ;
#5699 = VECTOR ( 'NONE', #6832, 1000.000000000000000 ) ;
#5700 = AXIS2_PLACEMENT_3D ( 'NONE', #6306, #6213, #6270 ) ;
#5701 = AXIS2_PLACEMENT_3D ( 'NONE', #5757, #5886, #666 ) ;
#5702 = CIRCLE ( 'NONE', #8272, 0.3500000000000000333 ) ;
#5703 = ADVANCED_FACE ( 'NONE', ( #847 ), #2834, .F. ) ;
#5704 = ADVANCED_FACE ( 'NONE', ( #1481 ), #7938, .F. ) ;
#5705 = VERTEX_POINT ( 'NONE', #5867 ) ;
#5706 = ORIENTED_EDGE ( 'NONE', *, *, #4833, .T. ) ;
#5707 = ORIENTED_EDGE ( 'NONE', *, *, #734, .F. ) ;
#5708 = DIRECTION ( 'NONE',  ( -1.000000000000000000, 0.000000000000000000, 0.000000000000000000 ) ) ;
#5709 = CARTESIAN_POINT ( 'NONE',  ( -23.73937042237544759, 33.89353571423244205, 0.4500000000000001221 ) ) ;
#5710 = VERTEX_POINT ( 'NONE', #7181 ) ;
#5711 = DIRECTION ( 'NONE',  ( -1.000000000000000000, -1.971276677246371519E-16, -0.000000000000000000 ) ) ;
#5712 = CIRCLE ( 'NONE', #4114, 0.3500000000000000333 ) ;
#5713 = AXIS2_PLACEMENT_3D ( 'NONE', #4828, #6727, #1061 ) ;
#5714 = ORIENTED_EDGE ( 'NONE', *, *, #1705, .F. ) ;
#5715 = EDGE_CURVE ( 'NONE', #6682, #4173, #2205, .T. ) ;
#5716 = ORIENTED_EDGE ( 'NONE', *, *, #1438, .F. ) ;
#5717 = ORIENTED_EDGE ( 'NONE', *, *, #3465, .T. ) ;
#5718 = CARTESIAN_POINT ( 'NONE',  ( 0.000000000000000000, 7.000000000000000000, 0.000000000000000000 ) ) ;
#5719 = CARTESIAN_POINT ( 'NONE',  ( -2.291287847475519612, 1.205247666209016023E-13, 1.000000000000116351 ) ) ;
#5720 = DIRECTION ( 'NONE',  ( -0.000000000000000000, -1.000000000000000000, -0.000000000000000000 ) ) ;
#5721 = CARTESIAN_POINT ( 'NONE',  ( 4.399999999999998579, 5.100000000000004086, 0.1000000000000000749 ) ) ;
#5722 = CARTESIAN_POINT ( 'NONE',  ( -3.250000000000001332, -5.950000000000001066, 1.800000000000000266 ) ) ;
#5723 = CARTESIAN_POINT ( 'NONE',  ( 0.000000000000000000, 18.00000000008594725, -0.5999999999062310962 ) ) ;
#5724 = DIRECTION ( 'NONE',  ( 0.000000000000000000, 0.000000000000000000, 1.000000000000000000 ) ) ;
#5725 = PRODUCT_DEFINITION_CONTEXT ( 'detailed design', #2727, 'design' ) ;
#5726 = CARTESIAN_POINT ( 'NONE',  ( -15.68937042237545576, 28.59353571423246265, -5.599999999999999645 ) ) ;
#5727 = ORIENTED_EDGE ( 'NONE', *, *, #3901, .T. ) ;
#5728 = DIRECTION ( 'NONE',  ( -0.000000000000000000, -1.000000000000000000, -0.000000000000000000 ) ) ;
#5729 = CARTESIAN_POINT ( 'NONE',  ( -24.03937042237544475, 30.64353571423245626, -5.350000000000003197 ) ) ;
#5730 = CARTESIAN_POINT ( 'NONE',  ( -16.13937042237545327, 30.64353571423245270, -4.400000000000000355 ) ) ;
#5731 = ORIENTED_EDGE ( 'NONE', *, *, #2246, .F. ) ;
#5732 = ADVANCED_FACE ( 'NONE', ( #5994 ), #6592, .F. ) ;
#5733 = ADVANCED_FACE ( 'NONE', ( #4113 ), #6715, .F. ) ;
#5734 = DIRECTION ( 'NONE',  ( -0.8573532005412072277, 0.000000000000000000, 0.5147285590694853363 ) ) ;
#5735 = LINE ( 'NONE', #7899, #1115 ) ;
#5736 = CARTESIAN_POINT ( 'NONE',  ( -17.33937042237545256, 37.79353571423245484, -4.900000000000003020 ) ) ;
#5737 = LINE ( 'NONE', #8322, #29 ) ;
#5738 = DIRECTION ( 'NONE',  ( -0.000000000000000000, -0.000000000000000000, -1.000000000000000000 ) ) ;
#5739 = VERTEX_POINT ( 'NONE', #6679 ) ;
#5740 = DIRECTION ( 'NONE',  ( -0.000000000000000000, -0.000000000000000000, -1.000000000000000000 ) ) ;
#5741 = ORIENTED_EDGE ( 'NONE', *, *, #4683, .F. ) ;
#5742 = DIRECTION ( 'NONE',  ( 0.000000000000000000, 0.000000000000000000, 1.000000000000000000 ) ) ;
#5743 = FACE_OUTER_BOUND ( 'NONE', #7907, .T. ) ;
#5744 = VERTEX_POINT ( 'NONE', #4729 ) ;
#5745 = LINE ( 'NONE', #656, #7967 ) ;
#5746 = DIRECTION ( 'NONE',  ( 1.000000000000000000, 0.000000000000000000, 0.000000000000000000 ) ) ;
#5747 = EDGE_CURVE ( 'NONE', #6815, #3681, #2710, .T. ) ;
#5748 = EDGE_CURVE ( 'NONE', #1725, #3829, #7856, .T. ) ;
#5749 = ORIENTED_EDGE ( 'NONE', *, *, #6383, .T. ) ;
#5750 =( BOUNDED_CURVE ( )  B_SPLINE_CURVE ( 3, ( #4385, #6899, #7454, #1124 ),
 .UNSPECIFIED., .F., .T. ) 
 B_SPLINE_CURVE_WITH_KNOTS ( ( 4, 4 ),
 ( 6.097354354070682270, 6.283185307179586232 ),
 .UNSPECIFIED. ) 
 CURVE ( )  GEOMETRIC_REPRESENTATION_ITEM ( )  RATIONAL_B_SPLINE_CURVE ( ( 1.000000000000000000, 0.9971243078549341110, 0.9971243078549341110, 1.000000000000000000 ) ) 
 REPRESENTATION_ITEM ( '' )  );
#5751 = ORIENTED_EDGE ( 'NONE', *, *, #1896, .T. ) ;
#5752 = VERTEX_POINT ( 'NONE', #7348 ) ;
#5753 = DIRECTION ( 'NONE',  ( -1.000000000000000000, 0.000000000000000000, 0.000000000000000000 ) ) ;
#5754 = CARTESIAN_POINT ( 'NONE',  ( -24.03937042237544119, 38.09353571423245910, 0.000000000000000000 ) ) ;
#5755 = CARTESIAN_POINT ( 'NONE',  ( -0.7500000000000001110, -5.950000000000000178, 1.800000000000000266 ) ) ;
#5756 = CARTESIAN_POINT ( 'NONE',  ( -15.68937042237545576, 27.59353571423245555, 0.04999999999999996808 ) ) ;
#5757 = CARTESIAN_POINT ( 'NONE',  ( 2.499999999999999556, -11.96000000000000618, 2.100000000000000089 ) ) ;
#5758 = EDGE_CURVE ( 'NONE', #6993, #1919, #5563, .T. ) ;
#5759 = DIRECTION ( 'NONE',  ( 1.000000000000000000, 0.000000000000000000, 0.000000000000000000 ) ) ;
#5760 = ADVANCED_FACE ( 'NONE', ( #3986 ), #5947, .F. ) ;
#5761 = ORIENTED_EDGE ( 'NONE', *, *, #2808, .T. ) ;
#5762 = DIRECTION ( 'NONE',  ( 0.5142627263715358055, 0.000000000000000000, -0.8576327000907292275 ) ) ;
#5763 = CARTESIAN_POINT ( 'NONE',  ( -17.98937042237545469, 29.99353571423246123, -4.900000000000003020 ) ) ;
#5764 = DIRECTION ( 'NONE',  ( -1.000000000000000000, 0.000000000000000000, 0.000000000000000000 ) ) ;
#5765 = VERTEX_POINT ( 'NONE', #7228 ) ;
#5766 = DIRECTION ( 'NONE',  ( 1.000000000000000000, -2.282530889443169980E-16, 0.000000000000000000 ) ) ;
#5767 = CARTESIAN_POINT ( 'NONE',  ( -1.370000000000000329, 13.50000000000000000, 3.352688591713894439 ) ) ;
#5768 = ORIENTED_EDGE ( 'NONE', *, *, #5803, .F. ) ;
#5769 = CARTESIAN_POINT ( 'NONE',  ( -16.08937042237545612, 27.59353571423245555, 0.4500000000000001221 ) ) ;
#5770 = CARTESIAN_POINT ( 'NONE',  ( -20.68937042237544688, 33.89353571423244205, 0.4500000000000001776 ) ) ;
#5771 = EDGE_CURVE ( 'NONE', #1968, #1046, #4024, .T. ) ;
#5772 = PRODUCT_DEFINITION ( 'UNKNOWN', '', #5815, #5725 ) ;
#5773 = FACE_OUTER_BOUND ( 'NONE', #7302, .T. ) ;
#5774 = CARTESIAN_POINT ( 'NONE',  ( -1.891663167769254361, 13.50000000000000000, 3.353223890482887271 ) ) ;
#5775 = AXIS2_PLACEMENT_3D ( 'NONE', #7415, #2230, #5387 ) ;
#5776 = DIRECTION ( 'NONE',  ( -1.000000000000000000, 0.000000000000000000, 0.000000000000000000 ) ) ;
#5777 = APPLICATION_CONTEXT ( 'automotive_design' ) ;
#5778 = ORIENTED_EDGE ( 'NONE', *, *, #3117, .F. ) ;
#5779 = AXIS2_PLACEMENT_3D ( 'NONE', #6872, #2372, #5107 ) ;
#5780 = CARTESIAN_POINT ( 'NONE',  ( -17.33937042237545612, 38.09353571423245910, 0.000000000000000000 ) ) ;
#5781 = ORIENTED_EDGE ( 'NONE', *, *, #1843, .T. ) ;
#5782 = CARTESIAN_POINT ( 'NONE',  ( 3.499999999999998224, 0.4500000000000040079, 2.500000000000000000 ) ) ;
#5783 = DIRECTION ( 'NONE',  ( 3.197646960325912517E-16, -1.000000000000000000, 0.000000000000000000 ) ) ;
#5784 = ORIENTED_EDGE ( 'NONE', *, *, #6893, .F. ) ;
#5785 = ADVANCED_FACE ( 'NONE', ( #5324 ), #3589, .T. ) ;
#5786 = CARTESIAN_POINT ( 'NONE',  ( 0.5000000000000002220, 16.49999999999999289, 1.500000000000000000 ) ) ;
#5787 = CARTESIAN_POINT ( 'NONE',  ( -25.68937042237544333, 28.59353571423247331, -5.600000000000004974 ) ) ;
#5788 = EDGE_LOOP ( 'NONE', ( #5206, #1020, #8097, #4712, #1823, #6874, #6188, #3316, #6269, #5898 ) ) ;
#5789 = VECTOR ( 'NONE', #946, 1000.000000000000000 ) ;
#5790 = ORIENTED_EDGE ( 'NONE', *, *, #7771, .T. ) ;
#5791 = ADVANCED_FACE ( 'NONE', ( #6184 ), #7475, .F. ) ;
#5792 = ORIENTED_EDGE ( 'NONE', *, *, #7808, .F. ) ;
#5793 = CARTESIAN_POINT ( 'NONE',  ( 0.000000000000000000, -4.200000000000000178, 0.000000000000000000 ) ) ;
#5794 = CARTESIAN_POINT ( 'NONE',  ( 0.8032336497292296151, 16.69999999999999574, -1.604700010220583728 ) ) ;
#5795 = FACE_OUTER_BOUND ( 'NONE', #625, .T. ) ;
#5796 = VECTOR ( 'NONE', #4889, 1000.000000000000000 ) ;
#5797 = FACE_OUTER_BOUND ( 'NONE', #7385, .T. ) ;
#5798 = CARTESIAN_POINT ( 'NONE',  ( -16.40834325234228430, 21.92455496882227806, -7.349999999999987210 ) ) ;
#5799 = CARTESIAN_POINT ( 'NONE',  ( -25.68937042237544333, 23.89353571423246692, 0.4500000000000001221 ) ) ;
#5800 = AXIS2_PLACEMENT_3D ( 'NONE', #7755, #4427, #6983 ) ;
#5801 = ORIENTED_EDGE ( 'NONE', *, *, #948, .F. ) ;
#5802 = EDGE_CURVE ( 'NONE', #6894, #4470, #2239, .T. ) ;
#5803 = EDGE_CURVE ( 'NONE', #7489, #5237, #8266, .T. ) ;
#5804 = CARTESIAN_POINT ( 'NONE',  ( -3.650000000000001688, -3.750000000000000000, 5.599999999999999645 ) ) ;
#5805 = LINE ( 'NONE', #5222, #4515 ) ;
#5806 = ITEM_DEFINED_TRANSFORMATION ( 'NONE', 'NONE', #5539,  #4879 ) ;
#5807 = DIRECTION ( 'NONE',  ( 0.000000000000000000, 1.000000000000000000, 0.000000000000000000 ) ) ;
#5808 = CARTESIAN_POINT ( 'NONE',  ( 3.399999999999998135, 0.000000000000000000, 0.000000000000000000 ) ) ;
#5809 = DIRECTION ( 'NONE',  ( 0.000000000000000000, 0.000000000000000000, 1.000000000000000000 ) ) ;
#5810 = VECTOR ( 'NONE', #6475, 1000.000000000000000 ) ;
#5811 = VERTEX_POINT ( 'NONE', #2882 ) ;
#5812 = AXIS2_PLACEMENT_3D ( 'NONE', #2229, #8082, #4095 ) ;
#5813 = EDGE_CURVE ( 'NONE', #472, #6815, #4262, .T. ) ;
#5814 = CARTESIAN_POINT ( 'NONE',  ( -0.6700000000000000400, 16.69999999999999574, -0.5999999999999998668 ) ) ;
#5815 = PRODUCT_DEFINITION_FORMATION_WITH_SPECIFIED_SOURCE ( 'ANY', '', #606, .NOT_KNOWN. ) ;
#5816 = DIRECTION ( 'NONE',  ( 1.000000000000000000, 2.282530889443169980E-16, 0.000000000000000000 ) ) ;
#5817 = EDGE_LOOP ( 'NONE', ( #2702, #7143, #2610, #3540, #4847, #60 ) ) ;
#5818 = PLANE ( 'NONE',  #7587 ) ;
#5819 = VECTOR ( 'NONE', #8001, 1000.000000000000000 ) ;
#5820 = DIRECTION ( 'NONE',  ( 0.000000000000000000, -1.000000000000000000, 0.000000000000000000 ) ) ;
#5821 = CARTESIAN_POINT ( 'NONE',  ( -25.68937042237544333, 22.89353571423245626, 0.4000000000000000222 ) ) ;
#5822 = VECTOR ( 'NONE', #3712, 1000.000000000000000 ) ;
#5823 = EDGE_CURVE ( 'NONE', #5873, #1057, #4302, .T. ) ;
#5824 = ORIENTED_EDGE ( 'NONE', *, *, #6397, .F. ) ;
#5825 =( GEOMETRIC_REPRESENTATION_CONTEXT ( 3 ) GLOBAL_UNCERTAINTY_ASSIGNED_CONTEXT ( ( #5871 ) ) GLOBAL_UNIT_ASSIGNED_CONTEXT ( ( #5651, #1013, #8152 ) ) REPRESENTATION_CONTEXT ( 'NONE', 'WORKASPACE' ) );
#5826 = CIRCLE ( 'NONE', #7598, 0.6500000000000047962 ) ;
#5827 = DIRECTION ( 'NONE',  ( 1.000000000000000000, 2.282530889443169980E-16, 0.000000000000000000 ) ) ;
#5828 = ORIENTED_EDGE ( 'NONE', *, *, #2979, .T. ) ;
#5829 = DIRECTION ( 'NONE',  ( -1.776356839400250465E-15, 0.000000000000000000, -1.000000000000000000 ) ) ;
#5830 = CARTESIAN_POINT ( 'NONE',  ( -3.400000000000003464, 0.000000000000000000, 0.000000000000000000 ) ) ;
#5831 = AXIS2_PLACEMENT_3D ( 'NONE', #39, #1478, #3380 ) ;
#5832 = ORIENTED_EDGE ( 'NONE', *, *, #2595, .T. ) ;
#5833 = CARTESIAN_POINT ( 'NONE',  ( -20.68937042237544688, 33.89353571423244205, 0.1999999999999999556 ) ) ;
#5834 = AXIS2_PLACEMENT_3D ( 'NONE', #1704, #5533, #8114 ) ;
#5835 = AXIS2_PLACEMENT_3D ( 'NONE', #1876, #4462, #7705 ) ;
#5836 = ORIENTED_EDGE ( 'NONE', *, *, #6142, .T. ) ;
#5837 = VECTOR ( 'NONE', #647, 1000.000000000000000 ) ;
#5838 = EDGE_CURVE ( 'NONE', #1832, #92, #6917, .T. ) ;
#5839 = VECTOR ( 'NONE', #7496, 1000.000000000000000 ) ;
#5840 = VERTEX_POINT ( 'NONE', #2925 ) ;
#5841 = EDGE_CURVE ( 'NONE', #7775, #6346, #3627, .T. ) ;
#5842 = ORIENTED_EDGE ( 'NONE', *, *, #1930, .T. ) ;
#5843 = PLANE ( 'NONE',  #4732 ) ;
#5844 = AXIS2_PLACEMENT_3D ( 'NONE', #1459, #2855, #4129 ) ;
#5845 = FACE_OUTER_BOUND ( 'NONE', #6035, .T. ) ;
#5846 = AXIS2_PLACEMENT_3D ( 'NONE', #1021, #4158, #4194 ) ;
#5847 = CARTESIAN_POINT ( 'NONE',  ( -1.734723475976807094E-15, 0.4500000000000040079, 5.000000000000000000 ) ) ;
#5848 = CARTESIAN_POINT ( 'NONE',  ( -24.95407293565522622, 21.85027710540992629, -7.349999999999994316 ) ) ;
#5849 = DIRECTION ( 'NONE',  ( -3.197646960325912517E-16, 1.000000000000000000, 0.000000000000000000 ) ) ;
#5850 = VECTOR ( 'NONE', #4744, 1000.000000000000000 ) ;
#5851 = CARTESIAN_POINT ( 'NONE',  ( 0.000000000000000000, 15.89999999999999680, 0.5999999999999998668 ) ) ;
#5852 = VERTEX_POINT ( 'NONE', #8147 ) ;
#5853 = CIRCLE ( 'NONE', #7213, 0.6500000000000000222 ) ;
#5854 = ORIENTED_EDGE ( 'NONE', *, *, #3117, .T. ) ;
#5855 = DIRECTION ( 'NONE',  ( -0.000000000000000000, -0.000000000000000000, -1.000000000000000000 ) ) ;
#5856 = CYLINDRICAL_SURFACE ( 'NONE', #1487, 1.199999999999999734 ) ;
#5857 = DIRECTION ( 'NONE',  ( -0.000000000000000000, -0.000000000000000000, -1.000000000000000000 ) ) ;
#5858 = LINE ( 'NONE', #76, #1391 ) ;
#5859 = EDGE_CURVE ( 'NONE', #5852, #7447, #8094, .T. ) ;
#5860 = EDGE_CURVE ( 'NONE', #2517, #3732, #2369, .T. ) ;
#5861 = ORIENTED_EDGE ( 'NONE', *, *, #5941, .T. ) ;
#5862 = DIRECTION ( 'NONE',  ( 0.000000000000000000, 0.000000000000000000, -1.000000000000000000 ) ) ;
#5863 = EDGE_LOOP ( 'NONE', ( #5562, #2841, #3338, #1326 ) ) ;
#5864 = CARTESIAN_POINT ( 'NONE',  ( -25.68937042237544333, 27.59353571423245910, -8.100000000000001421 ) ) ;
#5865 = LINE ( 'NONE', #2708, #298 ) ;
#5866 = CARTESIAN_POINT ( 'NONE',  ( -25.36502030285407017, 20.09524132667336715, -6.349999999999914380 ) ) ;
#5867 = CARTESIAN_POINT ( 'NONE',  ( 1.342230922150143391, 15.19999999999999751, -3.014700010220582538 ) ) ;
#5868 = EDGE_CURVE ( 'NONE', #4327, #6742, #6069, .T. ) ;
#5869 = EDGE_LOOP ( 'NONE', ( #4853, #2671, #3623, #7247 ) ) ;
#5870 = CARTESIAN_POINT ( 'NONE',  ( -4.400000000000002132, -5.950000000000000178, 0.1000000000000002554 ) ) ;
#5871 = UNCERTAINTY_MEASURE_WITH_UNIT (LENGTH_MEASURE( 1.000000000000000082E-05 ), #5651, 'distance_accuracy_value', 'NONE');
#5872 = CARTESIAN_POINT ( 'NONE',  ( 0.9827370646086341921, 15.89999999999999680, 3.150274251846084450 ) ) ;
#5873 = VERTEX_POINT ( 'NONE', #5479 ) ;
#5874 = CARTESIAN_POINT ( 'NONE',  ( -0.5000000000000027756, -0.05202383709185192523, 0.5000000000000000000 ) ) ;
#5875 = LINE ( 'NONE', #2679, #5916 ) ;
#5876 = ADVANCED_FACE ( 'NONE', ( #7382 ), #2272, .T. ) ;
#5877 = ORIENTED_EDGE ( 'NONE', *, *, #1527, .T. ) ;
#5878 = ORIENTED_EDGE ( 'NONE', *, *, #365, .F. ) ;
#5879 = VERTEX_POINT ( 'NONE', #1769 ) ;
#5880 = CARTESIAN_POINT ( 'NONE',  ( -15.68937042237545576, 22.89353571423245270, -5.349999999999999645 ) ) ;
#5881 = DIRECTION ( 'NONE',  ( 0.000000000000000000, 0.000000000000000000, 1.000000000000000000 ) ) ;
#5882 = FACE_OUTER_BOUND ( 'NONE', #1070, .T. ) ;
#5883 = CARTESIAN_POINT ( 'NONE',  ( 1.899999999999999023, 5.100000000000004086, 0.1000000000000000056 ) ) ;
#5884 = ORIENTED_EDGE ( 'NONE', *, *, #7410, .F. ) ;
#5885 = CARTESIAN_POINT ( 'NONE',  ( -25.23937042237544404, -1.369759897468786958E-15, -8.799999999999979394 ) ) ;
#5886 = DIRECTION ( 'NONE',  ( -0.000000000000000000, -0.000000000000000000, -1.000000000000000000 ) ) ;
#5887 = FILL_AREA_STYLE_COLOUR ( '', #6644 ) ;
#5888 = CYLINDRICAL_SURFACE ( 'NONE', #8250, 0.6500000000000000222 ) ;
#5889 = EDGE_CURVE ( 'NONE', #471, #1202, #8027, .T. ) ;
#5890 = ADVANCED_FACE ( 'NONE', ( #5513 ), #6751, .F. ) ;
#5891 = VERTEX_POINT ( 'NONE', #3547 ) ;
#5892 = VERTEX_POINT ( 'NONE', #335 ) ;
#5893 = CARTESIAN_POINT ( 'NONE',  ( -16.13937042237545683, 38.09353571423245910, 0.4500000000000001221 ) ) ;
#5894 = DIRECTION ( 'NONE',  ( 0.9999994735200916640, 0.000000000000000000, -0.001026138167771969935 ) ) ;
#5895 = DIRECTION ( 'NONE',  ( -0.8987940462991664825, 0.4383711467890785696, 1.385919228607421386E-14 ) ) ;
#5896 = EDGE_CURVE ( 'NONE', #6126, #8006, #5144, .T. ) ;
#5897 = PLANE ( 'NONE',  #4098 ) ;
#5898 = ORIENTED_EDGE ( 'NONE', *, *, #4147, .F. ) ;
#5899 = DIRECTION ( 'NONE',  ( -1.000000000000000000, -1.069174311192792905E-46, -1.849011083321077797E-31 ) ) ;
#5900 = ADVANCED_FACE ( 'NONE', ( #2497 ), #3127, .F. ) ;
#5901 = VERTEX_POINT ( 'NONE', #7641 ) ;
#5902 = DIRECTION ( 'NONE',  ( 0.000000000000000000, 1.000000000000000000, 0.000000000000000000 ) ) ;
#5903 = CARTESIAN_POINT ( 'NONE',  ( -1.749999999999999778, -7.560000000000002274, 1.800000000000000266 ) ) ;
#5904 = CARTESIAN_POINT ( 'NONE',  ( -25.77144432910364813, 20.31262316951115565, -6.165236756138536833 ) ) ;
#5905 = CARTESIAN_POINT ( 'NONE',  ( -4.410103077640644464, -5.950000000000001066, 2.100000000000000089 ) ) ;
#5906 = ORIENTED_EDGE ( 'NONE', *, *, #8287, .F. ) ;
#5907 = EDGE_CURVE ( 'NONE', #5744, #8242, #6959, .T. ) ;
#5908 = EDGE_CURVE ( 'NONE', #4718, #6220, #7090, .T. ) ;
#5909 = CARTESIAN_POINT ( 'NONE',  ( -25.73009664564568411, 20.39582636196003662, -7.028955536850413743 ) ) ;
#5910 = VERTEX_POINT ( 'NONE', #1894 ) ;
#5911 = DIRECTION ( 'NONE',  ( -0.000000000000000000, -1.000000000000000000, -0.000000000000000000 ) ) ;
#5912 = ORIENTED_EDGE ( 'NONE', *, *, #6407, .T. ) ;
#5913 = DIRECTION ( 'NONE',  ( 0.000000000000000000, 0.000000000000000000, 1.000000000000000000 ) ) ;
#5914 = DIRECTION ( 'NONE',  ( 0.000000000000000000, 1.000000000000000000, 0.000000000000000000 ) ) ;
#5915 = ORIENTED_EDGE ( 'NONE', *, *, #6381, .T. ) ;
#5916 = VECTOR ( 'NONE', #2513, 1000.000000000000000 ) ;
#5917 = EDGE_LOOP ( 'NONE', ( #4293, #1011, #7984, #2046 ) ) ;
#5918 = ORIENTED_EDGE ( 'NONE', *, *, #3995, .F. ) ;
#5919 = DIRECTION ( 'NONE',  ( 0.4383711467890784030, -0.8987940462991664825, 0.000000000000000000 ) ) ;
#5920 = CARTESIAN_POINT ( 'NONE',  ( -1.900000000000001910, 3.600000000000003642, 0.000000000000000000 ) ) ;
#5921 = DIRECTION ( 'NONE',  ( 1.251002506714043540E-16, 0.000000000000000000, -1.000000000000000000 ) ) ;
#5922 = CARTESIAN_POINT ( 'NONE',  ( -1.734723475976807094E-15, 0.4500000000000040079, 5.000000000000000000 ) ) ;
#5923 = ORIENTED_EDGE ( 'NONE', *, *, #4257, .F. ) ;
#5924 = DIRECTION ( 'NONE',  ( 1.000000000000000000, 0.000000000000000000, 0.000000000000000000 ) ) ;
#5925 = CARTESIAN_POINT ( 'NONE',  ( -16.45209168868604266, 20.99403537297251532, -5.349999999999986322 ) ) ;
#5926 = CARTESIAN_POINT ( 'NONE',  ( 0.000000000000000000, 0.9500000000000038414, 0.000000000000000000 ) ) ;
#5927 = CYLINDRICAL_SURFACE ( 'NONE', #1241, 0.3500000000000000333 ) ;
#5928 = AXIS2_PLACEMENT_3D ( 'NONE', #2263, #5346, #1507 ) ;
#5929 = ORIENTED_EDGE ( 'NONE', *, *, #3259, .T. ) ;
#5930 = VERTEX_POINT ( 'NONE', #6996 ) ;
#5931 = CARTESIAN_POINT ( 'NONE',  ( -3.400000000000001243, 0.9500000000000038414, 0.5000000000000000000 ) ) ;
#5932 = EDGE_CURVE ( 'NONE', #818, #77, #5572, .T. ) ;
#5933 = CARTESIAN_POINT ( 'NONE',  ( 0.000000000000000000, 15.89999999999999680, 0.000000000000000000 ) ) ;
#5934 = CONTEXT_DEPENDENT_SHAPE_REPRESENTATION ( #4874, #672 ) ;
#5935 = VECTOR ( 'NONE', #2649, 1000.000000000000000 ) ;
#5936 = DIRECTION ( 'NONE',  ( 1.000000000000000000, -1.495451272393799296E-16, 0.000000000000000000 ) ) ;
#5937 = LINE ( 'NONE', #151, #5011 ) ;
#5938 = DIRECTION ( 'NONE',  ( -0.000000000000000000, -1.000000000000000000, -0.000000000000000000 ) ) ;
#5939 = VERTEX_POINT ( 'NONE', #8317 ) ;
#5940 = FACE_OUTER_BOUND ( 'NONE', #4595, .T. ) ;
#5941 = EDGE_CURVE ( 'NONE', #1436, #6658, #5645, .T. ) ;
#5942 = ORIENTED_EDGE ( 'NONE', *, *, #4786, .T. ) ;
#5943 = CARTESIAN_POINT ( 'NONE',  ( -3.400000000000001688, 2.950000000000003286, 0.000000000000000000 ) ) ;
#5944 = VECTOR ( 'NONE', #7739, 1000.000000000000000 ) ;
#5945 = CARTESIAN_POINT ( 'NONE',  ( 1.370000000000000329, 13.90000000000000036, 3.349876971653937829 ) ) ;
#5946 = DIRECTION ( 'NONE',  ( 2.551063935260010491E-16, -1.000000000000000000, 2.891205793294675467E-15 ) ) ;
#5947 = PLANE ( 'NONE',  #974 ) ;
#5948 = VECTOR ( 'NONE', #2403, 1000.000000000000000 ) ;
#5949 = ORIENTED_EDGE ( 'NONE', *, *, #5487, .T. ) ;
#5950 = VERTEX_POINT ( 'NONE', #1142 ) ;
#5951 = CARTESIAN_POINT ( 'NONE',  ( -0.2999999999999993228, 16.69999999999999574, 1.500000000000000000 ) ) ;
#5952 = VECTOR ( 'NONE', #2652, 1000.000000000000000 ) ;
#5953 = ORIENTED_EDGE ( 'NONE', *, *, #2548, .F. ) ;
#5954 = VECTOR ( 'NONE', #4971, 1000.000000000000000 ) ;
#5955 = FACE_OUTER_BOUND ( 'NONE', #3521, .T. ) ;
#5956 = EDGE_CURVE ( 'NONE', #4668, #7651, #6244, .T. ) ;
#5957 = EDGE_CURVE ( 'NONE', #7489, #4949, #4511, .T. ) ;
#5958 = VECTOR ( 'NONE', #5238, 1000.000000000000000 ) ;
#5959 = ORIENTED_EDGE ( 'NONE', *, *, #4757, .T. ) ;
#5960 = AXIS2_PLACEMENT_3D ( 'NONE', #1304, #5068, #1768 ) ;
#5961 = EDGE_LOOP ( 'NONE', ( #3124, #5409, #1854, #7104, #2599 ) ) ;
#5962 = AXIS2_PLACEMENT_3D ( 'NONE', #286, #408, #8054 ) ;
#5963 = ORIENTED_EDGE ( 'NONE', *, *, #859, .T. ) ;
#5964 = CARTESIAN_POINT ( 'NONE',  ( -15.68937042237545576, 24.39353571423245626, 0.4500000000000001221 ) ) ;
#5965 = DIRECTION ( 'NONE',  ( -0.000000000000000000, -0.000000000000000000, -1.000000000000000000 ) ) ;
#5966 = CARTESIAN_POINT ( 'NONE',  ( -1.900000000000001910, 3.600000000000003642, 0.1000000000000000056 ) ) ;
#5967 = FACE_OUTER_BOUND ( 'NONE', #160, .T. ) ;
#5968 = ORIENTED_EDGE ( 'NONE', *, *, #155, .T. ) ;
#5969 = LINE ( 'NONE', #6693, #6745 ) ;
#5970 = CARTESIAN_POINT ( 'NONE',  ( -1.565936075841833697, 13.89999999999999858, -3.517150011924012887 ) ) ;
#5971 = CIRCLE ( 'NONE', #5424, 0.6000000000000001998 ) ;
#5972 = VECTOR ( 'NONE', #1855, 1000.000000000000000 ) ;
#5973 = DIRECTION ( 'NONE',  ( -0.4450259648305218141, 0.8955176662839562374, 0.000000000000000000 ) ) ;
#5974 = VECTOR ( 'NONE', #613, 1000.000000000000114 ) ;
#5975 = AXIS2_PLACEMENT_3D ( 'NONE', #2298, #4878, #4927 ) ;
#5976 = ORIENTED_EDGE ( 'NONE', *, *, #2203, .F. ) ;
#5977 = AXIS2_PLACEMENT_3D ( 'NONE', #3789, #8306, #2522 ) ;
#5978 = CIRCLE ( 'NONE', #3005, 0.6999999999999992895 ) ;
#5979 = EDGE_LOOP ( 'NONE', ( #229, #1225, #2427, #921 ) ) ;
#5980 = LINE ( 'NONE', #7332, #5171 ) ;
#5981 = VECTOR ( 'NONE', #3733, 1000.000000000000000 ) ;
#5982 = DIRECTION ( 'NONE',  ( 0.6018150231520500437, -0.7986355100472914970, 0.000000000000000000 ) ) ;
#5983 = DIRECTION ( 'NONE',  ( 0.000000000000000000, 0.000000000000000000, -1.000000000000000000 ) ) ;
#5984 = VECTOR ( 'NONE', #3742, 1000.000000000000000 ) ;
#5985 = FACE_BOUND ( 'NONE', #7107, .T. ) ;
#5986 = ORIENTED_EDGE ( 'NONE', *, *, #2837, .T. ) ;
#5987 = VECTOR ( 'NONE', #2873, 1000.000000000000000 ) ;
#5988 = LINE ( 'NONE', #204, #551 ) ;
#5989 = DIRECTION ( 'NONE',  ( 0.000000000000000000, 0.000000000000000000, -1.000000000000000000 ) ) ;
#5990 = CARTESIAN_POINT ( 'NONE',  ( -24.95407293565522622, 21.85027710540992629, -7.349999999999920597 ) ) ;
#5991 = DIRECTION ( 'NONE',  ( 0.000000000000000000, -1.000000000000000000, 0.000000000000000000 ) ) ;
#5992 = DIRECTION ( 'NONE',  ( 3.197646960325911531E-16, 1.000000000000000000, 0.000000000000000000 ) ) ;
#5993 = CARTESIAN_POINT ( 'NONE',  ( -1.479999999999997540, 16.49999999999999645, 0.8499999999999999778 ) ) ;
#5994 = FACE_OUTER_BOUND ( 'NONE', #4746, .T. ) ;
#5995 = EDGE_CURVE ( 'NONE', #3608, #88, #4478, .T. ) ;
#5996 = ADVANCED_FACE ( 'NONE', ( #600 ), #7041, .F. ) ;
#5997 = EDGE_LOOP ( 'NONE', ( #3568, #709, #1042, #511 ) ) ;
#5998 = EDGE_LOOP ( 'NONE', ( #1145, #1868, #1958, #4893 ) ) ;
#5999 = CARTESIAN_POINT ( 'NONE',  ( -15.68937042237545931, 38.44353571423245342, 0.04999999999999996808 ) ) ;
#6000 = VERTEX_POINT ( 'NONE', #6286 ) ;
#6001 = EDGE_CURVE ( 'NONE', #4630, #113, #4526, .T. ) ;
#6002 = EDGE_LOOP ( 'NONE', ( #2636, #7797, #4666, #5173, #5083, #8269, #3500, #4788 ) ) ;
#6003 = ORIENTED_EDGE ( 'NONE', *, *, #4968, .T. ) ;
#6004 =( LENGTH_UNIT ( ) NAMED_UNIT ( * ) SI_UNIT ( .MILLI., .METRE. ) );
#6005 = DIRECTION ( 'NONE',  ( -1.000000000000000000, 0.000000000000000000, 0.000000000000000000 ) ) ;
#6006 = CARTESIAN_POINT ( 'NONE',  ( -0.0008203932499368550568, 16.69999999999999574, 1.279727070297659203E-17 ) ) ;
#6007 = DIRECTION ( 'NONE',  ( 0.5142627263715359165, 0.000000000000000000, -0.8576327000907292275 ) ) ;
#6008 = EDGE_CURVE ( 'NONE', #817, #4008, #1819, .T. ) ;
#6009 = EDGE_CURVE ( 'NONE', #2517, #3329, #6521, .T. ) ;
#6010 = ORIENTED_EDGE ( 'NONE', *, *, #7483, .F. ) ;
#6011 = CARTESIAN_POINT ( 'NONE',  ( -24.97039759240871604, 21.92455496882226385, -7.349999999999910827 ) ) ;
#6012 = DIRECTION ( 'NONE',  ( -3.197646960325910545E-16, -1.000000000000000000, 0.000000000000000000 ) ) ;
#6013 = DIRECTION ( 'NONE',  ( 1.000000000000000000, 0.000000000000000000, 0.000000000000000000 ) ) ;
#6014 = LINE ( 'NONE', #7648, #7854 ) ;
#6015 = ORIENTED_EDGE ( 'NONE', *, *, #3297, .F. ) ;
#6016 = VERTEX_POINT ( 'NONE', #5767 ) ;
#6017 = DIRECTION ( 'NONE',  ( -0.000000000000000000, -1.000000000000000000, -0.000000000000000000 ) ) ;
#6018 = ADVANCED_FACE ( 'NONE', ( #8350 ), #1945, .T. ) ;
#6019 = EDGE_CURVE ( 'NONE', #6356, #416, #4286, .T. ) ;
#6020 = CARTESIAN_POINT ( 'NONE',  ( -25.23937042237556128, 22.89353571423245270, -7.349999999999917044 ) ) ;
#6021 = CARTESIAN_POINT ( 'NONE',  ( -25.68937042237543977, 38.44353571423246052, 0.4500000000000001221 ) ) ;
#6022 = DIRECTION ( 'NONE',  ( 0.000000000000000000, 0.000000000000000000, -1.000000000000000000 ) ) ;
#6023 = LINE ( 'NONE', #282, #5987 ) ;
#6024 = ORIENTED_EDGE ( 'NONE', *, *, #276, .T. ) ;
#6025 = DIRECTION ( 'NONE',  ( 0.000000000000000000, 1.000000000000000000, 0.000000000000000000 ) ) ;
#6026 = ORIENTED_EDGE ( 'NONE', *, *, #5148, .F. ) ;
#6027 = DIRECTION ( 'NONE',  ( 0.000000000000000000, -1.000000000000000000, 0.000000000000000000 ) ) ;
#6028 = CARTESIAN_POINT ( 'NONE',  ( 3.250000000000000888, -5.950000000000000178, 1.800000000000000266 ) ) ;
#6029 = CARTESIAN_POINT ( 'NONE',  ( 0.000000000000000000, 15.19999999999999751, -0.5047000102205828620 ) ) ;
#6030 = ORIENTED_EDGE ( 'NONE', *, *, #7411, .T. ) ;
#6031 = ORIENTED_EDGE ( 'NONE', *, *, #7538, .F. ) ;
#6032 = CARTESIAN_POINT ( 'NONE',  ( 4.399999999999998579, -4.200000000000000178, 0.1000000000000000888 ) ) ;
#6033 = EDGE_CURVE ( 'NONE', #954, #1, #3611, .T. ) ;
#6034 = CARTESIAN_POINT ( 'NONE',  ( 0.4999999999999987232, 0.9500000000000040634, 0.5000000000000000000 ) ) ;
#6035 = EDGE_LOOP ( 'NONE', ( #5403, #7789, #521, #3241 ) ) ;
#6036 = DIRECTION ( 'NONE',  ( 0.000000000000000000, 0.000000000000000000, 1.000000000000000000 ) ) ;
#6037 = VERTEX_POINT ( 'NONE', #4880 ) ;
#6038 = VERTEX_POINT ( 'NONE', #5467 ) ;
#6039 = EDGE_CURVE ( 'NONE', #1046, #3352, #6818, .T. ) ;
#6040 = CARTESIAN_POINT ( 'NONE',  ( -25.36502030285419806, 20.09524132667343821, -6.412032947622250845 ) ) ;
#6041 = PLANE ( 'NONE',  #7203 ) ;
#6042 = DIRECTION ( 'NONE',  ( 0.000000000000000000, 0.000000000000000000, -1.000000000000000000 ) ) ;
#6043 = DIRECTION ( 'NONE',  ( 1.000000000000000000, 0.000000000000000000, 0.000000000000000000 ) ) ;
#6044 = EDGE_LOOP ( 'NONE', ( #1492, #6807, #7918, #1078 ) ) ;
#6045 = CARTESIAN_POINT ( 'NONE',  ( -17.33937042237545256, 37.79353571423245484, -5.350000000000003197 ) ) ;
#6046 = FACE_OUTER_BOUND ( 'NONE', #1047, .T. ) ;
#6047 =( NAMED_UNIT ( * ) PLANE_ANGLE_UNIT ( ) SI_UNIT ( $, .RADIAN. ) );
#6048 = DIRECTION ( 'NONE',  ( 0.4383711467890786806, -0.8987940462991664825, 0.000000000000000000 ) ) ;
#6049 = TOROIDAL_SURFACE ( 'NONE', #5779, 0.1500000000000000777, 0.1999999999999994282 ) ;
#6050 = ORIENTED_EDGE ( 'NONE', *, *, #8217, .F. ) ;
#6051 = EDGE_CURVE ( 'NONE', #1278, #7425, #7497, .T. ) ;
#6052 = ORIENTED_EDGE ( 'NONE', *, *, #1668, .F. ) ;
#6053 = CARTESIAN_POINT ( 'NONE',  ( 1.479999999999999982, 16.69999999999999574, 0.8499999999999999778 ) ) ;
#6054 = CARTESIAN_POINT ( 'NONE',  ( 0.6700000000000000400, 16.69999999999999574, 0.5999999999999998668 ) ) ;
#6055 = CARTESIAN_POINT ( 'NONE',  ( 0.000000000000000000, 39.29353571423244773, 0.4500000000000001221 ) ) ;
#6056 = PLANE ( 'NONE',  #5812 ) ;
#6057 = VECTOR ( 'NONE', #6273, 1000.000000000000000 ) ;
#6058 = EDGE_LOOP ( 'NONE', ( #2969, #6994, #5333, #1335, #6030, #1528 ) ) ;
#6059 = AXIS2_PLACEMENT_3D ( 'NONE', #2114, #5350, #3460 ) ;
#6060 = ADVANCED_FACE ( 'NONE', ( #1122 ), #2352, .F. ) ;
#6061 = ADVANCED_FACE ( 'NONE', ( #994 ), #7409, .T. ) ;
#6062 = DIRECTION ( 'NONE',  ( 0.000000000000000000, 0.000000000000000000, 1.000000000000000000 ) ) ;
#6063 = VECTOR ( 'NONE', #3788, 1000.000000000000000 ) ;
#6064 = CYLINDRICAL_SURFACE ( 'NONE', #1553, 4.099999999999999645 ) ;
#6065 = ORIENTED_EDGE ( 'NONE', *, *, #2582, .T. ) ;
#6066 = ORIENTED_EDGE ( 'NONE', *, *, #7509, .T. ) ;
#6067 = DIRECTION ( 'NONE',  ( 0.000000000000000000, 0.000000000000000000, -1.000000000000000000 ) ) ;
#6068 = LINE ( 'NONE', #2881, #1522 ) ;
#6069 = LINE ( 'NONE', #4977, #4905 ) ;
#6070 = AXIS2_PLACEMENT_3D ( 'NONE', #52, #7145, #5667 ) ;
#6071 = ORIENTED_EDGE ( 'NONE', *, *, #1940, .F. ) ;
#6072 = VERTEX_POINT ( 'NONE', #2912 ) ;
#6073 = VECTOR ( 'NONE', #2600, 1000.000000000000000 ) ;
#6074 = CARTESIAN_POINT ( 'NONE',  ( 3.250000000000001332, 0.000000000000000000, 2.100000000000000089 ) ) ;
#6075 = ORIENTED_EDGE ( 'NONE', *, *, #7236, .T. ) ;
#6076 = CARTESIAN_POINT ( 'NONE',  ( -15.68937042237545931, 38.44353571423245342, 0.4500000000000001221 ) ) ;
#6077 = AXIS2_PLACEMENT_3D ( 'NONE', #1036, #4885, #7458 ) ;
#6078 = DIRECTION ( 'NONE',  ( 1.000000000000000000, 1.781189283369042886E-15, 0.000000000000000000 ) ) ;
#6079 = ADVANCED_FACE ( 'NONE', ( #1030 ), #6169, .F. ) ;
#6080 = EDGE_LOOP ( 'NONE', ( #5836, #7349, #4960, #4902 ) ) ;
#6081 = CIRCLE ( 'NONE', #7849, 0.8000000000000003775 ) ;
#6082 = VERTEX_POINT ( 'NONE', #1710 ) ;
#6083 = CARTESIAN_POINT ( 'NONE',  ( -1.090871211463572132, 0.9500000000000040634, 0.5000000000000000000 ) ) ;
#6084 = CARTESIAN_POINT ( 'NONE',  ( -25.23937042237551154, 22.89353571423243494, -7.349999999999972999 ) ) ;
#6085 = FACE_OUTER_BOUND ( 'NONE', #7296, .T. ) ;
#6086 = DIRECTION ( 'NONE',  ( 1.000000000000000000, 0.000000000000000000, 0.000000000000000000 ) ) ;
#6087 = ORIENTED_EDGE ( 'NONE', *, *, #4833, .F. ) ;
#6088 = LINE ( 'NONE', #7364, #267 ) ;
#6089 = DIRECTION ( 'NONE',  ( 0.000000000000000000, 1.000000000000000000, 0.000000000000000000 ) ) ;
#6090 = LINE ( 'NONE', #4834, #1782 ) ;
#6091 = VECTOR ( 'NONE', #646, 1000.000000000000000 ) ;
#6092 = EDGE_CURVE ( 'NONE', #3341, #8309, #496, .T. ) ;
#6093 = ADVANCED_FACE ( 'NONE', ( #5592 ), #1628, .T. ) ;
#6094 = ORIENTED_EDGE ( 'NONE', *, *, #7392, .F. ) ;
#6095 = COLOUR_RGB ( '',0.7921568627450980005, 0.8196078431372548767, 0.9333333333333333481 ) ;
#6096 = ORIENTED_EDGE ( 'NONE', *, *, #4857, .T. ) ;
#6097 = DIRECTION ( 'NONE',  ( 1.000000000000000000, 0.000000000000000000, 0.000000000000000000 ) ) ;
#6098 = VECTOR ( 'NONE', #3753, 1000.000000000000000 ) ;
#6099 = CIRCLE ( 'NONE', #6778, 1.199999999999999734 ) ;
#6100 = CARTESIAN_POINT ( 'NONE',  ( -0.7967663502707700296, 16.69999999999999574, -1.604700010220583728 ) ) ;
#6101 = AXIS2_PLACEMENT_3D ( 'NONE', #4613, #1444, #7814 ) ;
#6102 = LINE ( 'NONE', #4209, #2862 ) ;
#6103 = VECTOR ( 'NONE', #4679, 1000.000000000000000 ) ;
#6104 = AXIS2_PLACEMENT_3D ( 'NONE', #2850, #6689, #221 ) ;
#6105 = CIRCLE ( 'NONE', #3978, 0.1500000000000000777 ) ;
#6106 = CARTESIAN_POINT ( 'NONE',  ( 1.479999999999999982, 16.69999999999999574, 0.4999999999999998890 ) ) ;
#6107 = AXIS2_PLACEMENT_3D ( 'NONE', #3366, #4685, #7408 ) ;
#6108 = FACE_OUTER_BOUND ( 'NONE', #6848, .T. ) ;
#6109 = ORIENTED_EDGE ( 'NONE', *, *, #682, .T. ) ;
#6110 = EDGE_CURVE ( 'NONE', #3401, #6295, #2393, .T. ) ;
#6111 = ORIENTED_EDGE ( 'NONE', *, *, #2933, .F. ) ;
#6112 = ADVANCED_FACE ( 'NONE', ( #5630 ), #358, .F. ) ;
#6113 = DIRECTION ( 'NONE',  ( 1.000000000000000000, 0.000000000000000000, 0.000000000000000000 ) ) ;
#6114 = CARTESIAN_POINT ( 'NONE',  ( -5.421010862427522170E-16, 0.4500000000000033418, 0.5000000000000000000 ) ) ;
#6115 = CIRCLE ( 'NONE', #7610, 0.6500000000000012434 ) ;
#6116 = CARTESIAN_POINT ( 'NONE',  ( -0.5000000000000017764, 0.9500000000000040634, 0.5000000000000000000 ) ) ;
#6117 = ORIENTED_EDGE ( 'NONE', *, *, #8101, .F. ) ;
#6118 = ORIENTED_EDGE ( 'NONE', *, *, #4269, .T. ) ;
#6119 = ORIENTED_EDGE ( 'NONE', *, *, #430, .T. ) ;
#6120 = AXIS2_PLACEMENT_3D ( 'NONE', #2956, #4891, #5020 ) ;
#6121 = CARTESIAN_POINT ( 'NONE',  ( -4.400000000000002132, 0.000000000000000000, 0.1000000000000000056 ) ) ;
#6122 = ORIENTED_EDGE ( 'NONE', *, *, #8167, .F. ) ;
#6123 = ADVANCED_FACE ( 'NONE', ( #6945 ), #1168, .F. ) ;
#6124 = CARTESIAN_POINT ( 'NONE',  ( -17.33937042237544901, 29.34353571423245199, -4.900000000000003020 ) ) ;
#6125 = ORIENTED_EDGE ( 'NONE', *, *, #6416, .F. ) ;
#6126 = VERTEX_POINT ( 'NONE', #5412 ) ;
#6127 = CARTESIAN_POINT ( 'NONE',  ( -3.600000000000001421, 5.950000000000002842, 0.000000000000000000 ) ) ;
#6128 = CARTESIAN_POINT ( 'NONE',  ( 3.649999999999998135, -3.750000000000000000, 5.000000000000000000 ) ) ;
#6129 = CARTESIAN_POINT ( 'NONE',  ( 0.000000000000000000, 0.4999999999881765689, 0.000000000000000000 ) ) ;
#6130 = LINE ( 'NONE', #6260, #4518 ) ;
#6131 = ORIENTED_EDGE ( 'NONE', *, *, #8298, .F. ) ;
#6132 = FACE_BOUND ( 'NONE', #4344, .T. ) ;
#6133 = CYLINDRICAL_SURFACE ( 'NONE', #7459, 1.199999999999993072 ) ;
#6134 = ORIENTED_EDGE ( 'NONE', *, *, #6416, .T. ) ;
#6135 = ORIENTED_EDGE ( 'NONE', *, *, #3995, .T. ) ;
#6136 = CARTESIAN_POINT ( 'NONE',  ( -16.13937042237544972, 24.39353571423245626, -5.350000000000000533 ) ) ;
#6137 = DIRECTION ( 'NONE',  ( 1.000000000000000000, 0.000000000000000000, 0.000000000000000000 ) ) ;
#6138 = EDGE_CURVE ( 'NONE', #5619, #4488, #187, .T. ) ;
#6139 = FACE_BOUND ( 'NONE', #283, .T. ) ;
#6140 = PLANE ( 'NONE',  #570 ) ;
#6141 = CARTESIAN_POINT ( 'NONE',  ( 2.900000000000000355, -7.560000000000000497, 2.100000000000000089 ) ) ;
#6142 = EDGE_CURVE ( 'NONE', #5378, #93, #457, .T. ) ;
#6143 = LINE ( 'NONE', #4576, #1141 ) ;
#6144 = ORIENTED_EDGE ( 'NONE', *, *, #2387, .T. ) ;
#6145 = ORIENTED_EDGE ( 'NONE', *, *, #1324, .F. ) ;
#6146 = DIRECTION ( 'NONE',  ( 1.355252715606880296E-16, -1.000000000000000000, 0.000000000000000000 ) ) ;
#6147 = CARTESIAN_POINT ( 'NONE',  ( -25.23937042237544048, 38.44353571423246052, -4.900000000000003020 ) ) ;
#6148 = DIRECTION ( 'NONE',  ( -1.000000000000000000, 0.000000000000000000, 0.000000000000000000 ) ) ;
#6149 = ORIENTED_EDGE ( 'NONE', *, *, #6110, .F. ) ;
#6150 = ORIENTED_EDGE ( 'NONE', *, *, #7905, .F. ) ;
#6151 = EDGE_CURVE ( 'NONE', #1153, #1415, #2483, .T. ) ;
#6152 = ORIENTED_EDGE ( 'NONE', *, *, #7037, .T. ) ;
#6153 = DIRECTION ( 'NONE',  ( 1.000000000000000000, -7.631935050290667259E-47, -1.319853306186428452E-31 ) ) ;
#6154 = ORIENTED_EDGE ( 'NONE', *, *, #3258, .F. ) ;
#6155 = CARTESIAN_POINT ( 'NONE',  ( 1.565936075841833697, 13.89999999999999858, -3.517150011924013331 ) ) ;
#6156 = ADVANCED_FACE ( 'NONE', ( #5882 ), #1547, .T. ) ;
#6157 = EDGE_CURVE ( 'NONE', #7387, #5930, #3393, .T. ) ;
#6158 = ORIENTED_EDGE ( 'NONE', *, *, #6963, .F. ) ;
#6159 = VERTEX_POINT ( 'NONE', #821 ) ;
#6160 = FACE_OUTER_BOUND ( 'NONE', #6552, .T. ) ;
#6161 = DIRECTION ( 'NONE',  ( 0.000000000000000000, 0.000000000000000000, 1.000000000000000000 ) ) ;
#6162 = DIRECTION ( 'NONE',  ( 0.000000000000000000, 1.000000000000000000, 0.000000000000000000 ) ) ;
#6163 = EDGE_LOOP ( 'NONE', ( #6196, #5731, #4573, #2498 ) ) ;
#6164 = DIRECTION ( 'NONE',  ( -0.000000000000000000, -0.000000000000000000, -1.000000000000000000 ) ) ;
#6165 = CARTESIAN_POINT ( 'NONE',  ( -0.4000000000000000222, -7.560000000000000497, 1.800000000000000711 ) ) ;
#6166 = ORIENTED_EDGE ( 'NONE', *, *, #6321, .T. ) ;
#6167 = VERTEX_POINT ( 'NONE', #3444 ) ;
#6168 = CARTESIAN_POINT ( 'NONE',  ( 3.673940397442060361E-16, 13.50000000000000000, 3.000000000000000444 ) ) ;
#6169 = CYLINDRICAL_SURFACE ( 'NONE', #2345, 3.050000000000000711 ) ;
#6170 = LINE ( 'NONE', #2394, #6384 ) ;
#6171 = CARTESIAN_POINT ( 'NONE',  ( -3.600000000000001421, -5.950000000000000178, 5.000000000000000000 ) ) ;
#6172 = LINE ( 'NONE', #2823, #4203 ) ;
#6173 = ORIENTED_EDGE ( 'NONE', *, *, #8264, .T. ) ;
#6174 = ADVANCED_FACE ( 'NONE', ( #2776 ), #4037, .F. ) ;
#6175 = AXIS2_PLACEMENT_3D ( 'NONE', #8190, #5734, #6288 ) ;
#6176 = DIRECTION ( 'NONE',  ( 3.197646960325911531E-16, 1.000000000000000000, 0.000000000000000000 ) ) ;
#6177 = DIRECTION ( 'NONE',  ( 1.000000000000000000, -1.084202172485504434E-16, 0.000000000000000000 ) ) ;
#6178 =( NAMED_UNIT ( * ) SI_UNIT ( $, .STERADIAN. ) SOLID_ANGLE_UNIT ( ) );
#6179 = FACE_OUTER_BOUND ( 'NONE', #2509, .T. ) ;
#6180 = VERTEX_POINT ( 'NONE', #4675 ) ;
#6181 = EDGE_LOOP ( 'NONE', ( #1152, #1857, #4800, #79 ) ) ;
#6182 = LINE ( 'NONE', #5477, #7859 ) ;
#6183 = DIRECTION ( 'NONE',  ( 3.197646960325911531E-16, 1.000000000000000000, 0.000000000000000000 ) ) ;
#6184 = FACE_OUTER_BOUND ( 'NONE', #6960, .T. ) ;
#6185 = VERTEX_POINT ( 'NONE', #866 ) ;
#6186 = EDGE_CURVE ( 'NONE', #1191, #1288, #7334, .T. ) ;
#6187 = VECTOR ( 'NONE', #498, 1000.000000000000000 ) ;
#6188 = ORIENTED_EDGE ( 'NONE', *, *, #840, .T. ) ;
#6189 = FACE_OUTER_BOUND ( 'NONE', #1747, .T. ) ;
#6190 = ORIENTED_EDGE ( 'NONE', *, *, #7799, .T. ) ;
#6191 = DIRECTION ( 'NONE',  ( -0.000000000000000000, -1.000000000000000000, -0.000000000000000000 ) ) ;
#6192 = ORIENTED_EDGE ( 'NONE', *, *, #1624, .F. ) ;
#6193 = AXIS2_PLACEMENT_3D ( 'NONE', #3957, #5720, #7708 ) ;
#6194 = CARTESIAN_POINT ( 'NONE',  ( -0.4999999999999997780, 16.49999999999999289, 1.500000000000000000 ) ) ;
#6195 = CARTESIAN_POINT ( 'NONE',  ( -16.98937042237545469, 29.69353571423244986, 0.4500000000000001221 ) ) ;
#6196 = ORIENTED_EDGE ( 'NONE', *, *, #6756, .F. ) ;
#6197 = ORIENTED_EDGE ( 'NONE', *, *, #6632, .T. ) ;
#6198 = SURFACE_STYLE_USAGE ( .BOTH. , #8291 ) ;
#6199 = DIRECTION ( 'NONE',  ( -0.000000000000000000, -0.000000000000000000, -1.000000000000000000 ) ) ;
#6200 = CARTESIAN_POINT ( 'NONE',  ( -25.68937042237544333, 27.59353571423245555, 0.4500000000000001221 ) ) ;
#6201 = CARTESIAN_POINT ( 'NONE',  ( -4.400000000000002132, -5.150000000000000355, 5.000000000000000000 ) ) ;
#6202 = APPLICATION_CONTEXT ( 'automotive_design' ) ;
#6203 = ORIENTED_EDGE ( 'NONE', *, *, #3593, .F. ) ;
#6204 = FACE_BOUND ( 'NONE', #345, .T. ) ;
#6205 = DIRECTION ( 'NONE',  ( -1.232047923278981953E-16, 1.000000000000000000, 0.000000000000000000 ) ) ;
#6206 = EDGE_CURVE ( 'NONE', #3349, #6470, #2811, .T. ) ;
#6207 = ADVANCED_FACE ( 'NONE', ( #2051 ), #7318, .T. ) ;
#6208 = AXIS2_PLACEMENT_3D ( 'NONE', #1419, #3274, #2684 ) ;
#6209 = ORIENTED_EDGE ( 'NONE', *, *, #2500, .F. ) ;
#6210 = AXIS2_PLACEMENT_3D ( 'NONE', #6446, #835, #25 ) ;
#6211 = VERTEX_POINT ( 'NONE', #5336 ) ;
#6212 = ORIENTED_EDGE ( 'NONE', *, *, #5233, .F. ) ;
#6213 = DIRECTION ( 'NONE',  ( -2.282530889443169980E-16, -1.000000000000000000, 0.000000000000000000 ) ) ;
#6214 = PRODUCT_DEFINITION_FORMATION_WITH_SPECIFIED_SOURCE ( 'ANY', '', #2953, .NOT_KNOWN. ) ;
#6215 = FACE_BOUND ( 'NONE', #2921, .T. ) ;
#6216 = CARTESIAN_POINT ( 'NONE',  ( -0.4500000000000001221, 0.4500000000000040079, 2.500000000000000000 ) ) ;
#6217 = AXIS2_PLACEMENT_3D ( 'NONE', #4967, #4932, #2357 ) ;
#6218 = CARTESIAN_POINT ( 'NONE',  ( -1.734723475976807094E-15, 0.4500000000000040079, 2.500000000000000000 ) ) ;
#6219 = EDGE_CURVE ( 'NONE', #3798, #3599, #2098, .T. ) ;
#6220 = VERTEX_POINT ( 'NONE', #7916 ) ;
#6221 = VECTOR ( 'NONE', #3508, 1000.000000000000000 ) ;
#6222 = VECTOR ( 'NONE', #5766, 1000.000000000000000 ) ;
#6223 = DIRECTION ( 'NONE',  ( -0.000000000000000000, -0.000000000000000000, -1.000000000000000000 ) ) ;
#6224 = DIRECTION ( 'NONE',  ( 0.000000000000000000, 1.000000000000000000, 0.000000000000000000 ) ) ;
#6225 = AXIS2_PLACEMENT_3D ( 'NONE', #1900, #6926, #5035 ) ;
#6226 = CARTESIAN_POINT ( 'NONE',  ( 0.000000000000000000, 13.50000000000000000, 0.000000000000000000 ) ) ;
#6227 = EDGE_LOOP ( 'NONE', ( #4109, #4308, #1067, #1799, #7873, #2115, #4177, #5250 ) ) ;
#6228 = LINE ( 'NONE', #5604, #5948 ) ;
#6229 = EDGE_CURVE ( 'NONE', #5892, #5548, #2169, .T. ) ;
#6230 = CARTESIAN_POINT ( 'NONE',  ( -18.38937042237545327, 29.69353571423244986, 0.4500000000000001221 ) ) ;
#6231 = AXIS2_PLACEMENT_3D ( 'NONE', #8355, #1187, #557 ) ;
#6232 = AXIS2_PLACEMENT_3D ( 'NONE', #6398, #6307, #578 ) ;
#6233 = LINE ( 'NONE', #3626, #6640 ) ;
#6234 = CARTESIAN_POINT ( 'NONE',  ( -15.82088514132990298, 20.74242368168774675, -7.349999999999989875 ) ) ;
#6235 = VERTEX_POINT ( 'NONE', #7240 ) ;
#6236 = MECHANICAL_DESIGN_GEOMETRIC_PRESENTATION_REPRESENTATION (  '', ( #590 ), #5427 ) ;
#6237 = VECTOR ( 'NONE', #6017, 1000.000000000000000 ) ;
#6238 = ORIENTED_EDGE ( 'NONE', *, *, #4816, .T. ) ;
#6239 = PLANE ( 'NONE',  #4304 ) ;
#6240 = ORIENTED_EDGE ( 'NONE', *, *, #6312, .T. ) ;
#6241 = AXIS2_PLACEMENT_3D ( 'NONE', #2650, #3958, #786 ) ;
#6242 = AXIS2_PLACEMENT_3D ( 'NONE', #5847, #7706, #1877 ) ;
#6243 = DIRECTION ( 'NONE',  ( 0.000000000000000000, 1.000000000000000000, 0.000000000000000000 ) ) ;
#6244 = CIRCLE ( 'NONE', #2759, 3.500000000000000000 ) ;
#6245 = ORIENTED_EDGE ( 'NONE', *, *, #1272, .F. ) ;
#6246 = EDGE_CURVE ( 'NONE', #257, #2771, #4001, .T. ) ;
#6247 = EDGE_CURVE ( 'NONE', #4032, #2157, #2889, .T. ) ;
#6248 = VECTOR ( 'NONE', #995, 1000.000000000000114 ) ;
#6249 = DIRECTION ( 'NONE',  ( -3.197646960325912517E-16, 1.000000000000000000, 0.000000000000000000 ) ) ;
#6250 = ADVANCED_FACE ( 'NONE', ( #3480 ), #1812, .T. ) ;
#6251 = DIRECTION ( 'NONE',  ( -3.197646960325912517E-16, 1.000000000000000000, 0.000000000000000000 ) ) ;
#6252 = LINE ( 'NONE', #6842, #41 ) ;
#6253 = VECTOR ( 'NONE', #3264, 1000.000000000000000 ) ;
#6254 = AXIS2_PLACEMENT_3D ( 'NONE', #306, #2901, #8036 ) ;
#6255 = ORIENTED_EDGE ( 'NONE', *, *, #1527, .F. ) ;
#6256 = ORIENTED_EDGE ( 'NONE', *, *, #1652, .T. ) ;
#6257 = CARTESIAN_POINT ( 'NONE',  ( 0.000000000000000000, 3.600000000000004086, 0.000000000000000000 ) ) ;
#6258 = CARTESIAN_POINT ( 'NONE',  ( 0.7500000000000002220, -7.560000000000000497, 2.100000000000000089 ) ) ;
#6259 = DIRECTION ( 'NONE',  ( 1.156482317317870029E-14, -1.000000000000000000, 0.000000000000000000 ) ) ;
#6260 = CARTESIAN_POINT ( 'NONE',  ( -25.68937042237544333, 27.39353571423245626, 0.4500000000000001221 ) ) ;
#6261 = VERTEX_POINT ( 'NONE', #3019 ) ;
#6262 = ADVANCED_FACE ( 'NONE', ( #4866 ), #1659, .T. ) ;
#6263 = FACE_OUTER_BOUND ( 'NONE', #5863, .T. ) ;
#6264 = DIRECTION ( 'NONE',  ( -0.000000000000000000, -1.000000000000000000, -0.000000000000000000 ) ) ;
#6265 = DIRECTION ( 'NONE',  ( 1.000000000000000000, 0.000000000000000000, 0.000000000000000000 ) ) ;
#6266 = ORIENTED_EDGE ( 'NONE', *, *, #6862, .F. ) ;
#6267 = ORIENTED_EDGE ( 'NONE', *, *, #2231, .T. ) ;
#6268 = EDGE_CURVE ( 'NONE', #8290, #4032, #2337, .T. ) ;
#6269 = ORIENTED_EDGE ( 'NONE', *, *, #3368, .F. ) ;
#6270 = DIRECTION ( 'NONE',  ( 1.000000000000000000, -2.282530889443169980E-16, 0.000000000000000000 ) ) ;
#6271 = CARTESIAN_POINT ( 'NONE',  ( -0.7500000000000000000, -7.560000000000000497, 1.800000000000000711 ) ) ;
#6272 = DIRECTION ( 'NONE',  ( -1.000000000000000000, 0.000000000000000000, 0.000000000000000000 ) ) ;
#6273 = DIRECTION ( 'NONE',  ( 0.000000000000000000, -1.000000000000000000, 0.000000000000000000 ) ) ;
#6274 = CARTESIAN_POINT ( 'NONE',  ( -1.342230922150143391, 13.89999999999999858, -3.014700010220582538 ) ) ;
#6275 = CARTESIAN_POINT ( 'NONE',  ( -2.900000000000000355, -7.560000000000001386, 2.100000000000000089 ) ) ;
#6276 = ORIENTED_EDGE ( 'NONE', *, *, #2432, .T. ) ;
#6277 = EDGE_CURVE ( 'NONE', #4323, #5710, #6105, .T. ) ;
#6278 = ADVANCED_FACE ( 'NONE', ( #934 ), #6767, .T. ) ;
#6279 = CARTESIAN_POINT ( 'NONE',  ( -17.33937042237545256, 37.79353571423245484, -5.350000000000003197 ) ) ;
#6280 = DIRECTION ( 'NONE',  ( 0.000000000000000000, 1.000000000000000000, 0.000000000000000000 ) ) ;
#6281 = APPLICATION_PROTOCOL_DEFINITION ( 'draft international standard', 'automotive_design', 1998, #2021 ) ;
#6282 = LINE ( 'NONE', #6864, #2496 ) ;
#6283 = EDGE_LOOP ( 'NONE', ( #2596, #239, #4329, #3268 ) ) ;
#6284 = ORIENTED_EDGE ( 'NONE', *, *, #3033, .F. ) ;
#6285 = DIRECTION ( 'NONE',  ( 0.000000000000000000, -1.000000000000000000, 0.000000000000000000 ) ) ;
#6286 = CARTESIAN_POINT ( 'NONE',  ( -17.33937042237545256, 38.44353571423245342, -4.900000000000003020 ) ) ;
#6287 = VERTEX_POINT ( 'NONE', #7441 ) ;
#6288 = DIRECTION ( 'NONE',  ( 0.5147285590694852253, 0.000000000000000000, 0.8573532005412071166 ) ) ;
#6289 = VERTEX_POINT ( 'NONE', #4321 ) ;
#6290 = PLANE ( 'NONE',  #6391 ) ;
#6291 = CARTESIAN_POINT ( 'NONE',  ( -2.100000000000000089, -7.560000000000001386, 1.800000000000000266 ) ) ;
#6292 = CARTESIAN_POINT ( 'NONE',  ( -17.33937042237545612, 39.29353571423244773, 0.000000000000000000 ) ) ;
#6293 = EDGE_CURVE ( 'NONE', #6594, #6566, #8146, .T. ) ;
#6294 = ORIENTED_EDGE ( 'NONE', *, *, #1239, .T. ) ;
#6295 = VERTEX_POINT ( 'NONE', #2288 ) ;
#6296 = CARTESIAN_POINT ( 'NONE',  ( 0.4999999999999987232, 2.950000000000003730, 0.5000000000000000000 ) ) ;
#6297 = ORIENTED_EDGE ( 'NONE', *, *, #2808, .F. ) ;
#6298 = CARTESIAN_POINT ( 'NONE',  ( -4.400000000000002132, 3.600000000000004086, 0.1000000000000000056 ) ) ;
#6299 = DIRECTION ( 'NONE',  ( 0.000000000000000000, -1.000000000000000000, 0.000000000000000000 ) ) ;
#6300 = ORIENTED_EDGE ( 'NONE', *, *, #5114, .F. ) ;
#6301 = CARTESIAN_POINT ( 'NONE',  ( 2.500000000000000000, -5.949999999999999289, 2.100000000000000089 ) ) ;
#6302 = CYLINDRICAL_SURFACE ( 'NONE', #2894, 0.4000000000000010214 ) ;
#6303 = ORIENTED_EDGE ( 'NONE', *, *, #4604, .T. ) ;
#6304 = ADVANCED_FACE ( 'NONE', ( #6085 ), #428, .T. ) ;
#6305 = ORIENTED_EDGE ( 'NONE', *, *, #614, .T. ) ;
#6306 = CARTESIAN_POINT ( 'NONE',  ( -25.68937042237544333, 27.39353571423245626, 0.000000000000000000 ) ) ;
#6307 = DIRECTION ( 'NONE',  ( -0.8987940462991664825, -0.4383711467890786251, -0.000000000000000000 ) ) ;
#6308 = CARTESIAN_POINT ( 'NONE',  ( 0.000000000000000000, 0.4999999999999987232, -3.000000000000000444 ) ) ;
#6309 = DIRECTION ( 'NONE',  ( 0.000000000000000000, -1.000000000000000000, 0.000000000000000000 ) ) ;
#6310 = CARTESIAN_POINT ( 'NONE',  ( -1.891663167769253473, 13.89999999999999858, 3.353223890482888159 ) ) ;
#6311 = CARTESIAN_POINT ( 'NONE',  ( 1.899999999999996358, -2.700000000000000622, 0.1000000000000000056 ) ) ;
#6312 = EDGE_CURVE ( 'NONE', #7419, #1237, #5620, .T. ) ;
#6313 = ORIENTED_EDGE ( 'NONE', *, *, #1515, .F. ) ;
#6314 = CARTESIAN_POINT ( 'NONE',  ( -1.734723475976807094E-15, 0.4500000000000040079, 2.500000000000000000 ) ) ;
#6315 = CARTESIAN_POINT ( 'NONE',  ( -3.261177379365211237, 15.19999999999999751, -0.5047000102205828620 ) ) ;
#6316 = APPLICATION_PROTOCOL_DEFINITION ( 'draft international standard', 'automotive_design', 1998, #3167 ) ;
#6317 = DIRECTION ( 'NONE',  ( 1.000000000000000000, 0.000000000000000000, 0.000000000000000000 ) ) ;
#6318 = ORIENTED_EDGE ( 'NONE', *, *, #7945, .T. ) ;
#6319 = DIRECTION ( 'NONE',  ( -0.000000000000000000, -1.000000000000000000, -0.000000000000000000 ) ) ;
#6320 = FACE_OUTER_BOUND ( 'NONE', #5588, .T. ) ;
#6321 = EDGE_CURVE ( 'NONE', #5086, #8280, #3066, .T. ) ;
#6322 = CARTESIAN_POINT ( 'NONE',  ( 0.000000000000000000, 16.69999999999999574, 0.000000000000000000 ) ) ;
#6323 = EDGE_CURVE ( 'NONE', #7620, #4437, #5528, .T. ) ;
#6324 = ORIENTED_EDGE ( 'NONE', *, *, #7438, .T. ) ;
#6325 = AXIS2_PLACEMENT_3D ( 'NONE', #914, #2188, #6062 ) ;
#6326 = DIRECTION ( 'NONE',  ( 0.000000000000000000, 1.000000000000000000, 0.000000000000000000 ) ) ;
#6327 = ORIENTED_EDGE ( 'NONE', *, *, #1652, .F. ) ;
#6328 = CARTESIAN_POINT ( 'NONE',  ( -15.68937042237545576, 23.89353571423246336, -8.800000000000000711 ) ) ;
#6329 = FACE_OUTER_BOUND ( 'NONE', #1173, .T. ) ;
#6330 = CARTESIAN_POINT ( 'NONE',  ( -0.7500000000000000000, -7.560000000000000497, 1.800000000000000711 ) ) ;
#6331 = DIRECTION ( 'NONE',  ( 0.4450259648305218141, -0.8955176662839562374, 0.000000000000000000 ) ) ;
#6332 = ADVANCED_FACE ( 'NONE', ( #4993 ), #2630, .T. ) ;
#6333 = CIRCLE ( 'NONE', #6741, 3.250000000000002665 ) ;
#6334 = ORIENTED_EDGE ( 'NONE', *, *, #7264, .F. ) ;
#6335 = EDGE_LOOP ( 'NONE', ( #59, #6542, #8292, #6637, #3860, #5043, #4278, #6486, #5136, #2014, #3257, #2462 ) ) ;
#6336 = VECTOR ( 'NONE', #7574, 1000.000000000000000 ) ;
#6337 =( NAMED_UNIT ( * ) PLANE_ANGLE_UNIT ( ) SI_UNIT ( $, .RADIAN. ) );
#6338 = ORIENTED_EDGE ( 'NONE', *, *, #6500, .T. ) ;
#6339 = LINE ( 'NONE', #8243, #323 ) ;
#6340 = CARTESIAN_POINT ( 'NONE',  ( 1.980935939680744334E-16, 13.89999999999999858, -8.819695041044892934E-17 ) ) ;
#6341 = ORIENTED_EDGE ( 'NONE', *, *, #6406, .T. ) ;
#6342 = PLANE ( 'NONE',  #8131 ) ;
#6343 = VECTOR ( 'NONE', #5762, 1000.000000000000114 ) ;
#6344 = VECTOR ( 'NONE', #4270, 1000.000000000000000 ) ;
#6345 = ORIENTED_EDGE ( 'NONE', *, *, #6008, .F. ) ;
#6346 = VERTEX_POINT ( 'NONE', #1578 ) ;
#6347 = ORIENTED_EDGE ( 'NONE', *, *, #74, .F. ) ;
#6348 = PLANE ( 'NONE',  #2072 ) ;
#6349 = CARTESIAN_POINT ( 'NONE',  ( 2.999999999999998224, 4.650000000000004796, 5.599999999999999645 ) ) ;
#6350 = VECTOR ( 'NONE', #773, 1000.000000000000114 ) ;
#6351 = LINE ( 'NONE', #12, #2980 ) ;
#6352 = DIRECTION ( 'NONE',  ( -0.8987940462991664825, -0.4383711467890786251, -0.000000000000000000 ) ) ;
#6353 = DIRECTION ( 'NONE',  ( -0.000000000000000000, -0.000000000000000000, -1.000000000000000000 ) ) ;
#6354 = EDGE_CURVE ( 'NONE', #6346, #1872, #7747, .T. ) ;
#6355 = AXIS2_PLACEMENT_3D ( 'NONE', #7894, #998, #4137 ) ;
#6356 = VERTEX_POINT ( 'NONE', #2252 ) ;
#6357 = AXIS2_PLACEMENT_3D ( 'NONE', #7781, #1996, #1358 ) ;
#6358 = DIRECTION ( 'NONE',  ( 0.000000000000000000, 0.000000000000000000, 1.000000000000000000 ) ) ;
#6359 = CIRCLE ( 'NONE', #5419, 0.1500000000000000777 ) ;
#6360 = DIRECTION ( 'NONE',  ( 0.000000000000000000, 0.000000000000000000, -1.000000000000000000 ) ) ;
#6361 = ORIENTED_EDGE ( 'NONE', *, *, #762, .T. ) ;
#6362 = DIRECTION ( 'NONE',  ( 0.000000000000000000, 0.000000000000000000, 1.000000000000000000 ) ) ;
#6363 = CARTESIAN_POINT ( 'NONE',  ( -2.900000000000000355, -7.560000000000001386, 1.800000000000000266 ) ) ;
#6364 = CARTESIAN_POINT ( 'NONE',  ( -1.734723475976807094E-15, 0.4500000000000040079, 2.500000000000000000 ) ) ;
#6365 = ORIENTED_EDGE ( 'NONE', *, *, #2738, .F. ) ;
#6366 = VECTOR ( 'NONE', #3052, 1000.000000000000000 ) ;
#6367 = VECTOR ( 'NONE', #6677, 1000.000000000000000 ) ;
#6368 = CARTESIAN_POINT ( 'NONE',  ( 2.349999999999998312, 4.650000000000004796, 5.000000000000000000 ) ) ;
#6369 = EDGE_CURVE ( 'NONE', #8077, #6755, #1700, .T. ) ;
#6370 = ADVANCED_FACE ( 'NONE', ( #979 ), #4276, .T. ) ;
#6371 = MECHANICAL_DESIGN_GEOMETRIC_PRESENTATION_REPRESENTATION (  '', ( #7451 ), #5825 ) ;
#6372 = CARTESIAN_POINT ( 'NONE',  ( -15.68937042237545931, 38.44353571423245342, -1.400000000000001021 ) ) ;
#6373 = AXIS2_PLACEMENT_3D ( 'NONE', #3923, #5227, #718 ) ;
#6374 = FACE_OUTER_BOUND ( 'NONE', #2807, .T. ) ;
#6375 = CARTESIAN_POINT ( 'NONE',  ( 0.7499999999999998890, -5.950000000000000178, 2.100000000000000089 ) ) ;
#6376 = VECTOR ( 'NONE', #2760, 1000.000000000000000 ) ;
#6377 = VECTOR ( 'NONE', #2554, 1000.000000000000000 ) ;
#6378 = VECTOR ( 'NONE', #7920, 1000.000000000000000 ) ;
#6379 = VECTOR ( 'NONE', #4079, 1000.000000000000000 ) ;
#6380 = ORIENTED_EDGE ( 'NONE', *, *, #5838, .T. ) ;
#6381 = EDGE_CURVE ( 'NONE', #6894, #4726, #7527, .T. ) ;
#6382 = VECTOR ( 'NONE', #1072, 1000.000000000000000 ) ;
#6383 = EDGE_CURVE ( 'NONE', #689, #4626, #3303, .T. ) ;
#6384 = VECTOR ( 'NONE', #2430, 1000.000000000000000 ) ;
#6385 = CARTESIAN_POINT ( 'NONE',  ( -25.68937042237544333, 27.59353571423245910, 0.04999999999999996808 ) ) ;
#6386 = ORIENTED_EDGE ( 'NONE', *, *, #2247, .T. ) ;
#6387 = DIRECTION ( 'NONE',  ( -1.000000000000000000, 0.000000000000000000, 0.000000000000000000 ) ) ;
#6388 = PLANE ( 'NONE',  #3032 ) ;
#6389 = ORIENTED_EDGE ( 'NONE', *, *, #5183, .T. ) ;
#6390 = DIRECTION ( 'NONE',  ( -1.000000000000000000, 0.000000000000000000, 0.000000000000000000 ) ) ;
#6391 = AXIS2_PLACEMENT_3D ( 'NONE', #4984, #964, #1731 ) ;
#6392 = PRODUCT_DEFINITION_SHAPE ( 'NONE', 'NONE',  #57 ) ;
#6393 = VERTEX_POINT ( 'NONE', #2382 ) ;
#6394 = ORIENTED_EDGE ( 'NONE', *, *, #7356, .F. ) ;
#6395 = ORIENTED_EDGE ( 'NONE', *, *, #2654, .F. ) ;
#6396 = CARTESIAN_POINT ( 'NONE',  ( -25.23937042237544048, 37.14353571423246336, -1.198767690869991500E-13 ) ) ;
#6397 = EDGE_CURVE ( 'NONE', #6072, #5089, #8293, .T. ) ;
#6398 = CARTESIAN_POINT ( 'NONE',  ( -16.45209168868604621, 20.99403537297251177, -6.349999999999987210 ) ) ;
#6399 = LINE ( 'NONE', #1922, #456 ) ;
#6400 = FACE_OUTER_BOUND ( 'NONE', #2682, .T. ) ;
#6401 = CARTESIAN_POINT ( 'NONE',  ( 0.000000000000000000, -2.700000000000000622, 0.000000000000000000 ) ) ;
#6402 = DIRECTION ( 'NONE',  ( -1.541976423090495476E-14, -1.065645045353142775E-30, -1.000000000000000000 ) ) ;
#6403 = DIRECTION ( 'NONE',  ( 1.000000000000000000, 0.000000000000000000, 0.000000000000000000 ) ) ;
#6404 = VERTEX_POINT ( 'NONE', #7570 ) ;
#6405 = FACE_OUTER_BOUND ( 'NONE', #5817, .T. ) ;
#6406 = EDGE_CURVE ( 'NONE', #2350, #7724, #8327, .T. ) ;
#6407 = EDGE_CURVE ( 'NONE', #5338, #7320, #2907, .T. ) ;
#6408 = LINE ( 'NONE', #7217, #1666 ) ;
#6409 = DIRECTION ( 'NONE',  ( 0.000000000000000000, 0.000000000000000000, 1.000000000000000000 ) ) ;
#6410 = LINE ( 'NONE', #4522, #8222 ) ;
#6411 = VERTEX_POINT ( 'NONE', #6298 ) ;
#6412 = CARTESIAN_POINT ( 'NONE',  ( 0.7500000000000001110, -7.560000000000000497, 1.800000000000000711 ) ) ;
#6413 = DIRECTION ( 'NONE',  ( 0.000000000000000000, 0.000000000000000000, 1.000000000000000000 ) ) ;
#6414 = ORIENTED_EDGE ( 'NONE', *, *, #2154, .F. ) ;
#6415 = CARTESIAN_POINT ( 'NONE',  ( 1.479999999999999982, 16.69999999999999574, 0.8499999999999999778 ) ) ;
#6416 = EDGE_CURVE ( 'NONE', #3311, #7426, #6536, .T. ) ;
#6417 = DIRECTION ( 'NONE',  ( 3.197646960325912517E-16, -1.000000000000000000, 0.000000000000000000 ) ) ;
#6418 = DIRECTION ( 'NONE',  ( 0.000000000000000000, 0.000000000000000000, 1.000000000000000000 ) ) ;
#6419 = CARTESIAN_POINT ( 'NONE',  ( -20.68937042237544688, 33.89353571423244205, 0.4500000000000001776 ) ) ;
#6420 = LINE ( 'NONE', #1827, #5837 ) ;
#6421 = EDGE_CURVE ( 'NONE', #270, #4155, #1786, .T. ) ;
#6422 = ORIENTED_EDGE ( 'NONE', *, *, #5303, .T. ) ;
#6423 = DIRECTION ( 'NONE',  ( 0.000000000000000000, 1.000000000000000000, 0.000000000000000000 ) ) ;
#6424 = EDGE_LOOP ( 'NONE', ( #5053, #1903, #779, #8003 ) ) ;
#6425 = DIRECTION ( 'NONE',  ( 0.000000000000000000, -1.000000000000000000, 0.000000000000000000 ) ) ;
#6426 = DIRECTION ( 'NONE',  ( -1.000000000000000000, 0.000000000000000000, 0.000000000000000000 ) ) ;
#6427 = ORIENTED_EDGE ( 'NONE', *, *, #1004, .T. ) ;
#6428 = CARTESIAN_POINT ( 'NONE',  ( -16.13937042237545327, 22.89353571423245270, 0.4000000000000000222 ) ) ;
#6429 = EDGE_CURVE ( 'NONE', #4115, #1415, #3263, .T. ) ;
#6430 = EDGE_CURVE ( 'NONE', #4914, #7050, #524, .T. ) ;
#6431 = EDGE_LOOP ( 'NONE', ( #2422, #6593, #566, #1155, #6145, #6347, #3409, #2656, #4637, #3346, #1266, #2829, #7109, #2269, #8238, #6433, #6284, #3947, #7255, #2126, #6565, #6071, #849, #5832 ) ) ;
#6432 = ORIENTED_EDGE ( 'NONE', *, *, #2622, .F. ) ;
#6433 = ORIENTED_EDGE ( 'NONE', *, *, #889, .F. ) ;
#6434 = FACE_OUTER_BOUND ( 'NONE', #7981, .T. ) ;
#6435 = DIRECTION ( 'NONE',  ( -0.9999994735200916640, 0.000000000000000000, 0.001026138167772390822 ) ) ;
#6436 = CARTESIAN_POINT ( 'NONE',  ( 2.100000000000000089, -11.96000000000000618, 1.800000000000000711 ) ) ;
#6437 = CARTESIAN_POINT ( 'NONE',  ( -15.68937042237545576, 37.14353571423244915, -4.399999999999999467 ) ) ;
#6438 = DIRECTION ( 'NONE',  ( -0.000000000000000000, -0.000000000000000000, -1.000000000000000000 ) ) ;
#6439 = DIRECTION ( 'NONE',  ( 0.4067366430758003193, 0.000000000000000000, 0.9135454576426008666 ) ) ;
#6440 = CARTESIAN_POINT ( 'NONE',  ( 2.999999999999998224, -3.750000000000000000, 5.000000000000000000 ) ) ;
#6441 = EDGE_CURVE ( 'NONE', #3230, #6710, #2545, .T. ) ;
#6442 = VERTEX_POINT ( 'NONE', #7654 ) ;
#6443 = LINE ( 'NONE', #5723, #6783 ) ;
#6444 = DIRECTION ( 'NONE',  ( 0.000000000000000000, 0.000000000000000000, -1.000000000000000000 ) ) ;
#6445 = PLANE ( 'NONE',  #127 ) ;
#6446 = CARTESIAN_POINT ( 'NONE',  ( 0.000000000000000000, 13.50000000000000000, 0.000000000000000000 ) ) ;
#6447 = DIRECTION ( 'NONE',  ( 0.8987940462991664825, -0.4383711467890785696, -1.385919228607421386E-14 ) ) ;
#6448 = EDGE_CURVE ( 'NONE', #621, #5744, #4370, .T. ) ;
#6449 = PRODUCT_RELATED_PRODUCT_CATEGORY ( 'part', '', ( #8206 ) ) ;
#6450 = ORIENTED_EDGE ( 'NONE', *, *, #145, .F. ) ;
#6451 = CARTESIAN_POINT ( 'NONE',  ( 3.649999999999998135, -3.750000000000000000, 5.599999999999999645 ) ) ;
#6452 = PRODUCT_DEFINITION_SHAPE ( 'NONE', 'NONE',  #8367 ) ;
#6453 = CARTESIAN_POINT ( 'NONE',  ( -25.73009664564565924, 20.39582636196003662, -5.671044463149409687 ) ) ;
#6454 = FACE_BOUND ( 'NONE', #2635, .T. ) ;
#6455 = FACE_OUTER_BOUND ( 'NONE', #2028, .T. ) ;
#6456 = AXIS2_PLACEMENT_3D ( 'NONE', #4579, #7146, #1286 ) ;
#6457 = DIRECTION ( 'NONE',  ( -0.4067366430758010964, 0.000000000000000000, 0.9135454576426004225 ) ) ;
#6458 = EDGE_CURVE ( 'NONE', #5172, #1915, #6670, .T. ) ;
#6459 = EDGE_CURVE ( 'NONE', #5102, #6607, #7742, .T. ) ;
#6460 = ORIENTED_EDGE ( 'NONE', *, *, #3799, .F. ) ;
#6461 = DIRECTION ( 'NONE',  ( -1.000000000000000000, 0.000000000000000000, 0.000000000000000000 ) ) ;
#6462 = ORIENTED_EDGE ( 'NONE', *, *, #3799, .T. ) ;
#6463 = UNCERTAINTY_MEASURE_WITH_UNIT (LENGTH_MEASURE( 1.000000000000000082E-05 ), #4413, 'distance_accuracy_value', 'NONE');
#6464 = CARTESIAN_POINT ( 'NONE',  ( -15.68937042237545576, 28.59353571423246265, -5.599999999999999645 ) ) ;
#6465 = PLANE ( 'NONE',  #7723 ) ;
#6466 = VERTEX_POINT ( 'NONE', #5782 ) ;
#6467 = AXIS2_PLACEMENT_3D ( 'NONE', #6667, #4048, #234 ) ;
#6468 = DIRECTION ( 'NONE',  ( 1.000000000000000000, -2.282530889443169980E-16, 0.000000000000000000 ) ) ;
#6469 = AXIS2_PLACEMENT_3D ( 'NONE', #1513, #4100, #6358 ) ;
#6470 = VERTEX_POINT ( 'NONE', #5118 ) ;
#6471 = VECTOR ( 'NONE', #4207, 1000.000000000000000 ) ;
#6472 = EDGE_LOOP ( 'NONE', ( #3782, #5372, #5646, #1643 ) ) ;
#6473 = ORIENTED_EDGE ( 'NONE', *, *, #4559, .F. ) ;
#6474 = FACE_OUTER_BOUND ( 'NONE', #5365, .T. ) ;
#6475 = DIRECTION ( 'NONE',  ( -1.000000000000000000, 0.000000000000000000, 0.000000000000000000 ) ) ;
#6476 = FACE_OUTER_BOUND ( 'NONE', #1839, .T. ) ;
#6477 = DIRECTION ( 'NONE',  ( -0.8817916373304288680, 0.4716391717554017093, 0.000000000000000000 ) ) ;
#6478 = EDGE_CURVE ( 'NONE', #7787, #1570, #5046, .T. ) ;
#6479 = EDGE_CURVE ( 'NONE', #2692, #5290, #3561, .T. ) ;
#6480 = DIRECTION ( 'NONE',  ( -1.236590907799162007E-14, 6.145217258834908249E-15, -1.000000000000000000 ) ) ;
#6481 = CARTESIAN_POINT ( 'NONE',  ( -15.68937042237545931, 38.44353571423245342, -8.100000000000001421 ) ) ;
#6482 = DIRECTION ( 'NONE',  ( 0.000000000000000000, -1.000000000000000000, 0.000000000000000000 ) ) ;
#6483 = LINE ( 'NONE', #2736, #5952 ) ;
#6484 = AXIS2_PLACEMENT_3D ( 'NONE', #6780, #1753, #3659 ) ;
#6485 = ORIENTED_EDGE ( 'NONE', *, *, #6549, .F. ) ;
#6486 = ORIENTED_EDGE ( 'NONE', *, *, #4566, .F. ) ;
#6487 = CARTESIAN_POINT ( 'NONE',  ( 0.4710170047248282144, 13.89999999999999858, 0.2824361629302609145 ) ) ;
#6488 = VECTOR ( 'NONE', #5121, 1000.000000000000000 ) ;
#6489 = DIRECTION ( 'NONE',  ( 0.000000000000000000, 0.000000000000000000, -1.000000000000000000 ) ) ;
#6490 = EDGE_CURVE ( 'NONE', #621, #3016, #3862, .T. ) ;
#6491 = CARTESIAN_POINT ( 'NONE',  ( -25.68937042237544333, 27.39353571423245626, -7.299999999999998934 ) ) ;
#6492 = FACE_OUTER_BOUND ( 'NONE', #5979, .T. ) ;
#6493 = DIRECTION ( 'NONE',  ( 0.000000000000000000, 1.000000000000000000, 0.000000000000000000 ) ) ;
#6494 = VECTOR ( 'NONE', #2214, 1000.000000000000000 ) ;
#6495 = ORIENTED_EDGE ( 'NONE', *, *, #1220, .F. ) ;
#6496 = AXIS2_PLACEMENT_3D ( 'NONE', #4717, #8013, #5428 ) ;
#6497 = DIRECTION ( 'NONE',  ( -0.000000000000000000, -1.000000000000000000, -0.000000000000000000 ) ) ;
#6498 = CIRCLE ( 'NONE', #2995, 0.1500000000000000777 ) ;
#6499 = EDGE_LOOP ( 'NONE', ( #6144, #922, #1019, #1653 ) ) ;
#6500 = EDGE_CURVE ( 'NONE', #7071, #2401, #6339, .T. ) ;
#6501 = DIRECTION ( 'NONE',  ( 2.282530889443169980E-16, -1.000000000000000000, 0.000000000000000000 ) ) ;
#6502 = EDGE_LOOP ( 'NONE', ( #4805, #2121, #3528, #7922 ) ) ;
#6503 = CARTESIAN_POINT ( 'NONE',  ( -2.350000000000001865, 4.650000000000003908, 5.000000000000000000 ) ) ;
#6504 = CIRCLE ( 'NONE', #4208, 0.9000000000000002442 ) ;
#6505 = CARTESIAN_POINT ( 'NONE',  ( -4.410103077640644464, -5.950000000000001066, 1.300000000000000266 ) ) ;
#6506 = CIRCLE ( 'NONE', #5962, 0.6500000000000000222 ) ;
#6507 = VERTEX_POINT ( 'NONE', #4541 ) ;
#6508 = AXIS2_PLACEMENT_3D ( 'NONE', #3853, #2578, #726 ) ;
#6509 = VECTOR ( 'NONE', #4662, 1000.000000000000000 ) ;
#6510 = EDGE_CURVE ( 'NONE', #7642, #817, #7070, .T. ) ;
#6511 = ADVANCED_FACE ( 'NONE', ( #1319 ), #3897, .F. ) ;
#6512 = FACE_OUTER_BOUND ( 'NONE', #8090, .T. ) ;
#6513 = DIRECTION ( 'NONE',  ( 0.000000000000000000, 0.000000000000000000, 1.000000000000000000 ) ) ;
#6514 = DIRECTION ( 'NONE',  ( 1.971276677246371519E-16, -1.000000000000000000, 0.000000000000000000 ) ) ;
#6515 = VECTOR ( 'NONE', #4625, 1000.000000000000000 ) ;
#6516 = ORIENTED_EDGE ( 'NONE', *, *, #2202, .F. ) ;
#6517 = CARTESIAN_POINT ( 'NONE',  ( -0.4999999999999997780, 16.69999999999999574, 1.500000000000000000 ) ) ;
#6518 = VECTOR ( 'NONE', #5711, 1000.000000000000000 ) ;
#6519 = AXIS2_PLACEMENT_3D ( 'NONE', #5673, #1841, #663 ) ;
#6520 = ORIENTED_EDGE ( 'NONE', *, *, #3715, .F. ) ;
#6521 = CIRCLE ( 'NONE', #1947, 0.7999999999999999334 ) ;
#6522 = AXIS2_PLACEMENT_3D ( 'NONE', #4962, #3610, #2946 ) ;
#6523 = ORIENTED_EDGE ( 'NONE', *, *, #1760, .F. ) ;
#6524 = ORIENTED_EDGE ( 'NONE', *, *, #6246, .F. ) ;
#6525 = DIRECTION ( 'NONE',  ( 0.000000000000000000, -1.000000000000000000, 0.000000000000000000 ) ) ;
#6526 = EDGE_CURVE ( 'NONE', #6000, #4073, #1275, .T. ) ;
#6527 = DIRECTION ( 'NONE',  ( 1.000000000000000000, 0.000000000000000000, 0.000000000000000000 ) ) ;
#6528 = AXIS2_PLACEMENT_3D ( 'NONE', #5122, #2549, #6390 ) ;
#6529 = LINE ( 'NONE', #2810, #7730 ) ;
#6530 = CARTESIAN_POINT ( 'NONE',  ( -15.64864419910532867, 20.39582636196002596, -5.671044463149486070 ) ) ;
#6531 = AXIS2_PLACEMENT_3D ( 'NONE', #5214, #7113, #6477 ) ;
#6532 = DIRECTION ( 'NONE',  ( 0.000000000000000000, 0.000000000000000000, 1.000000000000000000 ) ) ;
#6533 = ORIENTED_EDGE ( 'NONE', *, *, #6478, .F. ) ;
#6534 = LINE ( 'NONE', #2521, #7964 ) ;
#6535 = FACE_BOUND ( 'NONE', #8249, .T. ) ;
#6536 = CIRCLE ( 'NONE', #6798, 1.199999999999999734 ) ;
#6537 = DIRECTION ( 'NONE',  ( -1.000000000000000000, 0.000000000000000000, 1.618212197739559129E-16 ) ) ;
#6538 = CARTESIAN_POINT ( 'NONE',  ( -3.000000000000001776, 4.650000000000003908, 5.599999999999999645 ) ) ;
#6539 = VERTEX_POINT ( 'NONE', #1833 ) ;
#6540 = ADVANCED_FACE ( 'NONE', ( #4415 ), #6064, .F. ) ;
#6541 = AXIS2_PLACEMENT_3D ( 'NONE', #653, #3222, #5161 ) ;
#6542 = ORIENTED_EDGE ( 'NONE', *, *, #889, .T. ) ;
#6543 = DIRECTION ( 'NONE',  ( 3.197646960325912517E-16, -1.000000000000000000, 0.000000000000000000 ) ) ;
#6544 = LINE ( 'NONE', #5763, #7335 ) ;
#6545 = LINE ( 'NONE', #3209, #2161 ) ;
#6546 = LINE ( 'NONE', #760, #7432 ) ;
#6547 = CARTESIAN_POINT ( 'NONE',  ( 0.8032336497292290600, 15.89999999999999680, 1.730200664999783971E-16 ) ) ;
#6548 = VERTEX_POINT ( 'NONE', #1998 ) ;
#6549 = EDGE_CURVE ( 'NONE', #1770, #4068, #6023, .T. ) ;
#6550 = EDGE_CURVE ( 'NONE', #93, #5879, #8017, .T. ) ;
#6551 = DIRECTION ( 'NONE',  ( 0.000000000000000000, 0.000000000000000000, -1.000000000000000000 ) ) ;
#6552 = EDGE_LOOP ( 'NONE', ( #3746, #1476, #6997, #7865 ) ) ;
#6553 = CARTESIAN_POINT ( 'NONE',  ( -24.55407293565519922, 21.85027710540992629, -5.349999999999926814 ) ) ;
#6554 = ORIENTED_EDGE ( 'NONE', *, *, #2824, .F. ) ;
#6555 = DIRECTION ( 'NONE',  ( 0.000000000000000000, 0.000000000000000000, 1.000000000000000000 ) ) ;
#6556 = LINE ( 'NONE', #769, #6509 ) ;
#6557 = EDGE_CURVE ( 'NONE', #6558, #3562, #3436, .T. ) ;
#6558 = VERTEX_POINT ( 'NONE', #2828 ) ;
#6559 = CARTESIAN_POINT ( 'NONE',  ( -16.13937042237545327, 29.34353571423245555, -4.400000000000000355 ) ) ;
#6560 = ORIENTED_EDGE ( 'NONE', *, *, #7253, .T. ) ;
#6561 = LINE ( 'NONE', #3388, #8142 ) ;
#6562 = VERTEX_POINT ( 'NONE', #4768 ) ;
#6563 = PLANE ( 'NONE',  #7837 ) ;
#6564 = ADVANCED_FACE ( 'NONE', ( #7141 ), #1360, .F. ) ;
#6565 = ORIENTED_EDGE ( 'NONE', *, *, #390, .F. ) ;
#6566 = VERTEX_POINT ( 'NONE', #5389 ) ;
#6567 = ORIENTED_EDGE ( 'NONE', *, *, #2059, .F. ) ;
#6568 = DIRECTION ( 'NONE',  ( -1.495451272393799296E-16, 1.000000000000000000, 0.000000000000000000 ) ) ;
#6569 = DIRECTION ( 'NONE',  ( -1.000000000000000000, -0.000000000000000000, -0.000000000000000000 ) ) ;
#6570 = DIRECTION ( 'NONE',  ( 3.197646960325911531E-16, 1.000000000000000000, 0.000000000000000000 ) ) ;
#6571 = DIRECTION ( 'NONE',  ( -1.000000000000000000, 0.000000000000000000, 0.000000000000000000 ) ) ;
#6572 = ORIENTED_EDGE ( 'NONE', *, *, #326, .T. ) ;
#6573 = LINE ( 'NONE', #7206, #1490 ) ;
#6574 = FACE_OUTER_BOUND ( 'NONE', #1365, .T. ) ;
#6575 = LINE ( 'NONE', #8307, #2328 ) ;
#6576 = CARTESIAN_POINT ( 'NONE',  ( -3.250000000000001332, -7.560000000000002274, 2.100000000000000089 ) ) ;
#6577 = EDGE_CURVE ( 'NONE', #990, #6633, #367, .T. ) ;
#6578 = ORIENTED_EDGE ( 'NONE', *, *, #697, .T. ) ;
#6579 = ORIENTED_EDGE ( 'NONE', *, *, #6557, .T. ) ;
#6580 = PLANE ( 'NONE',  #2892 ) ;
#6581 = LINE ( 'NONE', #2110, #8359 ) ;
#6582 = DIRECTION ( 'NONE',  ( -1.000000000000000000, 0.000000000000000000, 0.000000000000000000 ) ) ;
#6583 = CARTESIAN_POINT ( 'NONE',  ( -24.03937042237544475, 30.64353571423245626, -5.350000000000003197 ) ) ;
#6584 = ORIENTED_EDGE ( 'NONE', *, *, #4822, .F. ) ;
#6585 = CYLINDRICAL_SURFACE ( 'NONE', #7405, 0.3500000000000000333 ) ;
#6586 = ORIENTED_EDGE ( 'NONE', *, *, #3580, .F. ) ;
#6587 = CARTESIAN_POINT ( 'NONE',  ( -8.559538653604827019, 24.84349069516603592, -6.349999999999987210 ) ) ;
#6588 = EDGE_CURVE ( 'NONE', #7183, #4173, #2234, .T. ) ;
#6589 = EDGE_CURVE ( 'NONE', #2009, #8038, #915, .T. ) ;
#6590 = CARTESIAN_POINT ( 'NONE',  ( 0.2999999999999997669, 16.69999999999999574, 0.000000000000000000 ) ) ;
#6591 = DIRECTION ( 'NONE',  ( -0.000000000000000000, -1.000000000000000000, -0.000000000000000000 ) ) ;
#6592 = PLANE ( 'NONE',  #8129 ) ;
#6593 = ORIENTED_EDGE ( 'NONE', *, *, #2859, .F. ) ;
#6594 = VERTEX_POINT ( 'NONE', #8051 ) ;
#6595 = DIRECTION ( 'NONE',  ( -2.551063935260010491E-16, 1.000000000000000000, 0.000000000000000000 ) ) ;
#6596 = ORIENTED_EDGE ( 'NONE', *, *, #3244, .T. ) ;
#6597 = CARTESIAN_POINT ( 'NONE',  ( -24.38937042237543906, 29.69353571423244986, 0.4500000000000001221 ) ) ;
#6598 = DIRECTION ( 'NONE',  ( 0.000000000000000000, 0.000000000000000000, -1.000000000000000000 ) ) ;
#6599 = ORIENTED_EDGE ( 'NONE', *, *, #7215, .F. ) ;
#6600 = CIRCLE ( 'NONE', #7942, 0.8000000000000003775 ) ;
#6601 = EDGE_LOOP ( 'NONE', ( #5741, #183, #241, #5912 ) ) ;
#6602 = VERTEX_POINT ( 'NONE', #953 ) ;
#6603 = DIRECTION ( 'NONE',  ( 1.000000000000000000, 1.734723475976807094E-16, 0.000000000000000000 ) ) ;
#6604 = DIRECTION ( 'NONE',  ( 0.000000000000000000, 0.000000000000000000, 1.000000000000000000 ) ) ;
#6605 = CARTESIAN_POINT ( 'NONE',  ( -15.68937042237545576, 24.39353571423245626, -1.400000000000001021 ) ) ;
#6606 = LINE ( 'NONE', #7319, #4228 ) ;
#6607 = VERTEX_POINT ( 'NONE', #3539 ) ;
#6608 = CARTESIAN_POINT ( 'NONE',  ( -25.68937042237544333, 30.64353571423245626, -4.400000000000000355 ) ) ;
#6609 = LINE ( 'NONE', #825, #5307 ) ;
#6610 = CARTESIAN_POINT ( 'NONE',  ( 1.899999999999998801, 5.100000000000004086, 0.1000000000000000056 ) ) ;
#6611 = CARTESIAN_POINT ( 'NONE',  ( -25.68937042237544333, 22.89353571423245626, -7.350000000000000533 ) ) ;
#6612 = AXIS2_PLACEMENT_3D ( 'NONE', #7499, #3752, #6820 ) ;
#6613 = ORIENTED_EDGE ( 'NONE', *, *, #6720, .F. ) ;
#6614 = AXIS2_PLACEMENT_3D ( 'NONE', #6825, #8178, #1038 ) ;
#6615 = ORIENTED_EDGE ( 'NONE', *, *, #4779, .T. ) ;
#6616 = CARTESIAN_POINT ( 'NONE',  ( 4.399999999999998579, -5.949999999999998401, 1.800000000000000266 ) ) ;
#6617 = EDGE_CURVE ( 'NONE', #7978, #7283, #3498, .T. ) ;
#6618 = AXIS2_PLACEMENT_3D ( 'NONE', #3202, #665, #3237 ) ;
#6619 = DIRECTION ( 'NONE',  ( -0.000000000000000000, -1.000000000000000000, -0.000000000000000000 ) ) ;
#6620 = ADVANCED_FACE ( 'NONE', ( #6108 ), #7418, .F. ) ;
#6621 = CARTESIAN_POINT ( 'NONE',  ( -3.600000000000001865, 5.150000000000003908, 5.000000000000000000 ) ) ;
#6622 = PLANE ( 'NONE',  #2470 ) ;
#6623 = ORIENTED_EDGE ( 'NONE', *, *, #6229, .F. ) ;
#6624 = DIRECTION ( 'NONE',  ( 0.000000000000000000, 0.000000000000000000, 1.000000000000000000 ) ) ;
#6625 = EDGE_CURVE ( 'NONE', #5123, #6, #4216, .T. ) ;
#6626 = DIRECTION ( 'NONE',  ( -0.000000000000000000, -0.000000000000000000, -1.000000000000000000 ) ) ;
#6627 = STYLED_ITEM ( 'NONE', ( #7486 ), #8165 ) ;
#6628 = FACE_OUTER_BOUND ( 'NONE', #5489, .T. ) ;
#6629 = DIRECTION ( 'NONE',  ( 0.000000000000000000, 1.000000000000000000, 0.000000000000000000 ) ) ;
#6630 = CIRCLE ( 'NONE', #2589, 1.000000000000001776 ) ;
#6631 = EDGE_CURVE ( 'NONE', #5500, #4707, #2794, .T. ) ;
#6632 = EDGE_CURVE ( 'NONE', #6000, #1024, #6143, .T. ) ;
#6633 = VERTEX_POINT ( 'NONE', #1563 ) ;
#6634 = ORIENTED_EDGE ( 'NONE', *, *, #2787, .T. ) ;
#6635 = DIRECTION ( 'NONE',  ( 0.000000000000000000, -1.000000000000000000, 0.000000000000000000 ) ) ;
#6636 = CIRCLE ( 'NONE', #5283, 0.6999999999999992895 ) ;
#6637 = ORIENTED_EDGE ( 'NONE', *, *, #193, .F. ) ;
#6638 = VECTOR ( 'NONE', #3254, 1000.000000000000000 ) ;
#6639 = AXIS2_PLACEMENT_3D ( 'NONE', #691, #7694, #1871 ) ;
#6640 = VECTOR ( 'NONE', #1686, 1000.000000000000000 ) ;
#6641 = EDGE_CURVE ( 'NONE', #6716, #1829, #6115, .T. ) ;
#6642 = ADVANCED_FACE ( 'NONE', ( #2149 ), #6673, .T. ) ;
#6643 = ORIENTED_EDGE ( 'NONE', *, *, #6681, .F. ) ;
#6644 = COLOUR_RGB ( '',0.7921568627450980005, 0.8196078431372548767, 0.9333333333333333481 ) ;
#6645 = ORIENTED_EDGE ( 'NONE', *, *, #5859, .F. ) ;
#6646 = CARTESIAN_POINT ( 'NONE',  ( -25.50088568528371979, 20.16791091632079969, -6.473798313754263845 ) ) ;
#6647 = DIRECTION ( 'NONE',  ( -0.000000000000000000, -0.000000000000000000, -1.000000000000000000 ) ) ;
#6648 = CARTESIAN_POINT ( 'NONE',  ( -15.82088514132990298, 20.74242368168773964, -5.349999999999988098 ) ) ;
#6649 = CARTESIAN_POINT ( 'NONE',  ( -25.68937042237544333, 29.34353571423245910, -5.350000000000003197 ) ) ;
#6650 = ORIENTED_EDGE ( 'NONE', *, *, #5137, .F. ) ;
#6651 = CARTESIAN_POINT ( 'NONE',  ( -24.63461873163628368, 22.09100311467075528, -5.349999999999925926 ) ) ;
#6652 = LINE ( 'NONE', #2293, #3285 ) ;
#6653 = AXIS2_PLACEMENT_3D ( 'NONE', #2930, #5484, #8061 ) ;
#6654 = CIRCLE ( 'NONE', #6232, 1.000000000000000222 ) ;
#6655 = LINE ( 'NONE', #1584, #6902 ) ;
#6656 = AXIS2_PLACEMENT_3D ( 'NONE', #372, #4898, #6869 ) ;
#6657 = AXIS2_PLACEMENT_3D ( 'NONE', #3491, #5423, #8007 ) ;
#6658 = VERTEX_POINT ( 'NONE', #5351 ) ;
#6659 = APPLICATION_CONTEXT ( 'automotive_design' ) ;
#6660 = CIRCLE ( 'NONE', #6785, 3.000000000000000444 ) ;
#6661 = VECTOR ( 'NONE', #1422, 1000.000000000000000 ) ;
#6662 = ORIENTED_EDGE ( 'NONE', *, *, #4161, .T. ) ;
#6663 = CARTESIAN_POINT ( 'NONE',  ( -1.734723475976807094E-15, 0.4500000000000040079, 2.500000000000000000 ) ) ;
#6664 = CARTESIAN_POINT ( 'NONE',  ( 0.003233649729229023419, 15.89999999999999680, 3.151279358214723825 ) ) ;
#6665 = VECTOR ( 'NONE', #3750, 1000.000000000000000 ) ;
#6666 = CIRCLE ( 'NONE', #459, 1.200000000000029932 ) ;
#6667 = CARTESIAN_POINT ( 'NONE',  ( -0.4999999999999997780, 16.69999999999999574, 1.500000000000000000 ) ) ;
#6668 = DIRECTION ( 'NONE',  ( 0.000000000000000000, 0.000000000000000000, 1.000000000000000000 ) ) ;
#6669 = VECTOR ( 'NONE', #7013, 1000.000000000000000 ) ;
#6670 = CIRCLE ( 'NONE', #5317, 3.000000000000000444 ) ;
#6671 = EDGE_CURVE ( 'NONE', #3552, #5752, #5853, .T. ) ;
#6672 = FACE_OUTER_BOUND ( 'NONE', #6805, .T. ) ;
#6673 = CYLINDRICAL_SURFACE ( 'NONE', #2489, 3.000000000000000444 ) ;
#6674 = EDGE_LOOP ( 'NONE', ( #2459, #5483, #133, #4204 ) ) ;
#6675 = PLANE ( 'NONE',  #3279 ) ;
#6676 = ORIENTED_EDGE ( 'NONE', *, *, #3572, .F. ) ;
#6677 = DIRECTION ( 'NONE',  ( 0.000000000000000000, 0.000000000000000000, 1.000000000000000000 ) ) ;
#6678 = DIRECTION ( 'NONE',  ( 1.000000000000000000, -1.308519863344574291E-16, 0.000000000000000000 ) ) ;
#6679 = CARTESIAN_POINT ( 'NONE',  ( -25.23937042237544048, 23.89353571423246692, -8.800000000000000711 ) ) ;
#6680 = ORIENTED_EDGE ( 'NONE', *, *, #3740, .T. ) ;
#6681 = EDGE_CURVE ( 'NONE', #8301, #907, #7614, .T. ) ;
#6682 = VERTEX_POINT ( 'NONE', #2310 ) ;
#6683 = DIRECTION ( 'NONE',  ( 3.197646960325911531E-16, 1.000000000000000000, 0.000000000000000000 ) ) ;
#6684 = ORIENTED_EDGE ( 'NONE', *, *, #8012, .F. ) ;
#6685 = ADVANCED_FACE ( 'NONE', ( #463 ), #3048, .T. ) ;
#6686 = ORIENTED_EDGE ( 'NONE', *, *, #7137, .T. ) ;
#6687 = ORIENTED_EDGE ( 'NONE', *, *, #710, .T. ) ;
#6688 = LINE ( 'NONE', #7272, #6494 ) ;
#6689 = DIRECTION ( 'NONE',  ( -0.000000000000000000, -1.000000000000000000, -0.000000000000000000 ) ) ;
#6690 = DIRECTION ( 'NONE',  ( -1.000000000000000000, 0.000000000000000000, 0.000000000000000000 ) ) ;
#6691 = CYLINDRICAL_SURFACE ( 'NONE', #2620, 0.6500000000000012434 ) ;
#6692 = ORIENTED_EDGE ( 'NONE', *, *, #1541, .F. ) ;
#6693 = CARTESIAN_POINT ( 'NONE',  ( -17.33937042237545612, 39.29353571423244773, 0.4500000000000001221 ) ) ;
#6694 = CARTESIAN_POINT ( 'NONE',  ( -25.23937042237544404, 22.89353571423245270, 0.4000000000000000222 ) ) ;
#6695 = EDGE_CURVE ( 'NONE', #1706, #4677, #8288, .T. ) ;
#6696 = CARTESIAN_POINT ( 'NONE',  ( 4.399999999999998579, 0.000000000000000000, 0.1000000000000000056 ) ) ;
#6697 = CARTESIAN_POINT ( 'NONE',  ( -17.68937042237545043, 38.09353571423245910, 0.000000000000000000 ) ) ;
#6698 = EDGE_CURVE ( 'NONE', #2138, #3453, #4660, .T. ) ;
#6699 = ORIENTED_EDGE ( 'NONE', *, *, #2962, .T. ) ;
#6700 = ORIENTED_EDGE ( 'NONE', *, *, #3342, .F. ) ;
#6701 = CARTESIAN_POINT ( 'NONE',  ( -0.4000000000000001887, -11.96000000000000618, 2.100000000000000089 ) ) ;
#6702 = CARTESIAN_POINT ( 'NONE',  ( -16.74412211311470244, 22.09100311467075173, -7.349999999999987210 ) ) ;
#6703 = CYLINDRICAL_SURFACE ( 'NONE', #7282, 0.6000000000000001998 ) ;
#6704 = DIRECTION ( 'NONE',  ( 0.000000000000000000, 0.000000000000000000, -1.000000000000000000 ) ) ;
#6705 = ADVANCED_FACE ( 'NONE', ( #7547 ), #5602, .F. ) ;
#6706 = DIRECTION ( 'NONE',  ( -0.8987940462991664825, 0.4383711467890785696, 1.385919228607421386E-14 ) ) ;
#6707 = DIRECTION ( 'NONE',  ( -0.000000000000000000, -0.000000000000000000, -1.000000000000000000 ) ) ;
#6708 = DIRECTION ( 'NONE',  ( 0.000000000000000000, 1.000000000000000000, -5.782411586589351722E-16 ) ) ;
#6709 = ORIENTED_EDGE ( 'NONE', *, *, #5070, .F. ) ;
#6710 = VERTEX_POINT ( 'NONE', #5508 ) ;
#6711 = ADVANCED_FACE ( 'NONE', ( #546 ), #2364, .F. ) ;
#6712 = DIRECTION ( 'NONE',  ( -1.000000000000000000, 0.000000000000000000, 0.000000000000000000 ) ) ;
#6713 = CARTESIAN_POINT ( 'NONE',  ( 0.8032336497292296151, 15.19999999999999751, -0.8947000102205828753 ) ) ;
#6714 = B_SPLINE_CURVE_WITH_KNOTS ( 'NONE', 3,
 ( #2135, #1552, #2256, #4709 ),
 .UNSPECIFIED., .F., .F.,
 ( 4, 4 ),
 ( 1.808488223363449481E-16, 0.0007707912170036835230 ),
 .UNSPECIFIED. ) ;
#6715 = PLANE ( 'NONE',  #4500 ) ;
#6716 = VERTEX_POINT ( 'NONE', #8088 ) ;
#6717 = ORIENTED_EDGE ( 'NONE', *, *, #6397, .T. ) ;
#6718 = CARTESIAN_POINT ( 'NONE',  ( 1.250000000000000222, 13.50000000000000000, 3.150000003002862314 ) ) ;
#6719 = ORIENTED_EDGE ( 'NONE', *, *, #2933, .T. ) ;
#6720 = EDGE_CURVE ( 'NONE', #5616, #4837, #6282, .T. ) ;
#6721 = DIRECTION ( 'NONE',  ( 2.282530889443169980E-16, 1.000000000000000000, -1.613696256722611356E-15 ) ) ;
#6722 = EDGE_CURVE ( 'NONE', #2848, #3526, #3915, .T. ) ;
#6723 = VERTEX_POINT ( 'NONE', #1082 ) ;
#6724 = ORIENTED_EDGE ( 'NONE', *, *, #7511, .T. ) ;
#6725 = CARTESIAN_POINT ( 'NONE',  ( -25.36502030285407017, 20.09524132667336715, -6.349999999999914380 ) ) ;
#6726 = CARTESIAN_POINT ( 'NONE',  ( -3.650000000000001688, -3.750000000000000000, 5.000000000000000000 ) ) ;
#6727 = DIRECTION ( 'NONE',  ( -0.000000000000000000, -0.000000000000000000, -1.000000000000000000 ) ) ;
#6728 = DIRECTION ( 'NONE',  ( -0.000000000000000000, -0.000000000000000000, -1.000000000000000000 ) ) ;
#6729 = ORIENTED_EDGE ( 'NONE', *, *, #5328, .F. ) ;
#6730 = CARTESIAN_POINT ( 'NONE',  ( -16.13937042237545683, 38.44353571423245342, -4.900000000000003020 ) ) ;
#6731 = DIRECTION ( 'NONE',  ( -0.000000000000000000, -1.000000000000000000, -0.000000000000000000 ) ) ;
#6732 = PLANE ( 'NONE',  #2187 ) ;
#6733 = AXIS2_PLACEMENT_3D ( 'NONE', #7517, #5610, #1727 ) ;
#6734 = ORIENTED_EDGE ( 'NONE', *, *, #7215, .T. ) ;
#6735 = EDGE_CURVE ( 'NONE', #4443, #1462, #6333, .T. ) ;
#6736 = ORIENTED_EDGE ( 'NONE', *, *, #2246, .T. ) ;
#6737 = EDGE_CURVE ( 'NONE', #2717, #5548, #5640, .T. ) ;
#6738 = DIRECTION ( 'NONE',  ( 0.000000000000000000, 0.000000000000000000, -1.000000000000000000 ) ) ;
#6739 = LINE ( 'NONE', #200, #4720 ) ;
#6740 = CARTESIAN_POINT ( 'NONE',  ( -15.68937042237545576, 23.89353571423246336, 0.4500000000000001221 ) ) ;
#6741 = AXIS2_PLACEMENT_3D ( 'NONE', #7468, #1137, #3085 ) ;
#6742 = VERTEX_POINT ( 'NONE', #1814 ) ;
#6743 = ADVANCED_FACE ( 'NONE', ( #2992 ), #4396, .T. ) ;
#6744 = CARTESIAN_POINT ( 'NONE',  ( -17.33937042237545256, 37.14353571423244915, -4.900000000000003020 ) ) ;
#6745 = VECTOR ( 'NONE', #5415, 1000.000000000000000 ) ;
#6746 = CARTESIAN_POINT ( 'NONE',  ( -20.68937042237544688, 33.89353571423244205, 1.449999999999999956 ) ) ;
#6747 = ORIENTED_EDGE ( 'NONE', *, *, #8265, .F. ) ;
#6748 = VERTEX_POINT ( 'NONE', #6992 ) ;
#6749 = CARTESIAN_POINT ( 'NONE',  ( -25.68937042237544333, 30.64353571423245626, 0.4500000000000001221 ) ) ;
#6750 = PLANE ( 'NONE',  #3535 ) ;
#6751 = PLANE ( 'NONE',  #7059 ) ;
#6752 = AXIS2_PLACEMENT_3D ( 'NONE', #2728, #700, #5753 ) ;
#6753 = ORIENTED_EDGE ( 'NONE', *, *, #3392, .T. ) ;
#6754 = ORIENTED_EDGE ( 'NONE', *, *, #970, .F. ) ;
#6755 = VERTEX_POINT ( 'NONE', #1041 ) ;
#6756 = EDGE_CURVE ( 'NONE', #7656, #1321, #3622, .T. ) ;
#6757 = SURFACE_SIDE_STYLE ('',( #6925 ) ) ;
#6758 = ORIENTED_EDGE ( 'NONE', *, *, #2845, .F. ) ;
#6759 = LINE ( 'NONE', #967, #4472 ) ;
#6760 = AXIS2_PLACEMENT_3D ( 'NONE', #6822, #7337, #1510 ) ;
#6761 = CARTESIAN_POINT ( 'NONE',  ( 1.565936075841832809, 13.89999999999999858, -3.517150011924013331 ) ) ;
#6762 = ADVANCED_FACE ( 'NONE', ( #6179 ), #5556, .T. ) ;
#6763 = ORIENTED_EDGE ( 'NONE', *, *, #8299, .T. ) ;
#6764 = AXIS2_PLACEMENT_3D ( 'NONE', #3686, #195, #2783 ) ;
#6765 = ORIENTED_EDGE ( 'NONE', *, *, #7410, .T. ) ;
#6766 = LINE ( 'NONE', #978, #1404 ) ;
#6767 = PLANE ( 'NONE',  #4386 ) ;
#6768 = DIRECTION ( 'NONE',  ( 0.7071067811865443531, 0.7071067811865506814, 0.000000000000000000 ) ) ;
#6769 = ORIENTED_EDGE ( 'NONE', *, *, #5386, .F. ) ;
#6770 = DIRECTION ( 'NONE',  ( 1.000000000000000000, 0.000000000000000000, -1.517883041479702421E-14 ) ) ;
#6771 = DIRECTION ( 'NONE',  ( 0.000000000000000000, 0.000000000000000000, 1.000000000000000000 ) ) ;
#6772 = CIRCLE ( 'NONE', #3816, 1.199999999999993072 ) ;
#6773 = EDGE_LOOP ( 'NONE', ( #5266, #1830, #1606, #8033 ) ) ;
#6774 = VECTOR ( 'NONE', #5354, 1000.000000000000000 ) ;
#6775 = EDGE_CURVE ( 'NONE', #5401, #2128, #3123, .T. ) ;
#6776 = EDGE_LOOP ( 'NONE', ( #6267, #7516, #4252, #6833 ) ) ;
#6777 = CARTESIAN_POINT ( 'NONE',  ( -25.68937042237545043, 23.89353571423246692, -8.800000000000000711 ) ) ;
#6778 = AXIS2_PLACEMENT_3D ( 'NONE', #7876, #7154, #6005 ) ;
#6779 = CARTESIAN_POINT ( 'NONE',  ( 2.100000000000000089, -11.96000000000000618, 2.100000000000000089 ) ) ;
#6780 = CARTESIAN_POINT ( 'NONE',  ( -25.68937042237543977, 37.14353571423245626, -4.900000000000003020 ) ) ;
#6781 = VECTOR ( 'NONE', #6036, 1000.000000000000000 ) ;
#6782 = FACE_OUTER_BOUND ( 'NONE', #6181, .T. ) ;
#6783 = VECTOR ( 'NONE', #3242, 1000.000000000000114 ) ;
#6784 = EDGE_CURVE ( 'NONE', #1350, #8196, #7637, .T. ) ;
#6785 = AXIS2_PLACEMENT_3D ( 'NONE', #5678, #2482, #6984 ) ;
#6786 = VECTOR ( 'NONE', #5295, 1000.000000000000000 ) ;
#6787 = VECTOR ( 'NONE', #2131, 1000.000000000000000 ) ;
#6788 = CARTESIAN_POINT ( 'NONE',  ( -25.68937042237544333, 28.59353571423246976, -4.400000000000000355 ) ) ;
#6789 = VECTOR ( 'NONE', #6908, 1000.000000000000000 ) ;
#6790 = DIRECTION ( 'NONE',  ( -1.000000000000000000, 0.000000000000000000, 0.000000000000000000 ) ) ;
#6791 = CARTESIAN_POINT ( 'NONE',  ( 1.899999999999998801, 3.600000000000003642, 0.1000000000000000056 ) ) ;
#6792 = ORIENTED_EDGE ( 'NONE', *, *, #8073, .F. ) ;
#6793 = AXIS2_PLACEMENT_3D ( 'NONE', #5922, #137, #2731 ) ;
#6794 = ORIENTED_EDGE ( 'NONE', *, *, #1323, .T. ) ;
#6795 = CARTESIAN_POINT ( 'NONE',  ( -25.68937042237543977, 38.44353571423246052, 0.4500000000000001221 ) ) ;
#6796 = DIRECTION ( 'NONE',  ( 0.000000000000000000, 0.000000000000000000, -1.000000000000000000 ) ) ;
#6797 = EDGE_CURVE ( 'NONE', #2584, #6602, #1213, .T. ) ;
#6798 = AXIS2_PLACEMENT_3D ( 'NONE', #6464, #1100, #2637 ) ;
#6799 = CARTESIAN_POINT ( 'NONE',  ( -24.63461873163631211, 22.09100311467075173, -7.349999999999917044 ) ) ;
#6800 = EDGE_CURVE ( 'NONE', #2241, #1696, #4601, .T. ) ;
#6801 = ORIENTED_EDGE ( 'NONE', *, *, #7623, .F. ) ;
#6802 = EDGE_LOOP ( 'NONE', ( #6567, #4799, #3030, #6266, #7601, #4192, #4670, #5475 ) ) ;
#6803 = VERTEX_POINT ( 'NONE', #23 ) ;
#6804 = DIRECTION ( 'NONE',  ( -1.794207403895423791E-16, 1.000000000000000000, 0.000000000000000000 ) ) ;
#6805 = EDGE_LOOP ( 'NONE', ( #3728, #3031, #520, #5431 ) ) ;
#6806 = CARTESIAN_POINT ( 'NONE',  ( -16.89163920131551322, 21.89524132667333944, -7.349999999999987210 ) ) ;
#6807 = ORIENTED_EDGE ( 'NONE', *, *, #3439, .T. ) ;
#6808 = DIRECTION ( 'NONE',  ( -1.794207403895423791E-16, 1.000000000000000000, 0.000000000000000000 ) ) ;
#6809 = DIRECTION ( 'NONE',  ( 0.000000000000000000, 0.000000000000000000, 1.000000000000000000 ) ) ;
#6810 = FACE_OUTER_BOUND ( 'NONE', #5917, .T. ) ;
#6811 = ORIENTED_EDGE ( 'NONE', *, *, #1056, .T. ) ;
#6812 = CARTESIAN_POINT ( 'NONE',  ( -2.100000000000000089, -7.560000000000002274, 1.800000000000000711 ) ) ;
#6813 = CARTESIAN_POINT ( 'NONE',  ( -25.23937042237544048, 23.89353571423246692, -1.400000000000001021 ) ) ;
#6814 = EDGE_CURVE ( 'NONE', #6235, #2861, #2699, .T. ) ;
#6815 = VERTEX_POINT ( 'NONE', #1939 ) ;
#6816 = ORIENTED_EDGE ( 'NONE', *, *, #7767, .T. ) ;
#6817 = DIRECTION ( 'NONE',  ( -1.849011083321077797E-31, 5.782411586589351722E-16, 1.000000000000000000 ) ) ;
#6818 = LINE ( 'NONE', #6271, #6665 ) ;
#6819 = CARTESIAN_POINT ( 'NONE',  ( 0.2999999999999997113, 16.69999999999999574, 2.299999999999999822 ) ) ;
#6820 = DIRECTION ( 'NONE',  ( 0.000000000000000000, 0.000000000000000000, -1.000000000000000000 ) ) ;
#6821 = CARTESIAN_POINT ( 'NONE',  ( -4.400000000000002132, -5.150000000000000355, 5.000000000000000000 ) ) ;
#6822 = CARTESIAN_POINT ( 'NONE',  ( -20.68937042237544688, 33.89353571423244205, 1.449999999999999956 ) ) ;
#6823 = EDGE_CURVE ( 'NONE', #661, #8242, #6410, .T. ) ;
#6824 = ORIENTED_EDGE ( 'NONE', *, *, #3340, .T. ) ;
#6825 = CARTESIAN_POINT ( 'NONE',  ( 0.003233649729229023419, 13.50000000000000000, 3.151279358214723825 ) ) ;
#6826 = CARTESIAN_POINT ( 'NONE',  ( -2.100000000000000089, -11.96000000000000796, 1.800000000000000711 ) ) ;
#6827 = DIRECTION ( 'NONE',  ( -0.7986355100472914970, 0.6018150231520500437, 0.000000000000000000 ) ) ;
#6828 = EDGE_LOOP ( 'NONE', ( #5464, #3228, #3653, #6871 ) ) ;
#6829 = EDGE_LOOP ( 'NONE', ( #4937, #7308, #7712, #2874, #6794, #2291 ) ) ;
#6830 = LINE ( 'NONE', #3625, #3282 ) ;
#6831 = DIRECTION ( 'NONE',  ( 0.000000000000000000, 1.000000000000000000, 0.000000000000000000 ) ) ;
#6832 = DIRECTION ( 'NONE',  ( 1.000000000000000000, 1.971276677246371519E-16, 0.000000000000000000 ) ) ;
#6833 = ORIENTED_EDGE ( 'NONE', *, *, #4580, .T. ) ;
#6834 = ORIENTED_EDGE ( 'NONE', *, *, #4537, .F. ) ;
#6835 = FACE_OUTER_BOUND ( 'NONE', #3132, .T. ) ;
#6836 = ORIENTED_EDGE ( 'NONE', *, *, #475, .T. ) ;
#6837 = ADVANCED_FACE ( 'NONE', ( #7218 ), #5856, .F. ) ;
#6838 = EDGE_CURVE ( 'NONE', #907, #6016, #6545, .T. ) ;
#6839 = CARTESIAN_POINT ( 'NONE',  ( 2.100000000000000089, -7.560000000000000497, 1.800000000000000711 ) ) ;
#6840 = ORIENTED_EDGE ( 'NONE', *, *, #232, .T. ) ;
#6841 = CARTESIAN_POINT ( 'NONE',  ( -25.23937042237544048, 27.59353571423245555, 0.000000000000000000 ) ) ;
#6842 = CARTESIAN_POINT ( 'NONE',  ( -4.400000000000002132, 5.100000000000004086, 5.000000000000000000 ) ) ;
#6843 = EDGE_LOOP ( 'NONE', ( #6684, #7933, #2268, #6834, #2544, #7485 ) ) ;
#6844 = ORIENTED_EDGE ( 'NONE', *, *, #7958, .F. ) ;
#6845 = CARTESIAN_POINT ( 'NONE',  ( 1.250000000000000222, 13.90000000000000036, 3.150000003002861870 ) ) ;
#6846 = DIRECTION ( 'NONE',  ( -1.000000000000000000, 0.000000000000000000, 0.000000000000000000 ) ) ;
#6847 = PLANE ( 'NONE',  #605 ) ;
#6848 = EDGE_LOOP ( 'NONE', ( #2445, #4569, #8148, #6586 ) ) ;
#6849 = DIRECTION ( 'NONE',  ( 1.000000000000000000, 0.000000000000000000, 0.000000000000000000 ) ) ;
#6850 = DIRECTION ( 'NONE',  ( 0.000000000000000000, 0.000000000000000000, 1.000000000000000000 ) ) ;
#6851 = ORIENTED_EDGE ( 'NONE', *, *, #7502, .F. ) ;
#6852 = ORIENTED_EDGE ( 'NONE', *, *, #7672, .T. ) ;
#6853 = LINE ( 'NONE', #2351, #2207 ) ;
#6854 = CARTESIAN_POINT ( 'NONE',  ( -24.03937042237544475, 37.14353571423244915, -4.900000000000003020 ) ) ;
#6855 = CARTESIAN_POINT ( 'NONE',  ( -1.734723475976807094E-15, 0.4500000000000040079, 1.800000000000000711 ) ) ;
#6856 = CARTESIAN_POINT ( 'NONE',  ( -1.000000000000000222, 4.426179070414212546, 2.500000000000000000 ) ) ;
#6857 = PLANE ( 'NONE',  #5977 ) ;
#6858 = DIRECTION ( 'NONE',  ( 0.000000000000000000, 0.000000000000000000, 1.000000000000000000 ) ) ;
#6859 = VERTEX_POINT ( 'NONE', #6491 ) ;
#6860 = DIRECTION ( 'NONE',  ( -0.000000000000000000, -1.000000000000000000, -0.000000000000000000 ) ) ;
#6861 = ADVANCED_FACE ( 'NONE', ( #7843 ), #4012, .F. ) ;
#6862 = EDGE_CURVE ( 'NONE', #5811, #6882, #636, .T. ) ;
#6863 = DIRECTION ( 'NONE',  ( 1.000000000000000000, 0.000000000000000000, 0.000000000000000000 ) ) ;
#6864 = CARTESIAN_POINT ( 'NONE',  ( -0.7967663502707702516, 15.19999999999999751, -2.404700010220583106 ) ) ;
#6865 = ORIENTED_EDGE ( 'NONE', *, *, #987, .F. ) ;
#6866 = VERTEX_POINT ( 'NONE', #5224 ) ;
#6867 = CARTESIAN_POINT ( 'NONE',  ( -22.98937042237544404, 38.09353571423245910, 0.4500000000000001221 ) ) ;
#6868 = DIRECTION ( 'NONE',  ( 0.000000000000000000, -2.891205793294675467E-15, -1.000000000000000000 ) ) ;
#6869 = DIRECTION ( 'NONE',  ( 0.000000000000000000, 0.000000000000000000, -1.000000000000000000 ) ) ;
#6870 = ORIENTED_EDGE ( 'NONE', *, *, #4969, .F. ) ;
#6871 = ORIENTED_EDGE ( 'NONE', *, *, #4875, .T. ) ;
#6872 = CARTESIAN_POINT ( 'NONE',  ( 1.479999999999999982, 16.49999999999999645, 0.8499999999999999778 ) ) ;
#6873 = ADVANCED_FACE ( 'NONE', ( #73 ), #8313, .T. ) ;
#6874 = ORIENTED_EDGE ( 'NONE', *, *, #3950, .F. ) ;
#6875 = AXIS2_PLACEMENT_3D ( 'NONE', #7465, #6860, #2307 ) ;
#6876 = CARTESIAN_POINT ( 'NONE',  ( 0.000000000000000000, 18.00000000000000711, 0.000000000000000000 ) ) ;
#6877 = VERTEX_POINT ( 'NONE', #2659 ) ;
#6878 = CIRCLE ( 'NONE', #687, 0.6500000000000000222 ) ;
#6879 = LINE ( 'NONE', #3010, #5524 ) ;
#6880 = LINE ( 'NONE', #3060, #7715 ) ;
#6881 = ADVANCED_FACE ( 'NONE', ( #3881 ), #3174, .T. ) ;
#6882 = VERTEX_POINT ( 'NONE', #2530 ) ;
#6883 = ORIENTED_EDGE ( 'NONE', *, *, #290, .F. ) ;
#6884 = CARTESIAN_POINT ( 'NONE',  ( -2.500000000000000000, -5.950000000000001066, 2.100000000000000089 ) ) ;
#6885 = DIRECTION ( 'NONE',  ( -0.000000000000000000, -1.000000000000000000, -0.000000000000000000 ) ) ;
#6886 = DIRECTION ( 'NONE',  ( 0.000000000000000000, 0.000000000000000000, 1.000000000000000000 ) ) ;
#6887 = DIRECTION ( 'NONE',  ( -1.000000000000000000, 1.734723475976806848E-16, 0.000000000000000000 ) ) ;
#6888 = ORIENTED_EDGE ( 'NONE', *, *, #5889, .T. ) ;
#6889 = DIRECTION ( 'NONE',  ( 0.000000000000000000, 0.000000000000000000, 1.000000000000000000 ) ) ;
#6890 = CARTESIAN_POINT ( 'NONE',  ( -16.98937042237545114, 38.09353571423245910, 0.4500000000000001221 ) ) ;
#6891 = AXIS2_PLACEMENT_3D ( 'NONE', #1493, #864, #8066 ) ;
#6892 = EDGE_CURVE ( 'NONE', #7996, #4097, #7957, .T. ) ;
#6893 = EDGE_CURVE ( 'NONE', #6566, #6594, #5388, .T. ) ;
#6894 = VERTEX_POINT ( 'NONE', #7802 ) ;
#6895 = ORIENTED_EDGE ( 'NONE', *, *, #2906, .F. ) ;
#6896 = VERTEX_POINT ( 'NONE', #1982 ) ;
#6897 = DIRECTION ( 'NONE',  ( 0.9999994735200916640, 0.000000000000000000, -0.001026138167771969935 ) ) ;
#6898 = CARTESIAN_POINT ( 'NONE',  ( -0.2999999999999993228, 16.69999999999999574, 0.000000000000000000 ) ) ;
#6899 = CARTESIAN_POINT ( 'NONE',  ( -15.87785515946733561, 20.16791091632078903, -6.226201686245635081 ) ) ;
#6900 = LINE ( 'NONE', #2433, #1622 ) ;
#6901 = CARTESIAN_POINT ( 'NONE',  ( -25.68937042237544333, 27.59353571423245910, -5.350000000000000533 ) ) ;
#6902 = VECTOR ( 'NONE', #6251, 1000.000000000000000 ) ;
#6903 = DIRECTION ( 'NONE',  ( -3.197646960325912517E-16, 1.000000000000000000, 0.000000000000000000 ) ) ;
#6904 = AXIS2_PLACEMENT_3D ( 'NONE', #7629, #7537, #1805 ) ;
#6905 = AXIS2_PLACEMENT_3D ( 'NONE', #8235, #2450, #5695 ) ;
#6906 = AXIS2_PLACEMENT_3D ( 'NONE', #6330, #5820, #3139 ) ;
#6907 = CARTESIAN_POINT ( 'NONE',  ( -4.100000000000001421, 0.4500000000000045075, 5.000000000000000000 ) ) ;
#6908 = DIRECTION ( 'NONE',  ( 0.000000000000000000, 1.000000000000000000, 0.000000000000000000 ) ) ;
#6909 = CIRCLE ( 'NONE', #438, 0.6500000000000001332 ) ;
#6910 = DIRECTION ( 'NONE',  ( 1.000000000000000000, 0.000000000000000000, 0.000000000000000000 ) ) ;
#6911 = DIRECTION ( 'NONE',  ( -1.000000000000000000, 0.000000000000000000, 0.000000000000000000 ) ) ;
#6912 = ORIENTED_EDGE ( 'NONE', *, *, #7367, .T. ) ;
#6913 = FACE_OUTER_BOUND ( 'NONE', #3336, .T. ) ;
#6914 = CIRCLE ( 'NONE', #7597, 3.500000000000000000 ) ;
#6915 = CIRCLE ( 'NONE', #857, 3.850000000000000089 ) ;
#6916 = CARTESIAN_POINT ( 'NONE',  ( -4.100000000000001421, 0.4500000000000045075, 2.500000000000000000 ) ) ;
#6917 = LINE ( 'NONE', #8187, #181 ) ;
#6918 = EDGE_CURVE ( 'NONE', #1909, #1412, #4474, .T. ) ;
#6919 = ORIENTED_EDGE ( 'NONE', *, *, #6051, .F. ) ;
#6920 = VECTOR ( 'NONE', #1524, 1000.000000000000114 ) ;
#6921 = CARTESIAN_POINT ( 'NONE',  ( 0.4999999999999982792, -2.050000000000000711, 0.5000000000000000000 ) ) ;
#6922 = ORIENTED_EDGE ( 'NONE', *, *, #8016, .T. ) ;
#6923 = AXIS2_PLACEMENT_3D ( 'NONE', #3070, #8204, #4997 ) ;
#6924 = VECTOR ( 'NONE', #1495, 1000.000000000000000 ) ;
#6925 = SURFACE_STYLE_FILL_AREA ( #1645 ) ;
#6926 = DIRECTION ( 'NONE',  ( 2.282530889443169980E-16, 1.000000000000000000, 0.000000000000000000 ) ) ;
#6927 = LINE ( 'NONE', #4986, #5819 ) ;
#6928 = EDGE_CURVE ( 'NONE', #8290, #3359, #7167, .T. ) ;
#6929 = AXIS2_PLACEMENT_3D ( 'NONE', #619, #1906, #7102 ) ;
#6930 = VERTEX_POINT ( 'NONE', #2569 ) ;
#6931 = ORIENTED_EDGE ( 'NONE', *, *, #1323, .F. ) ;
#6932 = ORIENTED_EDGE ( 'NONE', *, *, #7411, .F. ) ;
#6933 = DIRECTION ( 'NONE',  ( 0.000000000000000000, 0.000000000000000000, 1.000000000000000000 ) ) ;
#6934 = DIRECTION ( 'NONE',  ( 1.000000000000000000, 3.197646960325912517E-16, 0.000000000000000000 ) ) ;
#6935 = ADVANCED_FACE ( 'NONE', ( #5141 ), #6445, .F. ) ;
#6936 = ORIENTED_EDGE ( 'NONE', *, *, #2056, .T. ) ;
#6937 = CARTESIAN_POINT ( 'NONE',  ( 1.750000000000000000, -5.949999999999999289, 1.800000000000000266 ) ) ;
#6938 = DIRECTION ( 'NONE',  ( 0.000000000000000000, 1.000000000000000000, 0.000000000000000000 ) ) ;
#6939 = ORIENTED_EDGE ( 'NONE', *, *, #1607, .T. ) ;
#6940 = SHAPE_REPRESENTATION ( 'PT01_20D_SHAFT', ( #4879 ), #2186 ) ;
#6941 = ORIENTED_EDGE ( 'NONE', *, *, #1048, .T. ) ;
#6942 = ORIENTED_EDGE ( 'NONE', *, *, #4877, .F. ) ;
#6943 = DIRECTION ( 'NONE',  ( -1.000000000000000000, 0.000000000000000000, 0.000000000000000000 ) ) ;
#6944 = DIRECTION ( 'NONE',  ( -1.000000000000000000, 0.000000000000000000, 0.000000000000000000 ) ) ;
#6945 = FACE_OUTER_BOUND ( 'NONE', #4451, .T. ) ;
#6946 = CARTESIAN_POINT ( 'NONE',  ( -24.03937042237544475, 37.79353571423245484, -4.900000000000003020 ) ) ;
#6947 = ADVANCED_FACE ( 'NONE', ( #2019 ), #759, .F. ) ;
#6948 = ADVANCED_FACE ( 'NONE', ( #912 ), #3493, .T. ) ;
#6949 = DIRECTION ( 'NONE',  ( -1.000000000000000000, 0.000000000000000000, 0.000000000000000000 ) ) ;
#6950 = LINE ( 'NONE', #8213, #7046 ) ;
#6951 = CARTESIAN_POINT ( 'NONE',  ( 0.000000000000000000, 7.000000000000000000, 0.000000000000000000 ) ) ;
#6952 = ORIENTED_EDGE ( 'NONE', *, *, #6969, .F. ) ;
#6953 = DIRECTION ( 'NONE',  ( 0.000000000000000000, 0.000000000000000000, -1.000000000000000000 ) ) ;
#6954 = DIRECTION ( 'NONE',  ( 1.000000000000000000, -2.282530889443169980E-16, 0.000000000000000000 ) ) ;
#6955 = CARTESIAN_POINT ( 'NONE',  ( 3.261177379365211237, 15.89999999999999680, -0.5047000102205829730 ) ) ;
#6956 = ORIENTED_EDGE ( 'NONE', *, *, #4767, .T. ) ;
#6957 = DIRECTION ( 'NONE',  ( 1.000000000000000000, 0.000000000000000000, 0.000000000000000000 ) ) ;
#6958 = FACE_OUTER_BOUND ( 'NONE', #7650, .T. ) ;
#6959 = LINE ( 'NONE', #8274, #7196 ) ;
#6960 = EDGE_LOOP ( 'NONE', ( #7518, #7504, #413, #6692, #3062, #6334 ) ) ;
#6961 = CARTESIAN_POINT ( 'NONE',  ( -24.97039759240870183, 21.92455496882227450, -5.349999999999999645 ) ) ;
#6962 = ORIENTED_EDGE ( 'NONE', *, *, #6151, .T. ) ;
#6963 = EDGE_CURVE ( 'NONE', #1781, #5852, #2744, .T. ) ;
#6964 = PLANE ( 'NONE',  #6231 ) ;
#6965 = DIRECTION ( 'NONE',  ( 0.000000000000000000, -1.000000000000000000, 0.000000000000000000 ) ) ;
#6966 = CARTESIAN_POINT ( 'NONE',  ( -15.68937042237545931, 38.44353571423245342, -5.349999999999999645 ) ) ;
#6967 = ORIENTED_EDGE ( 'NONE', *, *, #1148, .T. ) ;
#6968 = ORIENTED_EDGE ( 'NONE', *, *, #2091, .T. ) ;
#6969 = EDGE_CURVE ( 'NONE', #1838, #352, #7821, .T. ) ;
#6970 =( NAMED_UNIT ( * ) PLANE_ANGLE_UNIT ( ) SI_UNIT ( $, .RADIAN. ) );
#6971 = ORIENTED_EDGE ( 'NONE', *, *, #7892, .T. ) ;
#6972 = ADVANCED_FACE ( 'NONE', ( #1467 ), #324, .F. ) ;
#6973 = CARTESIAN_POINT ( 'NONE',  ( -4.400000000000002132, -5.950000000000000178, 5.000000000000000000 ) ) ;
#6974 = CARTESIAN_POINT ( 'NONE',  ( 2.900000000000000799, -11.96000000000000618, 1.800000000000000266 ) ) ;
#6975 = ORIENTED_EDGE ( 'NONE', *, *, #3968, .T. ) ;
#6976 = CARTESIAN_POINT ( 'NONE',  ( -25.68937042237544333, 30.64353571423245626, -4.400000000000000355 ) ) ;
#6977 = LINE ( 'NONE', #3702, #6518 ) ;
#6978 = VERTEX_POINT ( 'NONE', #2866 ) ;
#6979 = EDGE_LOOP ( 'NONE', ( #2926, #7131, #8331, #3175 ) ) ;
#6980 = ORIENTED_EDGE ( 'NONE', *, *, #7760, .T. ) ;
#6981 = DIRECTION ( 'NONE',  ( -0.000000000000000000, -1.000000000000000000, -0.000000000000000000 ) ) ;
#6982 = CARTESIAN_POINT ( 'NONE',  ( -15.68937042237545576, 25.89353571423245270, -8.800000000000002487 ) ) ;
#6983 = DIRECTION ( 'NONE',  ( -1.000000000000000000, 0.000000000000000000, 0.000000000000000000 ) ) ;
#6984 = DIRECTION ( 'NONE',  ( 0.000000000000000000, 0.000000000000000000, -1.000000000000000000 ) ) ;
#6985 = CARTESIAN_POINT ( 'NONE',  ( 3.250000000000001332, -5.949999999999999289, 2.100000000000000089 ) ) ;
#6986 = ORIENTED_EDGE ( 'NONE', *, *, #2763, .F. ) ;
#6987 = EDGE_CURVE ( 'NONE', #4266, #5401, #1346, .T. ) ;
#6988 = EDGE_CURVE ( 'NONE', #2795, #789, #149, .T. ) ;
#6989 = DIRECTION ( 'NONE',  ( 0.000000000000000000, 0.000000000000000000, 1.000000000000000000 ) ) ;
#6990 = CARTESIAN_POINT ( 'NONE',  ( 0.000000000000000000, -7.560000000000000497, 2.100000000000000089 ) ) ;
#6991 = DIRECTION ( 'NONE',  ( 1.000000000000000000, 0.000000000000000000, 0.000000000000000000 ) ) ;
#6992 = CARTESIAN_POINT ( 'NONE',  ( -25.68937042237544333, 29.34353571423245910, -4.400000000000000355 ) ) ;
#6993 = VERTEX_POINT ( 'NONE', #7893 ) ;
#6994 = ORIENTED_EDGE ( 'NONE', *, *, #1583, .F. ) ;
#6995 = PLANE ( 'NONE',  #2606 ) ;
#6996 = CARTESIAN_POINT ( 'NONE',  ( -15.60729651564734688, 20.31262316951115565, -6.165236756138606111 ) ) ;
#6997 = ORIENTED_EDGE ( 'NONE', *, *, #4170, .T. ) ;
#6998 = AXIS2_PLACEMENT_3D ( 'NONE', #1822, #3180, #513 ) ;
#6999 = ADVANCED_FACE ( 'NONE', ( #8011 ), #6703, .T. ) ;
#7000 = EDGE_CURVE ( 'NONE', #4567, #7701, #5426, .T. ) ;
#7001 = DIRECTION ( 'NONE',  ( -0.000000000000000000, -0.000000000000000000, -1.000000000000000000 ) ) ;
#7002 = DIRECTION ( 'NONE',  ( -0.7071067811865444641, 0.7071067811865505703, 0.000000000000000000 ) ) ;
#7003 = ORIENTED_EDGE ( 'NONE', *, *, #560, .F. ) ;
#7004 = LINE ( 'NONE', #8285, #1252 ) ;
#7005 = CARTESIAN_POINT ( 'NONE',  ( -22.98937042237544048, 29.69353571423244986, 0.4500000000000001221 ) ) ;
#7006 = VECTOR ( 'NONE', #7372, 1000.000000000000000 ) ;
#7007 = VECTOR ( 'NONE', #1813, 1000.000000000000000 ) ;
#7008 = ORIENTED_EDGE ( 'NONE', *, *, #8156, .F. ) ;
#7009 = CIRCLE ( 'NONE', #6193, 3.300000000000000266 ) ;
#7010 = CARTESIAN_POINT ( 'NONE',  ( 0.4499999999999991229, -3.625230054855794304, 2.500000000000000000 ) ) ;
#7011 = VERTEX_POINT ( 'NONE', #4136 ) ;
#7012 = DIRECTION ( 'NONE',  ( 0.5147285590694861135, 0.000000000000000000, 0.8573532005412066725 ) ) ;
#7013 = DIRECTION ( 'NONE',  ( 1.000000000000000000, 0.000000000000000000, 0.000000000000000000 ) ) ;
#7014 = EDGE_LOOP ( 'NONE', ( #482, #124, #7625, #1410, #7101, #3141, #526 ) ) ;
#7015 = FACE_OUTER_BOUND ( 'NONE', #8319, .T. ) ;
#7016 = CARTESIAN_POINT ( 'NONE',  ( -0.6500000000000019096, 0.4500000000000040079, 5.000000000000000000 ) ) ;
#7017 = EDGE_CURVE ( 'NONE', #1, #5378, #6581, .T. ) ;
#7018 = ADVANCED_FACE ( 'NONE', ( #7965 ), #7926, .F. ) ;
#7019 = AXIS2_PLACEMENT_3D ( 'NONE', #4030, #7353, #4153 ) ;
#7020 = ORIENTED_EDGE ( 'NONE', *, *, #7913, .T. ) ;
#7021 = EDGE_LOOP ( 'NONE', ( #4682, #8141, #4235, #373 ) ) ;
#7022 = CARTESIAN_POINT ( 'NONE',  ( 0.9827370646086344141, 13.50000000000000000, 3.150274251846084450 ) ) ;
#7023 = FACE_OUTER_BOUND ( 'NONE', #4310, .T. ) ;
#7024 = AXIS2_PLACEMENT_3D ( 'NONE', #7439, #1193, #5082 ) ;
#7025 = FACE_OUTER_BOUND ( 'NONE', #296, .T. ) ;
#7026 = LINE ( 'NONE', #6171, #3158 ) ;
#7027 = DIRECTION ( 'NONE',  ( 0.000000000000000000, 0.000000000000000000, -1.000000000000000000 ) ) ;
#7028 = DIRECTION ( 'NONE',  ( 0.000000000000000000, 1.000000000000000000, 0.000000000000000000 ) ) ;
#7029 = AXIS2_PLACEMENT_3D ( 'NONE', #7251, #5983, #5264 ) ;
#7030 = ADVANCED_FACE ( 'NONE', ( #833 ), #4758, .F. ) ;
#7031 = ORIENTED_EDGE ( 'NONE', *, *, #30, .T. ) ;
#7032 = VECTOR ( 'NONE', #2585, 1000.000000000000000 ) ;
#7033 = CARTESIAN_POINT ( 'NONE',  ( -23.68937042237543977, 29.69353571423244986, 0.4500000000000001221 ) ) ;
#7034 = VECTOR ( 'NONE', #6403, 1000.000000000000000 ) ;
#7035 = DIRECTION ( 'NONE',  ( 1.000000000000000000, 0.000000000000000000, 0.000000000000000000 ) ) ;
#7036 = CARTESIAN_POINT ( 'NONE',  ( -15.68937042237545221, 22.89353571423245270, -7.349999999999987210 ) ) ;
#7037 = EDGE_CURVE ( 'NONE', #1153, #6866, #2228, .T. ) ;
#7038 = AXIS2_PLACEMENT_3D ( 'NONE', #7684, #4533, #5654 ) ;
#7039 = EDGE_LOOP ( 'NONE', ( #2425, #94, #894, #7848 ) ) ;
#7040 = LINE ( 'NONE', #3883, #3683 ) ;
#7041 = PLANE ( 'NONE',  #7602 ) ;
#7042 = AXIS2_PLACEMENT_3D ( 'NONE', #5402, #4699, #4734 ) ;
#7043 = ORIENTED_EDGE ( 'NONE', *, *, #6737, .F. ) ;
#7044 = VECTOR ( 'NONE', #4445, 1000.000000000000000 ) ;
#7045 = DIRECTION ( 'NONE',  ( -1.000000000000000000, 0.000000000000000000, 0.000000000000000000 ) ) ;
#7046 = VECTOR ( 'NONE', #4966, 1000.000000000000000 ) ;
#7047 = CARTESIAN_POINT ( 'NONE',  ( 0.000000000000000000, 16.69999999999999574, 0.000000000000000000 ) ) ;
#7048 = VECTOR ( 'NONE', #7628, 1000.000000000000000 ) ;
#7049 = EDGE_CURVE ( 'NONE', #3939, #7702, #6739, .T. ) ;
#7050 = VERTEX_POINT ( 'NONE', #2916 ) ;
#7051 = EDGE_CURVE ( 'NONE', #4815, #1057, #1077, .T. ) ;
#7052 = PLANE ( 'NONE',  #1948 ) ;
#7053 = DIRECTION ( 'NONE',  ( 0.000000000000000000, 0.000000000000000000, 1.000000000000000000 ) ) ;
#7054 = VECTOR ( 'NONE', #2092, 1000.000000000000000 ) ;
#7055 = AXIS2_PLACEMENT_3D ( 'NONE', #7703, #5366, #7093 ) ;
#7056 = VECTOR ( 'NONE', #8248, 1000.000000000000000 ) ;
#7057 = CIRCLE ( 'NONE', #6242, 4.099999999999999645 ) ;
#7058 = ORIENTED_EDGE ( 'NONE', *, *, #2721, .T. ) ;
#7059 = AXIS2_PLACEMENT_3D ( 'NONE', #6116, #4347, #958 ) ;
#7060 = AXIS2_PLACEMENT_3D ( 'NONE', #7249, #1465, #2913 ) ;
#7061 = DIRECTION ( 'NONE',  ( -0.8576327000907293385, 0.000000000000000000, -0.5142627263715359165 ) ) ;
#7062 = EDGE_LOOP ( 'NONE', ( #6523, #1575, #2853, #586, #2235 ) ) ;
#7063 = DIRECTION ( 'NONE',  ( 0.000000000000000000, 1.000000000000000000, 0.000000000000000000 ) ) ;
#7064 = DIRECTION ( 'NONE',  ( 0.000000000000000000, 0.000000000000000000, -1.000000000000000000 ) ) ;
#7065 = ORIENTED_EDGE ( 'NONE', *, *, #3314, .F. ) ;
#7066 = EDGE_CURVE ( 'NONE', #7478, #1725, #7412, .T. ) ;
#7067 = CARTESIAN_POINT ( 'NONE',  ( -25.23937042237544048, 38.09353571423245910, 0.000000000000000000 ) ) ;
#7068 = DIRECTION ( 'NONE',  ( 0.000000000000000000, 1.000000000000000000, 0.000000000000000000 ) ) ;
#7069 = CIRCLE ( 'NONE', #2349, 0.6000000000000001998 ) ;
#7070 = CIRCLE ( 'NONE', #6541, 0.6999999999999992895 ) ;
#7071 = VERTEX_POINT ( 'NONE', #793 ) ;
#7072 = VERTEX_POINT ( 'NONE', #3369 ) ;
#7073 = VERTEX_POINT ( 'NONE', #1170 ) ;
#7074 = DIRECTION ( 'NONE',  ( 1.000000000000000000, 0.000000000000000000, 0.000000000000000000 ) ) ;
#7075 = DIRECTION ( 'NONE',  ( -1.000000000000000000, 0.000000000000000000, 0.000000000000000000 ) ) ;
#7076 = DIRECTION ( 'NONE',  ( 1.000000000000000000, 0.000000000000000000, 0.000000000000000000 ) ) ;
#7077 = EDGE_CURVE ( 'NONE', #2507, #4443, #8084, .T. ) ;
#7078 = DIRECTION ( 'NONE',  ( 1.541976423090495476E-14, 1.065645045353142775E-30, 1.000000000000000000 ) ) ;
#7079 = LINE ( 'NONE', #7756, #3965 ) ;
#7080 = CARTESIAN_POINT ( 'NONE',  ( 1.899999999999999023, 5.100000000000004086, 0.1000000000000000056 ) ) ;
#7081 = DIRECTION ( 'NONE',  ( -0.000000000000000000, -1.000000000000000000, -0.000000000000000000 ) ) ;
#7082 = ORIENTED_EDGE ( 'NONE', *, *, #2695, .F. ) ;
#7083 = CARTESIAN_POINT ( 'NONE',  ( -0.7967663502707699186, 15.19999999999999751, 0.000000000000000000 ) ) ;
#7084 = LINE ( 'NONE', #2614, #182 ) ;
#7085 = PRODUCT_CONTEXT ( 'NONE', #5777, 'mechanical' ) ;
#7086 = ADVANCED_FACE ( 'NONE', ( #7583 ), #2985, .T. ) ;
#7087 = DIRECTION ( 'NONE',  ( -1.734723475976807094E-16, 1.000000000000000000, 0.000000000000000000 ) ) ;
#7088 = FACE_OUTER_BOUND ( 'NONE', #5535, .T. ) ;
#7089 = PLANE ( 'NONE',  #5960 ) ;
#7090 = LINE ( 'NONE', #3727, #3431 ) ;
#7091 = ORIENTED_EDGE ( 'NONE', *, *, #4888, .T. ) ;
#7092 = CARTESIAN_POINT ( 'NONE',  ( -5.421010862427522170E-16, 0.4500000000000033418, 0.5000000000000000000 ) ) ;
#7093 = DIRECTION ( 'NONE',  ( 1.000000000000000000, 0.000000000000000000, 0.000000000000000000 ) ) ;
#7094 = PLANE ( 'NONE',  #3152 ) ;
#7095 = CARTESIAN_POINT ( 'NONE',  ( -1.734723475976807094E-15, 0.4500000000000040079, 1.800000000000000711 ) ) ;
#7096 = CARTESIAN_POINT ( 'NONE',  ( -0.7967663502707700296, 16.69999999999999574, -1.604700010220583728 ) ) ;
#7097 = ADVANCED_FACE ( 'NONE', ( #8127 ), #399, .T. ) ;
#7098 = EDGE_CURVE ( 'NONE', #4488, #4258, #2838, .T. ) ;
#7099 = VERTEX_POINT ( 'NONE', #5594 ) ;
#7100 = DIRECTION ( 'NONE',  ( -1.000000000000000000, 0.000000000000000000, 0.000000000000000000 ) ) ;
#7101 = ORIENTED_EDGE ( 'NONE', *, *, #4119, .F. ) ;
#7102 = DIRECTION ( 'NONE',  ( -1.000000000000000000, 0.000000000000000000, 0.000000000000000000 ) ) ;
#7103 = CARTESIAN_POINT ( 'NONE',  ( 0.000000000000000000, 0.000000000000000000, 1.800000000000000266 ) ) ;
#7104 = ORIENTED_EDGE ( 'NONE', *, *, #5542, .F. ) ;
#7105 = DIRECTION ( 'NONE',  ( -1.000000000000000000, 0.000000000000000000, 0.000000000000000000 ) ) ;
#7106 = DIRECTION ( 'NONE',  ( -0.000000000000000000, -0.000000000000000000, -1.000000000000000000 ) ) ;
#7107 = EDGE_LOOP ( 'NONE', ( #245, #1776, #2087, #6941 ) ) ;
#7108 = EDGE_CURVE ( 'NONE', #2166, #1707, #3578, .T. ) ;
#7109 = ORIENTED_EDGE ( 'NONE', *, *, #8016, .F. ) ;
#7110 = ORIENTED_EDGE ( 'NONE', *, *, #4690, .T. ) ;
#7111 = DIRECTION ( 'NONE',  ( 0.000000000000000000, 0.000000000000000000, 1.000000000000000000 ) ) ;
#7112 = CARTESIAN_POINT ( 'NONE',  ( 1.899999999999996358, -4.200000000000000178, 0.1000000000000000056 ) ) ;
#7113 = DIRECTION ( 'NONE',  ( 0.4716391717554017649, 0.8817916373304289790, -7.272564830527581402E-15 ) ) ;
#7114 = DIRECTION ( 'NONE',  ( 1.000000000000000000, 4.064344109622261663E-48, -3.045815321968685843E-32 ) ) ;
#7115 = DIRECTION ( 'NONE',  ( 1.000000000000000000, 0.000000000000000000, 0.000000000000000000 ) ) ;
#7116 = PLANE ( 'NONE',  #7182 ) ;
#7117 = LINE ( 'NONE', #4513, #3532 ) ;
#7118 = EDGE_LOOP ( 'NONE', ( #7276, #7788, #382, #2466 ) ) ;
#7119 = EDGE_CURVE ( 'NONE', #7447, #4955, #2949, .T. ) ;
#7120 = ORIENTED_EDGE ( 'NONE', *, *, #949, .T. ) ;
#7121 = CARTESIAN_POINT ( 'NONE',  ( -3.000000000000001776, 4.650000000000003908, 5.599999999999999645 ) ) ;
#7122 = CARTESIAN_POINT ( 'NONE',  ( -1.249999999999999334, 13.90000000000000036, 3.152565349772896486 ) ) ;
#7123 = DIRECTION ( 'NONE',  ( -0.000000000000000000, -0.000000000000000000, -1.000000000000000000 ) ) ;
#7124 = LINE ( 'NONE', #1984, #4616 ) ;
#7125 = LINE ( 'NONE', #7170, #7185 ) ;
#7126 = ORIENTED_EDGE ( 'NONE', *, *, #4860, .F. ) ;
#7127 = EDGE_CURVE ( 'NONE', #689, #5705, #5543, .T. ) ;
#7128 = EDGE_CURVE ( 'NONE', #8053, #7164, #1034, .T. ) ;
#7129 = ADVANCED_FACE ( 'NONE', ( #5632 ), #2481, .F. ) ;
#7130 = DIRECTION ( 'NONE',  ( -1.000000000000000000, 0.000000000000000000, 0.000000000000000000 ) ) ;
#7131 = ORIENTED_EDGE ( 'NONE', *, *, #512, .F. ) ;
#7132 = CARTESIAN_POINT ( 'NONE',  ( -16.13937042237545327, 23.89353571423246336, -8.800000000000000711 ) ) ;
#7133 = PLANE ( 'NONE',  #8118 ) ;
#7134 = CARTESIAN_POINT ( 'NONE',  ( -4.400000000000002132, -2.700000000000001066, 0.1000000000000000056 ) ) ;
#7135 = CIRCLE ( 'NONE', #2966, 0.3500000000000000333 ) ;
#7136 = LINE ( 'NONE', #8358, #5304 ) ;
#7137 = EDGE_CURVE ( 'NONE', #1696, #1853, #537, .T. ) ;
#7138 = ORIENTED_EDGE ( 'NONE', *, *, #3912, .T. ) ;
#7139 = CARTESIAN_POINT ( 'NONE',  ( -25.77144432910365168, 20.31262316951115920, -6.534763243861285709 ) ) ;
#7140 = VERTEX_POINT ( 'NONE', #1074 ) ;
#7141 = FACE_OUTER_BOUND ( 'NONE', #862, .T. ) ;
#7142 = PLANE ( 'NONE',  #2628 ) ;
#7143 = ORIENTED_EDGE ( 'NONE', *, *, #7905, .T. ) ;
#7144 = VECTOR ( 'NONE', #3613, 1000.000000000000000 ) ;
#7145 = DIRECTION ( 'NONE',  ( 0.000000000000000000, 0.000000000000000000, 1.000000000000000000 ) ) ;
#7146 = DIRECTION ( 'NONE',  ( 3.197646960325912517E-16, -1.000000000000000000, 0.000000000000000000 ) ) ;
#7147 = ADVANCED_FACE ( 'NONE', ( #3078 ), #8212, .T. ) ;
#7148 = AXIS2_PLACEMENT_3D ( 'NONE', #1717, #6223, #8263 ) ;
#7149 = ORIENTED_EDGE ( 'NONE', *, *, #2473, .T. ) ;
#7150 = AXIS2_PLACEMENT_3D ( 'NONE', #2054, #1497, #1551 ) ;
#7151 = EDGE_LOOP ( 'NONE', ( #2765, #4156, #6599, #5751 ) ) ;
#7152 = EDGE_LOOP ( 'NONE', ( #4502, #686, #3477, #7175 ) ) ;
#7153 = DIRECTION ( 'NONE',  ( 2.154044051295704582E-16, 0.000000000000000000, -1.000000000000000000 ) ) ;
#7154 = DIRECTION ( 'NONE',  ( 0.000000000000000000, 0.000000000000000000, 1.000000000000000000 ) ) ;
#7155 = DIRECTION ( 'NONE',  ( 1.000000000000000000, 0.000000000000000000, 0.000000000000000000 ) ) ;
#7156 = ORIENTED_EDGE ( 'NONE', *, *, #5813, .F. ) ;
#7157 = DIRECTION ( 'NONE',  ( -1.000000000000000000, -0.000000000000000000, -0.000000000000000000 ) ) ;
#7158 = CARTESIAN_POINT ( 'NONE',  ( -25.68937042237544333, 23.89353571423246692, 0.000000000000000000 ) ) ;
#7159 = ADVANCED_FACE ( 'NONE', ( #6139, #6215, #360, #4249, #4387, #5503 ), #8081, .T. ) ;
#7160 = CYLINDRICAL_SURFACE ( 'NONE', #1386, 0.6500000000000047962 ) ;
#7161 = DIRECTION ( 'NONE',  ( -0.000000000000000000, -0.000000000000000000, -1.000000000000000000 ) ) ;
#7162 = EDGE_CURVE ( 'NONE', #6038, #6180, #6900, .T. ) ;
#7163 = VECTOR ( 'NONE', #4908, 1000.000000000000114 ) ;
#7164 = VERTEX_POINT ( 'NONE', #448 ) ;
#7165 = ORIENTED_EDGE ( 'NONE', *, *, #81, .T. ) ;
#7166 = CYLINDRICAL_SURFACE ( 'NONE', #7687, 0.6999999999999992895 ) ;
#7167 = LINE ( 'NONE', #675, #7414 ) ;
#7168 = CIRCLE ( 'NONE', #3805, 3.500000000000000000 ) ;
#7169 = DIRECTION ( 'NONE',  ( -0.000000000000000000, -1.000000000000000000, -0.000000000000000000 ) ) ;
#7170 = CARTESIAN_POINT ( 'NONE',  ( 0.000000000000000000, 3.600000000000003642, 0.000000000000000000 ) ) ;
#7171 = ADVANCED_FACE ( 'NONE', ( #2955 ), #7417, .T. ) ;
#7172 = ORIENTED_EDGE ( 'NONE', *, *, #1055, .F. ) ;
#7173 = AXIS2_PLACEMENT_3D ( 'NONE', #6440, #3405, #7836 ) ;
#7174 = LINE ( 'NONE', #765, #5647 ) ;
#7175 = ORIENTED_EDGE ( 'NONE', *, *, #7066, .T. ) ;
#7176 = LINE ( 'NONE', #3981, #1792 ) ;
#7177 = EDGE_CURVE ( 'NONE', #1917, #6038, #1440, .T. ) ;
#7178 = FACE_OUTER_BOUND ( 'NONE', #1282, .T. ) ;
#7179 = VECTOR ( 'NONE', #7902, 1000.000000000000000 ) ;
#7180 = CARTESIAN_POINT ( 'NONE',  ( -25.23937042237544404, 38.44353571423246052, 0.4500000000000001221 ) ) ;
#7181 = CARTESIAN_POINT ( 'NONE',  ( -1.330000000000000071, 16.69999999999999574, 0.8499999999999999778 ) ) ;
#7182 = AXIS2_PLACEMENT_3D ( 'NONE', #4512, #5096, #6537 ) ;
#7183 = VERTEX_POINT ( 'NONE', #5059 ) ;
#7184 = VECTOR ( 'NONE', #5109, 1000.000000000000000 ) ;
#7185 = VECTOR ( 'NONE', #152, 1000.000000000000000 ) ;
#7186 = FACE_OUTER_BOUND ( 'NONE', #1209, .T. ) ;
#7187 = EDGE_LOOP ( 'NONE', ( #7961, #571, #8028, #318 ) ) ;
#7188 = FACE_OUTER_BOUND ( 'NONE', #4003, .T. ) ;
#7189 = AXIS2_PLACEMENT_3D ( 'NONE', #920, #85, #3345 ) ;
#7190 = EDGE_LOOP ( 'NONE', ( #1692, #7661, #5681, #6754 ) ) ;
#7191 = EDGE_CURVE ( 'NONE', #7973, #5671, #4991, .T. ) ;
#7192 = CARTESIAN_POINT ( 'NONE',  ( -15.68937042237545576, 24.39353571423245626, -1.400000000000001021 ) ) ;
#7193 = VECTOR ( 'NONE', #3648, 1000.000000000000000 ) ;
#7194 = VECTOR ( 'NONE', #98, 1000.000000000000000 ) ;
#7195 = ORIENTED_EDGE ( 'NONE', *, *, #4559, .T. ) ;
#7196 = VECTOR ( 'NONE', #3884, 1000.000000000000000 ) ;
#7197 = CIRCLE ( 'NONE', #1656, 4.099999999999999645 ) ;
#7198 = EDGE_LOOP ( 'NONE', ( #6192, #5480, #5241, #7515 ) ) ;
#7199 = ORIENTED_EDGE ( 'NONE', *, *, #6157, .T. ) ;
#7200 = CARTESIAN_POINT ( 'NONE',  ( -25.68937042237545043, 28.59353571423246620, -4.400000000000000355 ) ) ;
#7201 = CYLINDRICAL_SURFACE ( 'NONE', #6104, 0.3500000000000000333 ) ;
#7202 = CARTESIAN_POINT ( 'NONE',  ( -25.68937042237553925, 22.89353571423246692, -5.349999999999999645 ) ) ;
#7203 = AXIS2_PLACEMENT_3D ( 'NONE', #4632, #2685, #260 ) ;
#7204 = DIRECTION ( 'NONE',  ( -0.5958745230144666394, -0.8030775509390620792, 0.000000000000000000 ) ) ;
#7205 = ORIENTED_EDGE ( 'NONE', *, *, #486, .F. ) ;
#7206 = CARTESIAN_POINT ( 'NONE',  ( 3.250000000000000888, -5.950000000000000178, 1.800000000000000266 ) ) ;
#7207 = DIRECTION ( 'NONE',  ( -0.4450259648305218141, 0.8955176662839562374, 0.000000000000000000 ) ) ;
#7208 = AXIS2_PLACEMENT_3D ( 'NONE', #3644, #5583, #8161 ) ;
#7209 =( NAMED_UNIT ( * ) PLANE_ANGLE_UNIT ( ) SI_UNIT ( $, .RADIAN. ) );
#7210 = DIRECTION ( 'NONE',  ( 1.000000000000000000, 0.000000000000000000, 0.000000000000000000 ) ) ;
#7211 = ORIENTED_EDGE ( 'NONE', *, *, #7545, .F. ) ;
#7212 = ADVANCED_FACE ( 'NONE', ( #5797 ), #5251, .T. ) ;
#7213 = AXIS2_PLACEMENT_3D ( 'NONE', #205, #4721, #881 ) ;
#7214 = VERTEX_POINT ( 'NONE', #1845 ) ;
#7215 = EDGE_CURVE ( 'NONE', #1697, #2312, #6351, .T. ) ;
#7216 = DIRECTION ( 'NONE',  ( -0.000000000000000000, -0.000000000000000000, -1.000000000000000000 ) ) ;
#7217 = CARTESIAN_POINT ( 'NONE',  ( -3.650000000000001688, 4.650000000000003908, 5.599999999999999645 ) ) ;
#7218 = FACE_OUTER_BOUND ( 'NONE', #1037, .T. ) ;
#7219 = LINE ( 'NONE', #1434, #16 ) ;
#7220 = DIRECTION ( 'NONE',  ( 1.794207403895423791E-16, -1.000000000000000000, 0.000000000000000000 ) ) ;
#7221 = ORIENTED_EDGE ( 'NONE', *, *, #1220, .T. ) ;
#7222 = ADVANCED_FACE ( 'NONE', ( #7025 ), #3835, .F. ) ;
#7223 = CARTESIAN_POINT ( 'NONE',  ( -16.13937042237545683, 38.44353571423245342, 0.4500000000000001221 ) ) ;
#7224 = ORIENTED_EDGE ( 'NONE', *, *, #5093, .T. ) ;
#7225 = DIRECTION ( 'NONE',  ( 0.000000000000000000, 1.000000000000000000, 0.000000000000000000 ) ) ;
#7226 = FACE_BOUND ( 'NONE', #4992, .T. ) ;
#7227 = CARTESIAN_POINT ( 'NONE',  ( -17.33937042237545256, 38.44353571423245342, -5.350000000000003197 ) ) ;
#7228 = CARTESIAN_POINT ( 'NONE',  ( -0.6699999999999999289, 16.69999999999999574, 0.6000000000000001998 ) ) ;
#7229 = ORIENTED_EDGE ( 'NONE', *, *, #8135, .T. ) ;
#7230 = ORIENTED_EDGE ( 'NONE', *, *, #4267, .F. ) ;
#7231 = PLANE ( 'NONE',  #3411 ) ;
#7232 = ORIENTED_EDGE ( 'NONE', *, *, #3035, .F. ) ;
#7233 = ORIENTED_EDGE ( 'NONE', *, *, #3715, .T. ) ;
#7234 = ADVANCED_FACE ( 'NONE', ( #2010 ), #1973, .T. ) ;
#7235 = EDGE_LOOP ( 'NONE', ( #4830, #2929, #6203, #3988 ) ) ;
#7236 = EDGE_CURVE ( 'NONE', #3917, #5765, #1205, .T. ) ;
#7237 = VERTEX_POINT ( 'NONE', #5756 ) ;
#7238 = CARTESIAN_POINT ( 'NONE',  ( -0.0008203932499368550568, 15.89999999999999680, 1.279727070297659203E-17 ) ) ;
#7239 = DIRECTION ( 'NONE',  ( 0.4450259648305218141, 0.8955176662839562374, 0.000000000000000000 ) ) ;
#7240 = CARTESIAN_POINT ( 'NONE',  ( 1.750000000000000000, -5.949999999999999289, 2.100000000000000089 ) ) ;
#7241 = FACE_OUTER_BOUND ( 'NONE', #7991, .T. ) ;
#7242 = ORIENTED_EDGE ( 'NONE', *, *, #2107, .F. ) ;
#7243 = CARTESIAN_POINT ( 'NONE',  ( 1.370000000000000107, 13.50000000000000000, 3.349876971653936941 ) ) ;
#7244 = DIRECTION ( 'NONE',  ( 0.000000000000000000, 0.000000000000000000, -1.000000000000000000 ) ) ;
#7245 = CARTESIAN_POINT ( 'NONE',  ( -2.900000000000000355, -7.560000000000002274, 1.800000000000000711 ) ) ;
#7246 = ORIENTED_EDGE ( 'NONE', *, *, #712, .F. ) ;
#7247 = ORIENTED_EDGE ( 'NONE', *, *, #3370, .T. ) ;
#7248 = DIRECTION ( 'NONE',  ( 0.000000000000000000, 0.000000000000000000, -1.000000000000000000 ) ) ;
#7249 = CARTESIAN_POINT ( 'NONE',  ( -4.410103077640644464, -5.950000000000001066, 2.100000000000000089 ) ) ;
#7250 = DIRECTION ( 'NONE',  ( 1.000000000000000000, 0.000000000000000000, 0.000000000000000000 ) ) ;
#7251 = CARTESIAN_POINT ( 'NONE',  ( -3.600000000000001421, -5.150000000000000355, 5.000000000000000000 ) ) ;
#7252 = CARTESIAN_POINT ( 'NONE',  ( -15.68937042237545576, 30.64353571423245270, 0.4500000000000001221 ) ) ;
#7253 = EDGE_CURVE ( 'NONE', #6220, #1059, #4552, .T. ) ;
#7254 = EDGE_CURVE ( 'NONE', #4630, #6185, #8305, .T. ) ;
#7255 = ORIENTED_EDGE ( 'NONE', *, *, #3968, .F. ) ;
#7256 = DIRECTION ( 'NONE',  ( 0.4383711467890800129, 0.8987940462991657053, -3.469446951953607878E-15 ) ) ;
#7257 = ORIENTED_EDGE ( 'NONE', *, *, #6722, .F. ) ;
#7258 = CYLINDRICAL_SURFACE ( 'NONE', #4762, 0.6500000000000001332 ) ;
#7259 = ORIENTED_EDGE ( 'NONE', *, *, #7077, .F. ) ;
#7260 = DIRECTION ( 'NONE',  ( 0.000000000000000000, 0.000000000000000000, 1.000000000000000000 ) ) ;
#7261 = CARTESIAN_POINT ( 'NONE',  ( 0.000000000000000000, 0.000000000000000000, 0.1000000000000000056 ) ) ;
#7262 = EDGE_CURVE ( 'NONE', #6748, #6877, #5132, .T. ) ;
#7263 = CARTESIAN_POINT ( 'NONE',  ( 0.5000000000000002220, 15.89999999999999680, 1.500000000000000000 ) ) ;
#7264 = EDGE_CURVE ( 'NONE', #3899, #2643, #3910, .T. ) ;
#7265 = ORIENTED_EDGE ( 'NONE', *, *, #5653, .T. ) ;
#7266 = ORIENTED_EDGE ( 'NONE', *, *, #7119, .F. ) ;
#7267 = DIRECTION ( 'NONE',  ( -1.121588454295349533E-16, -1.000000000000000000, 0.000000000000000000 ) ) ;
#7268 = ORIENTED_EDGE ( 'NONE', *, *, #6323, .F. ) ;
#7269 = VECTOR ( 'NONE', #6497, 1000.000000000000000 ) ;
#7270 = ORIENTED_EDGE ( 'NONE', *, *, #5223, .F. ) ;
#7271 = ORIENTED_EDGE ( 'NONE', *, *, #6459, .F. ) ;
#7272 = CARTESIAN_POINT ( 'NONE',  ( -15.68937042237545931, 38.44353571423245342, -7.350000000000000533 ) ) ;
#7273 = LINE ( 'NONE', #1494, #4764 ) ;
#7274 = DIRECTION ( 'NONE',  ( 0.000000000000000000, -1.000000000000000000, 0.000000000000000000 ) ) ;
#7275 = CARTESIAN_POINT ( 'NONE',  ( -15.68937042237545931, 38.44353571423245342, -4.400000000000000355 ) ) ;
#7276 = ORIENTED_EDGE ( 'NONE', *, *, #2860, .F. ) ;
#7277 = CARTESIAN_POINT ( 'NONE',  ( 0.01275798393824550958, 15.89999999999999680, 0.008155582768801673127 ) ) ;
#7278 = CARTESIAN_POINT ( 'NONE',  ( -1.749999999999999778, -1.831784155265234362E-15, 2.100000000000000089 ) ) ;
#7279 = CARTESIAN_POINT ( 'NONE',  ( -25.23937042237544404, 24.39353571423245981, -5.350000000000002309 ) ) ;
#7280 = DIRECTION ( 'NONE',  ( 0.000000000000000000, 0.000000000000000000, 1.000000000000000000 ) ) ;
#7281 = ADVANCED_FACE ( 'NONE', ( #6400 ), #752, .F. ) ;
#7282 = AXIS2_PLACEMENT_3D ( 'NONE', #3456, #6619, #2822 ) ;
#7283 = VERTEX_POINT ( 'NONE', #581 ) ;
#7284 = ORIENTED_EDGE ( 'NONE', *, *, #4942, .F. ) ;
#7285 = DIRECTION ( 'NONE',  ( 0.000000000000000000, 0.000000000000000000, -1.000000000000000000 ) ) ;
#7286 = VECTOR ( 'NONE', #191, 1000.000000000000000 ) ;
#7287 = DIRECTION ( 'NONE',  ( 0.000000000000000000, 0.000000000000000000, 1.000000000000000000 ) ) ;
#7288 = DIRECTION ( 'NONE',  ( 3.197646960325912517E-16, -1.000000000000000000, 0.000000000000000000 ) ) ;
#7289 = EDGE_CURVE ( 'NONE', #5048, #5066, #3162, .T. ) ;
#7290 = VECTOR ( 'NONE', #4985, 1000.000000000000114 ) ;
#7291 = DIRECTION ( 'NONE',  ( -0.000000000000000000, -0.000000000000000000, -1.000000000000000000 ) ) ;
#7292 = EDGE_CURVE ( 'NONE', #1725, #4284, #5521, .T. ) ;
#7293 = DIRECTION ( 'NONE',  ( -0.000000000000000000, -1.000000000000000000, -0.000000000000000000 ) ) ;
#7294 = EDGE_LOOP ( 'NONE', ( #6699, #5611, #1757, #5790, #3755, #2542 ) ) ;
#7295 = DIRECTION ( 'NONE',  ( 0.000000000000000000, 0.000000000000000000, -1.000000000000000000 ) ) ;
#7296 = EDGE_LOOP ( 'NONE', ( #6865, #7110, #4926, #1655, #2451, #2819 ) ) ;
#7297 = VECTOR ( 'NONE', #2937, 1000.000000000000000 ) ;
#7298 = LINE ( 'NONE', #4110, #6367 ) ;
#7299 = LINE ( 'NONE', #3985, #721 ) ;
#7300 = VECTOR ( 'NONE', #7169, 1000.000000000000000 ) ;
#7301 =( GEOMETRIC_REPRESENTATION_CONTEXT ( 3 ) GLOBAL_UNCERTAINTY_ASSIGNED_CONTEXT ( ( #1178 ) ) GLOBAL_UNIT_ASSIGNED_CONTEXT ( ( #1718, #366, #3668 ) ) REPRESENTATION_CONTEXT ( 'NONE', 'WORKASPACE' ) );
#7302 = EDGE_LOOP ( 'NONE', ( #2206, #4167, #6769, #2982, #2773 ) ) ;
#7303 = EDGE_CURVE ( 'NONE', #8332, #3311, #2558, .T. ) ;
#7304 = EDGE_CURVE ( 'NONE', #7099, #7481, #7009, .T. ) ;
#7305 = ORIENTED_EDGE ( 'NONE', *, *, #3675, .T. ) ;
#7306 = LINE ( 'NONE', #6718, #2764 ) ;
#7307 = VECTOR ( 'NONE', #67, 1000.000000000000000 ) ;
#7308 = ORIENTED_EDGE ( 'NONE', *, *, #6479, .F. ) ;
#7309 = CARTESIAN_POINT ( 'NONE',  ( -24.03937042237544119, 39.29353571423245484, 0.4500000000000001221 ) ) ;
#7310 = VECTOR ( 'NONE', #4426, 1000.000000000000000 ) ;
#7311 = CARTESIAN_POINT ( 'NONE',  ( 0.000000000000000000, 18.19999999999999574, 0.000000000000000000 ) ) ;
#7312 = VECTOR ( 'NONE', #1196, 1000.000000000000114 ) ;
#7313 = VECTOR ( 'NONE', #7732, 1000.000000000000000 ) ;
#7314 = ORIENTED_EDGE ( 'NONE', *, *, #6617, .T. ) ;
#7315 = VECTOR ( 'NONE', #7380, 1000.000000000000000 ) ;
#7316 = ORIENTED_EDGE ( 'NONE', *, *, #1014, .F. ) ;
#7317 = CARTESIAN_POINT ( 'NONE',  ( -1.479999999999999982, 16.49999999999999645, 0.8499999999999999778 ) ) ;
#7318 = CYLINDRICAL_SURFACE ( 'NONE', #986, 1.000000000000001776 ) ;
#7319 = CARTESIAN_POINT ( 'NONE',  ( -1.249999999999999334, 13.50000000000000000, 3.152565349772896486 ) ) ;
#7320 = VERTEX_POINT ( 'NONE', #1293 ) ;
#7321 = CYLINDRICAL_SURFACE ( 'NONE', #7150, 3.000000000000000444 ) ;
#7322 = LINE ( 'NONE', #192, #5430 ) ;
#7323 = VECTOR ( 'NONE', #7002, 1000.000000000000000 ) ;
#7324 = VECTOR ( 'NONE', #2130, 1000.000000000000000 ) ;
#7325 = CARTESIAN_POINT ( 'NONE',  ( -4.400000000000002132, 5.150000000000003020, 5.000000000000000000 ) ) ;
#7326 = DIRECTION ( 'NONE',  ( 0.000000000000000000, 0.000000000000000000, 1.000000000000000000 ) ) ;
#7327 = AXIS2_PLACEMENT_3D ( 'NONE', #6053, #791, #7248 ) ;
#7328 = ORIENTED_EDGE ( 'NONE', *, *, #519, .T. ) ;
#7329 = AXIS2_PLACEMENT_3D ( 'NONE', #7793, #2689, #5252 ) ;
#7330 = VECTOR ( 'NONE', #6199, 1000.000000000000000 ) ;
#7331 = VERTEX_POINT ( 'NONE', #1878 ) ;
#7332 = CARTESIAN_POINT ( 'NONE',  ( -15.68937042237544510, -5.016906764053611754E-15, 0.04999999999999996808 ) ) ;
#7333 = EDGE_CURVE ( 'NONE', #4589, #7651, #6534, .T. ) ;
#7334 = CIRCLE ( 'NONE', #3705, 0.7999999999999999334 ) ;
#7335 = VECTOR ( 'NONE', #6489, 1000.000000000000000 ) ;
#7336 = CARTESIAN_POINT ( 'NONE',  ( -25.23937042237544404, 25.89353571423245270, -7.299999999999998046 ) ) ;
#7337 = DIRECTION ( 'NONE',  ( -0.000000000000000000, -0.000000000000000000, -1.000000000000000000 ) ) ;
#7338 = VECTOR ( 'NONE', #6887, 1000.000000000000000 ) ;
#7339 = AXIS2_PLACEMENT_3D ( 'NONE', #4238, #5493, #6846 ) ;
#7340 = FACE_OUTER_BOUND ( 'NONE', #7825, .T. ) ;
#7341 = EDGE_CURVE ( 'NONE', #352, #5739, #3323, .T. ) ;
#7342 = EDGE_CURVE ( 'NONE', #5089, #6037, #2688, .T. ) ;
#7343 = CARTESIAN_POINT ( 'NONE',  ( -1.479999999999999982, 16.69999999999999574, 1.200000000000000178 ) ) ;
#7344 = VERTEX_POINT ( 'NONE', #4163 ) ;
#7345 = ORIENTED_EDGE ( 'NONE', *, *, #81, .F. ) ;
#7346 = CARTESIAN_POINT ( 'NONE',  ( -0.4999999999999997780, 16.69999999999999574, 1.500000000000000000 ) ) ;
#7347 = LINE ( 'NONE', #6147, #4886 ) ;
#7348 = CARTESIAN_POINT ( 'NONE',  ( 3.649999999999998135, 4.650000000000004796, 5.599999999999999645 ) ) ;
#7349 = ORIENTED_EDGE ( 'NONE', *, *, #6550, .T. ) ;
#7350 = ORIENTED_EDGE ( 'NONE', *, *, #3675, .F. ) ;
#7351 = CARTESIAN_POINT ( 'NONE',  ( -0.7500000000000001110, -7.560000000000000497, 2.100000000000000089 ) ) ;
#7352 = VERTEX_POINT ( 'NONE', #1424 ) ;
#7353 = DIRECTION ( 'NONE',  ( 0.000000000000000000, 0.000000000000000000, 1.000000000000000000 ) ) ;
#7354 = CARTESIAN_POINT ( 'NONE',  ( -0.9762697651501761609, 13.50000000000000000, 3.152284464583363199 ) ) ;
#7355 = ADVANCED_FACE ( 'NONE', ( #2854 ), #2814, .F. ) ;
#7356 = EDGE_CURVE ( 'NONE', #927, #423, #6573, .T. ) ;
#7357 = ORIENTED_EDGE ( 'NONE', *, *, #1592, .F. ) ;
#7358 = ORIENTED_EDGE ( 'NONE', *, *, #2300, .F. ) ;
#7359 = CARTESIAN_POINT ( 'NONE',  ( 0.4499999999999982903, -3.020950878361716274, 1.800000000000000488 ) ) ;
#7360 = CARTESIAN_POINT ( 'NONE',  ( -0.7967663502707695855, 15.19999999999999751, -0.8947000102205833194 ) ) ;
#7361 = CARTESIAN_POINT ( 'NONE',  ( -16.04467252779191000, 21.19274697494673987, -5.349999999999986322 ) ) ;
#7362 = DIRECTION ( 'NONE',  ( -1.000000000000000000, 0.000000000000000000, 0.000000000000000000 ) ) ;
#7363 = ORIENTED_EDGE ( 'NONE', *, *, #2127, .T. ) ;
#7364 = CARTESIAN_POINT ( 'NONE',  ( 0.000000000000000000, 15.89999999999999680, 1.500000000000000000 ) ) ;
#7365 = CARTESIAN_POINT ( 'NONE',  ( -25.23937042237544404, 29.34353571423245910, 0.4500000000000001221 ) ) ;
#7366 = CARTESIAN_POINT ( 'NONE',  ( -25.23937042237544048, 27.59353571423245555, -0.4000000000000010214 ) ) ;
#7367 = EDGE_CURVE ( 'NONE', #4567, #6000, #3447, .T. ) ;
#7368 = ORIENTED_EDGE ( 'NONE', *, *, #380, .F. ) ;
#7369 = EDGE_LOOP ( 'NONE', ( #1595, #8096, #1367, #5045 ) ) ;
#7370 = DIRECTION ( 'NONE',  ( 1.000000000000000000, 0.000000000000000000, 0.000000000000000000 ) ) ;
#7371 = CARTESIAN_POINT ( 'NONE',  ( -15.68937042237545576, 25.89353571423245270, -7.300000000000000711 ) ) ;
#7372 = DIRECTION ( 'NONE',  ( 0.000000000000000000, 1.000000000000000000, 0.000000000000000000 ) ) ;
#7373 = DIRECTION ( 'NONE',  ( -1.000000000000000000, -0.000000000000000000, -0.000000000000000000 ) ) ;
#7374 = EDGE_CURVE ( 'NONE', #1470, #5693, #6088, .T. ) ;
#7375 = ORIENTED_EDGE ( 'NONE', *, *, #7824, .T. ) ;
#7376 = CARTESIAN_POINT ( 'NONE',  ( -25.23937042237544048, 23.89353571423246692, -0.4000000000000010214 ) ) ;
#7377 = CARTESIAN_POINT ( 'NONE',  ( 0.6700000000000003730, 16.69999999999999574, 0.5999999999999998668 ) ) ;
#7378 = ORIENTED_EDGE ( 'NONE', *, *, #1159, .F. ) ;
#7379 = EDGE_LOOP ( 'NONE', ( #7521, #4974, #8120, #6895, #1445 ) ) ;
#7380 = DIRECTION ( 'NONE',  ( 1.000000000000000000, 0.000000000000000000, 0.000000000000000000 ) ) ;
#7381 = DIRECTION ( 'NONE',  ( -0.000000000000000000, -1.000000000000000000, -0.000000000000000000 ) ) ;
#7382 = FACE_OUTER_BOUND ( 'NONE', #2817, .T. ) ;
#7383 = EDGE_CURVE ( 'NONE', #3639, #1024, #1354, .T. ) ;
#7384 = EDGE_CURVE ( 'NONE', #3599, #2365, #309, .T. ) ;
#7385 = EDGE_LOOP ( 'NONE', ( #3624, #7839, #3694, #6495 ) ) ;
#7386 = ORIENTED_EDGE ( 'NONE', *, *, #4447, .T. ) ;
#7387 = VERTEX_POINT ( 'NONE', #785 ) ;
#7388 = FACE_OUTER_BOUND ( 'NONE', #158, .T. ) ;
#7389 = ORIENTED_EDGE ( 'NONE', *, *, #2003, .T. ) ;
#7390 = LINE ( 'NONE', #6124, #945 ) ;
#7391 = DIRECTION ( 'NONE',  ( 0.000000000000000000, 1.000000000000000000, 0.000000000000000000 ) ) ;
#7392 = EDGE_CURVE ( 'NONE', #4115, #6866, #2034, .T. ) ;
#7393 = VERTEX_POINT ( 'NONE', #225 ) ;
#7394 = VERTEX_POINT ( 'NONE', #4678 ) ;
#7395 =( NAMED_UNIT ( * ) PLANE_ANGLE_UNIT ( ) SI_UNIT ( $, .RADIAN. ) );
#7396 = DIRECTION ( 'NONE',  ( 0.000000000000000000, 0.000000000000000000, -1.000000000000000000 ) ) ;
#7397 = CARTESIAN_POINT ( 'NONE',  ( 2.999999999999998224, -3.750000000000000000, 5.599999999999999645 ) ) ;
#7398 = DIRECTION ( 'NONE',  ( 0.000000000000000000, 0.000000000000000000, 1.000000000000000000 ) ) ;
#7399 = ADVANCED_FACE ( 'NONE', ( #937 ), #7321, .T. ) ;
#7400 = ORIENTED_EDGE ( 'NONE', *, *, #3370, .F. ) ;
#7401 = CARTESIAN_POINT ( 'NONE',  ( -16.42466790909578478, 21.85027710540992629, -7.349999999999987210 ) ) ;
#7402 = DIRECTION ( 'NONE',  ( 1.000000000000000000, 1.971276677246371519E-16, 0.000000000000000000 ) ) ;
#7403 = LINE ( 'NONE', #3450, #2073 ) ;
#7404 = CARTESIAN_POINT ( 'NONE',  ( -15.60729651564734688, 20.31262316951115565, -6.534763243861369197 ) ) ;
#7405 = AXIS2_PLACEMENT_3D ( 'NONE', #6415, #3852, #3979 ) ;
#7406 = ORIENTED_EDGE ( 'NONE', *, *, #6893, .T. ) ;
#7407 = ORIENTED_EDGE ( 'NONE', *, *, #4399, .T. ) ;
#7408 = DIRECTION ( 'NONE',  ( 0.000000000000000000, 0.000000000000000000, -1.000000000000000000 ) ) ;
#7409 = PLANE ( 'NONE',  #5042 ) ;
#7410 = EDGE_CURVE ( 'NONE', #7702, #5891, #3360, .T. ) ;
#7411 = EDGE_CURVE ( 'NONE', #6607, #8280, #139, .T. ) ;
#7412 = LINE ( 'NONE', #4716, #3375 ) ;
#7413 = DIRECTION ( 'NONE',  ( 1.000000000000000000, 0.000000000000000000, 0.000000000000000000 ) ) ;
#7414 = VECTOR ( 'NONE', #716, 1000.000000000000000 ) ;
#7415 = CARTESIAN_POINT ( 'NONE',  ( -24.03937042237544119, 38.09353571423245910, 0.4500000000000001221 ) ) ;
#7416 = AXIS2_PLACEMENT_3D ( 'NONE', #4280, #1025, #8071 ) ;
#7417 = PLANE ( 'NONE',  #2592 ) ;
#7418 = CYLINDRICAL_SURFACE ( 'NONE', #2221, 0.6999999999999992895 ) ;
#7419 = VERTEX_POINT ( 'NONE', #2734 ) ;
#7420 = EDGE_LOOP ( 'NONE', ( #6345, #4810, #308, #1721 ) ) ;
#7421 = DIRECTION ( 'NONE',  ( 1.000000000000000000, 0.000000000000000000, 0.000000000000000000 ) ) ;
#7422 = DIRECTION ( 'NONE',  ( 0.000000000000000000, 0.000000000000000000, 1.000000000000000000 ) ) ;
#7423 = DIRECTION ( 'NONE',  ( 0.8955176662839562374, -0.4450259648305218141, -1.380867127870882499E-14 ) ) ;
#7424 = AXIS2_PLACEMENT_3D ( 'NONE', #378, #479, #1017 ) ;
#7425 = VERTEX_POINT ( 'NONE', #7953 ) ;
#7426 = VERTEX_POINT ( 'NONE', #3522 ) ;
#7427 = ORIENTED_EDGE ( 'NONE', *, *, #2548, .T. ) ;
#7428 = EDGE_CURVE ( 'NONE', #800, #3453, #5969, .T. ) ;
#7429 = CARTESIAN_POINT ( 'NONE',  ( -8.559538653604827019, 24.84349069516603592, -5.349999999999986322 ) ) ;
#7430 = ORIENTED_EDGE ( 'NONE', *, *, #5541, .T. ) ;
#7431 = CARTESIAN_POINT ( 'NONE',  ( -16.45209168868604976, 20.99403537297251532, -7.349999999999988098 ) ) ;
#7432 = VECTOR ( 'NONE', #3922, 1000.000000000000000 ) ;
#7433 = CARTESIAN_POINT ( 'NONE',  ( -1.734723475976807094E-15, 0.4500000000000040079, 1.800000000000000488 ) ) ;
#7434 = EDGE_LOOP ( 'NONE', ( #3739, #3825, #4166, #6852, #2493, #231, #381, #963 ) ) ;
#7435 = ORIENTED_EDGE ( 'NONE', *, *, #7177, .F. ) ;
#7436 = VECTOR ( 'NONE', #6858, 1000.000000000000000 ) ;
#7437 = EDGE_LOOP ( 'NONE', ( #7653, #337, #1486, #553, #4421 ) ) ;
#7438 = EDGE_CURVE ( 'NONE', #5123, #5939, #903, .T. ) ;
#7439 = CARTESIAN_POINT ( 'NONE',  ( -2.500000000000000444, -11.96000000000000796, 1.800000000000000711 ) ) ;
#7440 = CARTESIAN_POINT ( 'NONE',  ( -3.600000000000001865, 5.150000000000003908, 0.000000000000000000 ) ) ;
#7441 = CARTESIAN_POINT ( 'NONE',  ( -16.13937042237545327, 25.89353571423245270, -8.800000000000002487 ) ) ;
#7442 = DIRECTION ( 'NONE',  ( -1.000000000000000000, 1.308519863344574291E-16, 0.000000000000000000 ) ) ;
#7443 = EDGE_LOOP ( 'NONE', ( #4735, #6971, #7400, #2903 ) ) ;
#7444 = DIRECTION ( 'NONE',  ( -1.541976423090495476E-14, -1.065645045353142775E-30, -1.000000000000000000 ) ) ;
#7445 = CARTESIAN_POINT ( 'NONE',  ( 3.599999999999999645, 5.950000000000003730, 0.000000000000000000 ) ) ;
#7446 = VECTOR ( 'NONE', #3381, 1000.000000000000000 ) ;
#7447 = VERTEX_POINT ( 'NONE', #6651 ) ;
#7448 = CIRCLE ( 'NONE', #4760, 0.6500000000000012434 ) ;
#7449 = ORIENTED_EDGE ( 'NONE', *, *, #1372, .T. ) ;
#7450 = PLANE ( 'NONE',  #5700 ) ;
#7451 = STYLED_ITEM ( 'NONE', ( #515 ), #2575 ) ;
#7452 = DIRECTION ( 'NONE',  ( -0.7071067811865506814, 0.7071067811865443531, 0.000000000000000000 ) ) ;
#7453 = VECTOR ( 'NONE', #5315, 1000.000000000000000 ) ;
#7454 = CARTESIAN_POINT ( 'NONE',  ( -16.01372054189685556, 20.09524132667339913, -6.287967052377650745 ) ) ;
#7455 = DIRECTION ( 'NONE',  ( 1.000000000000000000, 0.000000000000000000, 0.000000000000000000 ) ) ;
#7456 = CARTESIAN_POINT ( 'NONE',  ( -1.734723475976807094E-15, 0.4500000000000040079, 5.000000000000000000 ) ) ;
#7457 = VECTOR ( 'NONE', #7944, 1000.000000000000000 ) ;
#7458 = DIRECTION ( 'NONE',  ( 0.000000000000000000, 1.000000000000000000, 0.000000000000000000 ) ) ;
#7459 = AXIS2_PLACEMENT_3D ( 'NONE', #2943, #388, #4922 ) ;
#7460 = EDGE_LOOP ( 'NONE', ( #7924, #6584, #8183, #7172, #6533, #576 ) ) ;
#7461 = VECTOR ( 'NONE', #4634, 1000.000000000000000 ) ;
#7462 = EDGE_CURVE ( 'NONE', #257, #6803, #7883, .T. ) ;
#7463 = ADVANCED_FACE ( 'NONE', ( #4708 ), #1458, .F. ) ;
#7464 = VECTOR ( 'NONE', #3076, 1000.000000000000000 ) ;
#7465 = CARTESIAN_POINT ( 'NONE',  ( 0.0008203932499369634770, 16.69999999999999574, 4.781147327278692800E-17 ) ) ;
#7466 = CIRCLE ( 'NONE', #4087, 0.6500000000000000222 ) ;
#7467 = SHAPE_REPRESENTATION_RELATIONSHIP ( 'NONE' , 'NONE' ,  #1992, #4485 ) ;
#7468 = CARTESIAN_POINT ( 'NONE',  ( -20.68937042237544688, 33.89353571423244205, -1.626303258728256651E-17 ) ) ;
#7469 = ORIENTED_EDGE ( 'NONE', *, *, #3244, .F. ) ;
#7470 = CIRCLE ( 'NONE', #3841, 0.6500000000000000222 ) ;
#7471 = ORIENTED_EDGE ( 'NONE', *, *, #8265, .T. ) ;
#7472 = LINE ( 'NONE', #2270, #4094 ) ;
#7473 = CARTESIAN_POINT ( 'NONE',  ( -25.23937042237544404, 27.39353571423245626, 0.000000000000000000 ) ) ;
#7474 = AXIS2_PLACEMENT_3D ( 'NONE', #6973, #7618, #3776 ) ;
#7475 = PLANE ( 'NONE',  #4365 ) ;
#7476 = VERTEX_POINT ( 'NONE', #6608 ) ;
#7477 = EDGE_CURVE ( 'NONE', #5671, #7973, #4187, .T. ) ;
#7478 = VERTEX_POINT ( 'NONE', #1581 ) ;
#7479 = VERTEX_POINT ( 'NONE', #2341 ) ;
#7480 = LINE ( 'NONE', #3595, #1669 ) ;
#7481 = VERTEX_POINT ( 'NONE', #7530 ) ;
#7482 = LINE ( 'NONE', #4859, #6344 ) ;
#7483 = EDGE_CURVE ( 'NONE', #4693, #416, #4831, .T. ) ;
#7484 = EDGE_LOOP ( 'NONE', ( #7270, #929, #5781, #1344 ) ) ;
#7485 = ORIENTED_EDGE ( 'NONE', *, *, #6784, .T. ) ;
#7486 = PRESENTATION_STYLE_ASSIGNMENT (( #6198 ) ) ;
#7487 = CARTESIAN_POINT ( 'NONE',  ( -0.5000000000000017764, 0.9500000000000040634, 0.5000000000000000000 ) ) ;
#7488 = PLANE ( 'NONE',  #188 ) ;
#7489 = VERTEX_POINT ( 'NONE', #8039 ) ;
#7490 = DIRECTION ( 'NONE',  ( 0.000000000000000000, 1.000000000000000000, 0.000000000000000000 ) ) ;
#7491 = CARTESIAN_POINT ( 'NONE',  ( -2.350000000000001865, 4.650000000000003908, 5.599999999999999645 ) ) ;
#7492 = EDGE_CURVE ( 'NONE', #5840, #3652, #6878, .T. ) ;
#7493 = EDGE_CURVE ( 'NONE', #2935, #3732, #3744, .T. ) ;
#7494 = ORIENTED_EDGE ( 'NONE', *, *, #3236, .F. ) ;
#7495 = VERTEX_POINT ( 'NONE', #1064 ) ;
#7496 = DIRECTION ( 'NONE',  ( 1.000000000000000000, -2.282530889443169980E-16, 0.000000000000000000 ) ) ;
#7497 = LINE ( 'NONE', #322, #8009 ) ;
#7498 = CARTESIAN_POINT ( 'NONE',  ( -0.7967663502707699186, 15.19999999999999751, -2.404700010220583106 ) ) ;
#7499 = CARTESIAN_POINT ( 'NONE',  ( 0.000000000000000000, 13.89999999999999858, 0.000000000000000000 ) ) ;
#7500 = LINE ( 'NONE', #6310, #2469 ) ;
#7501 = CARTESIAN_POINT ( 'NONE',  ( 0.000000000000000000, 2.950000000000003730, 0.000000000000000000 ) ) ;
#7502 = EDGE_CURVE ( 'NONE', #92, #6261, #4373, .T. ) ;
#7503 = LINE ( 'NONE', #1453, #277 ) ;
#7504 = ORIENTED_EDGE ( 'NONE', *, *, #3213, .T. ) ;
#7505 = DIRECTION ( 'NONE',  ( -0.000000000000000000, -0.000000000000000000, -1.000000000000000000 ) ) ;
#7506 = DIRECTION ( 'NONE',  ( 0.000000000000000000, 0.000000000000000000, -1.000000000000000000 ) ) ;
#7507 = CARTESIAN_POINT ( 'NONE',  ( 2.999999999999998224, 4.650000000000004796, 5.599999999999999645 ) ) ;
#7508 = VERTEX_POINT ( 'NONE', #387 ) ;
#7509 = EDGE_CURVE ( 'NONE', #423, #6235, #2423, .T. ) ;
#7510 = ORIENTED_EDGE ( 'NONE', *, *, #1461, .T. ) ;
#7511 = EDGE_CURVE ( 'NONE', #6180, #1915, #5623, .T. ) ;
#7512 = DIRECTION ( 'NONE',  ( 0.000000000000000000, 0.000000000000000000, -1.000000000000000000 ) ) ;
#7513 = LINE ( 'NONE', #4813, #1646 ) ;
#7514 = CARTESIAN_POINT ( 'NONE',  ( 0.000000000000000000, 0.000000000000000000, 0.5000000000000000000 ) ) ;
#7515 = ORIENTED_EDGE ( 'NONE', *, *, #1016, .T. ) ;
#7516 = ORIENTED_EDGE ( 'NONE', *, *, #2056, .F. ) ;
#7517 = CARTESIAN_POINT ( 'NONE',  ( 0.4000000000000001332, -7.560000000000000497, 1.800000000000000711 ) ) ;
#7518 = ORIENTED_EDGE ( 'NONE', *, *, #2704, .F. ) ;
#7519 = LINE ( 'NONE', #6121, #1650 ) ;
#7520 = EDGE_CURVE ( 'NONE', #3482, #3765, #8087, .T. ) ;
#7521 = ORIENTED_EDGE ( 'NONE', *, *, #2388, .F. ) ;
#7522 = EDGE_CURVE ( 'NONE', #8006, #8332, #3651, .T. ) ;
#7523 = FACE_OUTER_BOUND ( 'NONE', #4343, .T. ) ;
#7524 = EDGE_LOOP ( 'NONE', ( #823, #7427, #2804, #3818 ) ) ;
#7525 = ORIENTED_EDGE ( 'NONE', *, *, #4103, .F. ) ;
#7526 = DIRECTION ( 'NONE',  ( 0.000000000000000000, 0.000000000000000000, 1.000000000000000000 ) ) ;
#7527 = LINE ( 'NONE', #8068, #2086 ) ;
#7528 = DIRECTION ( 'NONE',  ( 0.000000000000000000, 0.000000000000000000, -1.000000000000000000 ) ) ;
#7529 = ORIENTED_EDGE ( 'NONE', *, *, #4025, .T. ) ;
#7530 = CARTESIAN_POINT ( 'NONE',  ( -3.261177379365211237, 15.89999999999999680, -0.5047000102205828620 ) ) ;
#7531 = DIRECTION ( 'NONE',  ( -0.000000000000000000, -1.000000000000000000, -0.000000000000000000 ) ) ;
#7532 = CARTESIAN_POINT ( 'NONE',  ( 0.0008203932499369634770, 16.69999999999999574, 0.6000000000000000888 ) ) ;
#7533 = EDGE_LOOP ( 'NONE', ( #3684, #5801, #5557, #4597 ) ) ;
#7534 = ORIENTED_EDGE ( 'NONE', *, *, #8217, .T. ) ;
#7535 = ORIENTED_EDGE ( 'NONE', *, *, #1729, .F. ) ;
#7536 = CARTESIAN_POINT ( 'NONE',  ( 2.600000000000000533, 0.5000000000000022204, 1.500000000000000000 ) ) ;
#7537 = DIRECTION ( 'NONE',  ( -0.000000000000000000, -0.000000000000000000, -1.000000000000000000 ) ) ;
#7538 = EDGE_CURVE ( 'NONE', #2863, #7478, #3791, .T. ) ;
#7539 = CARTESIAN_POINT ( 'NONE',  ( -24.03937042237544475, 38.44353571423246052, -4.900000000000003020 ) ) ;
#7540 = FACE_OUTER_BOUND ( 'NONE', #4182, .T. ) ;
#7541 = VECTOR ( 'NONE', #2751, 1000.000000000000000 ) ;
#7542 = DIRECTION ( 'NONE',  ( -0.8987940462991665935, 0.4383711467890784585, 1.385919228607421859E-14 ) ) ;
#7543 = CYLINDRICAL_SURFACE ( 'NONE', #6875, 0.9000000000000002442 ) ;
#7544 = CARTESIAN_POINT ( 'NONE',  ( -16.13937042237545683, 38.44353571423245342, -4.900000000000003020 ) ) ;
#7545 = EDGE_CURVE ( 'NONE', #3902, #698, #4241, .T. ) ;
#7546 = AXIS2_PLACEMENT_3D ( 'NONE', #7507, #3760, #6317 ) ;
#7547 = FACE_OUTER_BOUND ( 'NONE', #5518, .T. ) ;
#7548 = ORIENTED_EDGE ( 'NONE', *, *, #5889, .F. ) ;
#7549 = CARTESIAN_POINT ( 'NONE',  ( -25.77144432910365524, 30.64353571423245270, -5.350000000000003197 ) ) ;
#7550 = CARTESIAN_POINT ( 'NONE',  ( -25.68937042237544333, 25.89353571423245626, -8.800000000000004263 ) ) ;
#7551 = VECTOR ( 'NONE', #2399, 1000.000000000000000 ) ;
#7552 = DIRECTION ( 'NONE',  ( 0.000000000000000000, -1.000000000000000000, 0.000000000000000000 ) ) ;
#7553 = ORIENTED_EDGE ( 'NONE', *, *, #859, .F. ) ;
#7554 = VECTOR ( 'NONE', #2101, 1000.000000000000114 ) ;
#7555 = EDGE_CURVE ( 'NONE', #4837, #990, #2255, .T. ) ;
#7556 = DIRECTION ( 'NONE',  ( 1.000000000000000000, 0.000000000000000000, 0.000000000000000000 ) ) ;
#7557 = ORIENTED_EDGE ( 'NONE', *, *, #2145, .F. ) ;
#7558 = CARTESIAN_POINT ( 'NONE',  ( 0.4499999999999991229, -3.020950878361716274, 2.100000000000000089 ) ) ;
#7559 = CARTESIAN_POINT ( 'NONE',  ( -3.000000000000001776, 4.650000000000003908, 5.599999999999999645 ) ) ;
#7560 = AXIS2_PLACEMENT_3D ( 'NONE', #4333, #1923, #7665 ) ;
#7561 = LINE ( 'NONE', #8102, #3387 ) ;
#7562 = CARTESIAN_POINT ( 'NONE',  ( -15.87785515946733916, 20.16791091632078547, -6.473798313754340228 ) ) ;
#7563 = ADVANCED_FACE ( 'NONE', ( #2975, #6132, #5460, #6204, #1161, #3069 ), #1662, .T. ) ;
#7564 = ADVANCED_FACE ( 'NONE', ( #490 ), #2292, .T. ) ;
#7565 = VECTOR ( 'NONE', #297, 1000.000000000000000 ) ;
#7566 = ORIENTED_EDGE ( 'NONE', *, *, #2334, .F. ) ;
#7567 = ORIENTED_EDGE ( 'NONE', *, *, #4423, .F. ) ;
#7568 =( LENGTH_UNIT ( ) NAMED_UNIT ( * ) SI_UNIT ( .MILLI., .METRE. ) );
#7569 = VERTEX_POINT ( 'NONE', #2385 ) ;
#7570 = CARTESIAN_POINT ( 'NONE',  ( 0.8032336497292295041, 16.69999999999999574, -1.604700010220583728 ) ) ;
#7571 = LINE ( 'NONE', #8110, #1548 ) ;
#7572 = VECTOR ( 'NONE', #7373, 1000.000000000000000 ) ;
#7573 = ORIENTED_EDGE ( 'NONE', *, *, #6039, .T. ) ;
#7574 = DIRECTION ( 'NONE',  ( 1.000000000000000000, 0.000000000000000000, 1.251002506714043540E-16 ) ) ;
#7575 = DIRECTION ( 'NONE',  ( -1.000000000000000000, 0.000000000000000000, 0.000000000000000000 ) ) ;
#7576 = PRESENTATION_LAYER_ASSIGNMENT (  '', '', ( #6627 ) ) ;
#7577 = EDGE_LOOP ( 'NONE', ( #1995, #3092, #2898, #3120 ) ) ;
#7578 = ORIENTED_EDGE ( 'NONE', *, *, #5344, .F. ) ;
#7579 = ORIENTED_EDGE ( 'NONE', *, *, #1729, .T. ) ;
#7580 = DIRECTION ( 'NONE',  ( 0.000000000000000000, 0.000000000000000000, 1.000000000000000000 ) ) ;
#7581 = DIRECTION ( 'NONE',  ( -1.000000000000000000, -2.282530889443169980E-16, 0.000000000000000000 ) ) ;
#7582 = LINE ( 'NONE', #2353, #46 ) ;
#7583 = FACE_OUTER_BOUND ( 'NONE', #6829, .T. ) ;
#7584 = LINE ( 'NONE', #1754, #850 ) ;
#7585 = VECTOR ( 'NONE', #7955, 1000.000000000000000 ) ;
#7586 = FACE_OUTER_BOUND ( 'NONE', #6472, .T. ) ;
#7587 = AXIS2_PLACEMENT_3D ( 'NONE', #3811, #4484, #6418 ) ;
#7588 = ADVANCED_FACE ( 'NONE', ( #4956 ), #1745, .T. ) ;
#7589 = AXIS2_PLACEMENT_3D ( 'NONE', #3040, #4931, #3717 ) ;
#7590 = VECTOR ( 'NONE', #6183, 1000.000000000000000 ) ;
#7591 = CARTESIAN_POINT ( 'NONE',  ( 0.4000000000000006883, -11.96000000000000618, 1.800000000000000711 ) ) ;
#7592 = VECTOR ( 'NONE', #2468, 1000.000000000000000 ) ;
#7593 = PRODUCT_CONTEXT ( 'NONE', #280, 'mechanical' ) ;
#7594 = DIRECTION ( 'NONE',  ( -0.000000000000000000, -0.000000000000000000, -1.000000000000000000 ) ) ;
#7595 = VERTEX_POINT ( 'NONE', #3701 ) ;
#7596 = LINE ( 'NONE', #5142, #1098 ) ;
#7597 = AXIS2_PLACEMENT_3D ( 'NONE', #5049, #491, #434 ) ;
#7598 = AXIS2_PLACEMENT_3D ( 'NONE', #4438, #1140, #5024 ) ;
#7599 = CARTESIAN_POINT ( 'NONE',  ( -25.68937042237544333, 27.39353571423245981, -5.599999999999999645 ) ) ;
#7600 = DIRECTION ( 'NONE',  ( 0.000000000000000000, 0.000000000000000000, -1.000000000000000000 ) ) ;
#7601 = ORIENTED_EDGE ( 'NONE', *, *, #4315, .F. ) ;
#7602 = AXIS2_PLACEMENT_3D ( 'NONE', #8228, #3178, #5025 ) ;
#7603 = ADVANCED_FACE ( 'NONE', ( #6263 ), #1790, .T. ) ;
#7604 = AXIS2_PLACEMENT_3D ( 'NONE', #6136, #6817, #4285 ) ;
#7605 = ADVANCED_FACE ( 'NONE', ( #7015 ), #3192, .F. ) ;
#7606 = LINE ( 'NONE', #4353, #1339 ) ;
#7607 = ORIENTED_EDGE ( 'NONE', *, *, #3439, .F. ) ;
#7608 = VECTOR ( 'NONE', #6468, 1000.000000000000000 ) ;
#7609 = DIRECTION ( 'NONE',  ( -0.000000000000000000, -0.000000000000000000, -1.000000000000000000 ) ) ;
#7610 = AXIS2_PLACEMENT_3D ( 'NONE', #3940, #6513, #4141 ) ;
#7611 = CARTESIAN_POINT ( 'NONE',  ( -17.33937042237545256, 29.34353571423245555, -4.900000000000003020 ) ) ;
#7612 = CARTESIAN_POINT ( 'NONE',  ( -25.68937042237544333, 37.14353571423245626, -5.350000000000003197 ) ) ;
#7613 = DIRECTION ( 'NONE',  ( -0.9135454576426005335, 0.000000000000000000, -0.4067366430758011520 ) ) ;
#7614 = CIRCLE ( 'NONE', #3982, 3.850000000000000089 ) ;
#7615 = EDGE_LOOP ( 'NONE', ( #6297, #2039, #5918, #3386, #6111, #6485, #3670, #7205, #3221, #1043, #5476, #8166, #2712, #1702, #4224, #1767, #659, #5211, #2922, #2813, #6414, #4029, #5288, #6460 ) ) ;
#7616 = EDGE_LOOP ( 'NONE', ( #6432, #4412, #6197, #3464 ) ) ;
#7617 = ORIENTED_EDGE ( 'NONE', *, *, #1353, .F. ) ;
#7618 = DIRECTION ( 'NONE',  ( 1.000000000000000000, 0.000000000000000000, 0.000000000000000000 ) ) ;
#7619 = LINE ( 'NONE', #1834, #6669 ) ;
#7620 = VERTEX_POINT ( 'NONE', #7067 ) ;
#7621 = CARTESIAN_POINT ( 'NONE',  ( 3.399999999999998579, -2.050000000000001155, 0.000000000000000000 ) ) ;
#7622 = EDGE_CURVE ( 'NONE', #270, #7476, #8247, .T. ) ;
#7623 = EDGE_CURVE ( 'NONE', #113, #6716, #5745, .T. ) ;
#7624 = VERTEX_POINT ( 'NONE', #5786 ) ;
#7625 = ORIENTED_EDGE ( 'NONE', *, *, #6800, .F. ) ;
#7626 = VERTEX_POINT ( 'NONE', #2 ) ;
#7627 = FACE_OUTER_BOUND ( 'NONE', #7187, .T. ) ;
#7628 = DIRECTION ( 'NONE',  ( -0.000000000000000000, -0.000000000000000000, -1.000000000000000000 ) ) ;
#7629 = CARTESIAN_POINT ( 'NONE',  ( -2.500000000000000444, -11.96000000000000796, 2.100000000000000089 ) ) ;
#7630 = CARTESIAN_POINT ( 'NONE',  ( -23.93937042237544688, 33.89353571423244205, 0.1999999999999999556 ) ) ;
#7631 = DIRECTION ( 'NONE',  ( 0.000000000000000000, 0.000000000000000000, -1.000000000000000000 ) ) ;
#7632 = CARTESIAN_POINT ( 'NONE',  ( -15.60729651564734688, 20.31262316951115565, -6.534763243861369197 ) ) ;
#7633 = EDGE_CURVE ( 'NONE', #5103, #3804, #4998, .T. ) ;
#7634 = ORIENTED_EDGE ( 'NONE', *, *, #1190, .T. ) ;
#7635 = CARTESIAN_POINT ( 'NONE',  ( 2.499999999999999556, -11.96000000000000618, 1.800000000000000711 ) ) ;
#7636 = PRODUCT_CONTEXT ( 'NONE', #3475, 'mechanical' ) ;
#7637 = LINE ( 'NONE', #1852, #7686 ) ;
#7638 = EDGE_LOOP ( 'NONE', ( #6276, #2133, #303, #6238 ) ) ;
#7639 = EDGE_LOOP ( 'NONE', ( #5906, #6516, #6026, #7882 ) ) ;
#7640 = CARTESIAN_POINT ( 'NONE',  ( -1.000000000000000000, 3.804101966249689326, 2.500000000000000000 ) ) ;
#7641 = CARTESIAN_POINT ( 'NONE',  ( -0.4499999999999999556, -3.625230054855794304, 2.100000000000000089 ) ) ;
#7642 = VERTEX_POINT ( 'NONE', #6597 ) ;
#7643 = CARTESIAN_POINT ( 'NONE',  ( -16.40834325234228430, 21.92455496882227450, -5.349999999999995204 ) ) ;
#7644 = ORIENTED_EDGE ( 'NONE', *, *, #7341, .T. ) ;
#7645 = CARTESIAN_POINT ( 'NONE',  ( -17.98937042237545825, 37.79353571423245484, -4.900000000000003020 ) ) ;
#7646 = EDGE_CURVE ( 'NONE', #5062, #7478, #251, .T. ) ;
#7647 = DIRECTION ( 'NONE',  ( -1.000000000000000000, 0.000000000000000000, 0.000000000000000000 ) ) ;
#7648 = CARTESIAN_POINT ( 'NONE',  ( 3.399999999999998579, 0.9500000000000038414, 0.5000000000000000000 ) ) ;
#7649 = LINE ( 'NONE', #3306, #5037 ) ;
#7650 = EDGE_LOOP ( 'NONE', ( #2348, #5884, #4906, #5490 ) ) ;
#7651 = VERTEX_POINT ( 'NONE', #3992 ) ;
#7652 = PRESENTATION_STYLE_ASSIGNMENT (( #1831 ) ) ;
#7653 = ORIENTED_EDGE ( 'NONE', *, *, #4259, .F. ) ;
#7654 = CARTESIAN_POINT ( 'NONE',  ( -25.23937042237544048, 38.44353571423246052, 0.4500000000000001221 ) ) ;
#7655 = DIRECTION ( 'NONE',  ( 0.000000000000000000, 0.000000000000000000, 1.000000000000000000 ) ) ;
#7656 = VERTEX_POINT ( 'NONE', #2718 ) ;
#7657 = ADVANCED_FACE ( 'NONE', ( #5329 ), #2843, .F. ) ;
#7658 = DIRECTION ( 'NONE',  ( -0.000000000000000000, -0.000000000000000000, -1.000000000000000000 ) ) ;
#7659 = ORIENTED_EDGE ( 'NONE', *, *, #1250, .F. ) ;
#7660 = EDGE_CURVE ( 'NONE', #2358, #8060, #4624, .T. ) ;
#7661 = ORIENTED_EDGE ( 'NONE', *, *, #7077, .T. ) ;
#7662 = CARTESIAN_POINT ( 'NONE',  ( -1.900000000000001910, 3.600000000000003642, 0.1000000000000000056 ) ) ;
#7663 = DIRECTION ( 'NONE',  ( -1.000000000000000000, 0.000000000000000000, 0.000000000000000000 ) ) ;
#7664 = FACE_OUTER_BOUND ( 'NONE', #2042, .T. ) ;
#7665 = DIRECTION ( 'NONE',  ( 0.000000000000000000, 0.000000000000000000, -1.000000000000000000 ) ) ;
#7666 = CARTESIAN_POINT ( 'NONE',  ( -25.68937042237544333, 24.39353571423245981, 0.4500000000000001221 ) ) ;
#7667 = SURFACE_STYLE_USAGE ( .BOTH. , #5253 ) ;
#7668 = CARTESIAN_POINT ( 'NONE',  ( -25.33406831695907613, 21.19274697494674697, -5.349999999999934808 ) ) ;
#7669 = DIRECTION ( 'NONE',  ( 1.000000000000000000, 0.000000000000000000, 0.000000000000000000 ) ) ;
#7670 = PRODUCT_DEFINITION_SHAPE ( 'NONE', 'NONE',  #3772 ) ;
#7671 = EDGE_CURVE ( 'NONE', #356, #2350, #5404, .T. ) ;
#7672 = EDGE_CURVE ( 'NONE', #5520, #7569, #2713, .T. ) ;
#7673 = FACE_OUTER_BOUND ( 'NONE', #7420, .T. ) ;
#7674 =( NAMED_UNIT ( * ) SI_UNIT ( $, .STERADIAN. ) SOLID_ANGLE_UNIT ( ) );
#7675 = DIRECTION ( 'NONE',  ( 0.000000000000000000, 1.000000000000000000, 0.000000000000000000 ) ) ;
#7676 = ORIENTED_EDGE ( 'NONE', *, *, #6369, .F. ) ;
#7677 = ORIENTED_EDGE ( 'NONE', *, *, #3185, .F. ) ;
#7678 = DIRECTION ( 'NONE',  ( 0.000000000000000000, 0.000000000000000000, -1.000000000000000000 ) ) ;
#7679 = CARTESIAN_POINT ( 'NONE',  ( 1.479999999999999982, 16.69999999999999574, 0.8499999999999999778 ) ) ;
#7680 = ORIENTED_EDGE ( 'NONE', *, *, #1573, .T. ) ;
#7681 = CIRCLE ( 'NONE', #4979, 3.000000000000000444 ) ;
#7682 = FACE_OUTER_BOUND ( 'NONE', #3632, .T. ) ;
#7683 = CARTESIAN_POINT ( 'NONE',  ( 2.499999999999999556, -11.96000000000000618, 1.800000000000000711 ) ) ;
#7684 = CARTESIAN_POINT ( 'NONE',  ( -1.062518129035794345E-14, 0.4500000000000127232, 0.5000000000000000000 ) ) ;
#7685 = LINE ( 'NONE', #40, #3280 ) ;
#7686 = VECTOR ( 'NONE', #4435, 1000.000000000000000 ) ;
#7687 = AXIS2_PLACEMENT_3D ( 'NONE', #673, #713, #3288 ) ;
#7688 = ADVANCED_FACE ( 'NONE', ( #3312 ), #6563, .F. ) ;
#7689 = ORIENTED_EDGE ( 'NONE', *, *, #8024, .T. ) ;
#7690 = VECTOR ( 'NONE', #3872, 1000.000000000000000 ) ;
#7691 = FACE_OUTER_BOUND ( 'NONE', #2967, .T. ) ;
#7692 = ORIENTED_EDGE ( 'NONE', *, *, #7428, .F. ) ;
#7693 = CARTESIAN_POINT ( 'NONE',  ( 0.000000000000000000, 27.59353571423245555, 0.000000000000000000 ) ) ;
#7694 = DIRECTION ( 'NONE',  ( 3.197646960325912517E-16, -1.000000000000000000, 0.000000000000000000 ) ) ;
#7695 = ORIENTED_EDGE ( 'NONE', *, *, #8091, .T. ) ;
#7696 = CYLINDRICAL_SURFACE ( 'NONE', #2826, 0.6999999999999992895 ) ;
#7697 = VECTOR ( 'NONE', #5187, 1000.000000000000000 ) ;
#7698 = VECTOR ( 'NONE', #3685, 1000.000000000000000 ) ;
#7699 = ORIENTED_EDGE ( 'NONE', *, *, #196, .F. ) ;
#7700 = EDGE_CURVE ( 'NONE', #671, #661, #2769, .T. ) ;
#7701 = VERTEX_POINT ( 'NONE', #5575 ) ;
#7702 = VERTEX_POINT ( 'NONE', #420 ) ;
#7703 = CARTESIAN_POINT ( 'NONE',  ( -1.734723475976807094E-15, 0.4500000000000040079, 2.500000000000000000 ) ) ;
#7704 = CARTESIAN_POINT ( 'NONE',  ( -24.03937042237544475, 37.14353571423245626, -5.350000000000003197 ) ) ;
#7705 = DIRECTION ( 'NONE',  ( 1.000000000000000000, 3.197646960325908573E-16, 0.000000000000000000 ) ) ;
#7706 = DIRECTION ( 'NONE',  ( 0.000000000000000000, 0.000000000000000000, -1.000000000000000000 ) ) ;
#7707 = VECTOR ( 'NONE', #2899, 1000.000000000000000 ) ;
#7708 = DIRECTION ( 'NONE',  ( 0.000000000000000000, 0.000000000000000000, -1.000000000000000000 ) ) ;
#7709 = DIRECTION ( 'NONE',  ( -1.000000000000000000, 2.282530889443169980E-16, 0.000000000000000000 ) ) ;
#7710 = CARTESIAN_POINT ( 'NONE',  ( -24.03937042237544475, 37.79353571423245484, -4.900000000000003020 ) ) ;
#7711 = DIRECTION ( 'NONE',  ( -1.000000000000000000, 0.000000000000000000, 0.000000000000000000 ) ) ;
#7712 = ORIENTED_EDGE ( 'NONE', *, *, #5580, .T. ) ;
#7713 = VECTOR ( 'NONE', #6423, 1000.000000000000000 ) ;
#7714 = DIRECTION ( 'NONE',  ( -1.000000000000000000, 0.000000000000000000, 0.000000000000000000 ) ) ;
#7715 = VECTOR ( 'NONE', #5973, 1000.000000000000000 ) ;
#7716 = DIRECTION ( 'NONE',  ( 0.000000000000000000, 0.000000000000000000, 1.000000000000000000 ) ) ;
#7717 = VECTOR ( 'NONE', #8172, 1000.000000000000000 ) ;
#7718 = ORIENTED_EDGE ( 'NONE', *, *, #4635, .F. ) ;
#7719 = FACE_OUTER_BOUND ( 'NONE', #400, .T. ) ;
#7720 = ADVANCED_FACE ( 'NONE', ( #1694 ), #4188, .F. ) ;
#7721 = DIRECTION ( 'NONE',  ( 1.000000000000000000, 8.828503404524822102E-16, 0.000000000000000000 ) ) ;
#7722 = EDGE_CURVE ( 'NONE', #6548, #2311, #2968, .T. ) ;
#7723 = AXIS2_PLACEMENT_3D ( 'NONE', #50, #1907, #4453 ) ;
#7724 = VERTEX_POINT ( 'NONE', #4232 ) ;
#7725 = CIRCLE ( 'NONE', #3412, 0.1999999999999976519 ) ;
#7726 = AXIS2_PLACEMENT_3D ( 'NONE', #4773, #7512, #918 ) ;
#7727 = DIRECTION ( 'NONE',  ( -1.000000000000000000, 0.000000000000000000, 0.000000000000000000 ) ) ;
#7728 = CIRCLE ( 'NONE', #6905, 0.4000000000000010214 ) ;
#7729 = FACE_OUTER_BOUND ( 'NONE', #3296, .T. ) ;
#7730 = VECTOR ( 'NONE', #5369, 1000.000000000000000 ) ;
#7731 = DIRECTION ( 'NONE',  ( -1.000000000000000000, 0.000000000000000000, 0.000000000000000000 ) ) ;
#7732 = DIRECTION ( 'NONE',  ( -1.000000000000000000, 0.000000000000000000, 0.000000000000000000 ) ) ;
#7733 = AXIS2_PLACEMENT_3D ( 'NONE', #217, #5914, #252 ) ;
#7734 = AXIS2_PLACEMENT_3D ( 'NONE', #4558, #7216, #3969 ) ;
#7735 = AXIS2_PLACEMENT_3D ( 'NONE', #7158, #5179, #7709 ) ;
#7736 = AXIS2_PLACEMENT_3D ( 'NONE', #783, #4508, #3234 ) ;
#7737 = ORIENTED_EDGE ( 'NONE', *, *, #3089, .T. ) ;
#7738 = VECTOR ( 'NONE', #8008, 1000.000000000000000 ) ;
#7739 = DIRECTION ( 'NONE',  ( -3.197646960325911531E-16, -1.000000000000000000, -0.000000000000000000 ) ) ;
#7740 = VERTEX_POINT ( 'NONE', #6194 ) ;
#7741 = UNCERTAINTY_MEASURE_WITH_UNIT (LENGTH_MEASURE( 1.000000000000000082E-05 ), #66, 'distance_accuracy_value', 'NONE');
#7742 = LINE ( 'NONE', #3147, #1818 ) ;
#7743 = DIRECTION ( 'NONE',  ( 1.000000000000000000, 1.971276677246371519E-16, 0.000000000000000000 ) ) ;
#7744 = ORIENTED_EDGE ( 'NONE', *, *, #6963, .T. ) ;
#7745 = LINE ( 'NONE', #3, #4375 ) ;
#7746 = AXIS2_PLACEMENT_3D ( 'NONE', #3470, #2767, #6683 ) ;
#7747 = CIRCLE ( 'NONE', #6254, 1.200000000000061240 ) ;
#7748 = EDGE_LOOP ( 'NONE', ( #4628, #3154, #7689, #492, #2792, #3471 ) ) ;
#7749 = ORIENTED_EDGE ( 'NONE', *, *, #7128, .T. ) ;
#7750 = ORIENTED_EDGE ( 'NONE', *, *, #5243, .F. ) ;
#7751 = CARTESIAN_POINT ( 'NONE',  ( -25.68937042237544333, 23.89353571423246692, -0.4000000000000010214 ) ) ;
#7752 = CARTESIAN_POINT ( 'NONE',  ( -16.89163920131551322, 21.89524132667333944, -7.349999999999987210 ) ) ;
#7753 = FACE_OUTER_BOUND ( 'NONE', #7896, .T. ) ;
#7754 = DIRECTION ( 'NONE',  ( -0.000000000000000000, -1.000000000000000000, -0.000000000000000000 ) ) ;
#7755 = CARTESIAN_POINT ( 'NONE',  ( -24.03937042237544475, 37.14353571423245626, -5.350000000000003197 ) ) ;
#7756 = CARTESIAN_POINT ( 'NONE',  ( -15.68937042237545576, 27.39353571423245626, -5.599999999999999645 ) ) ;
#7757 = CARTESIAN_POINT ( 'NONE',  ( 0.6700000000000001510, 16.69999999999999574, -0.6000000000000000888 ) ) ;
#7758 = FACE_BOUND ( 'NONE', #1472, .T. ) ;
#7759 = ADVANCED_FACE ( 'N', ( #3511 ), #3059, .T. ) ;
#7760 = EDGE_CURVE ( 'NONE', #7624, #5693, #7561, .T. ) ;
#7761 = ORIENTED_EDGE ( 'NONE', *, *, #5642, .F. ) ;
#7762 = CARTESIAN_POINT ( 'NONE',  ( 0.2999999999999997669, 16.69999999999999574, 0.000000000000000000 ) ) ;
#7763 = LINE ( 'NONE', #2696, #603 ) ;
#7764 =( BOUNDED_CURVE ( )  B_SPLINE_CURVE ( 3, ( #7404, #7562, #1778, #2816 ),
 .UNSPECIFIED., .F., .T. ) 
 B_SPLINE_CURVE_WITH_KNOTS ( ( 4, 4 ),
 ( 6.097354354070684046, 6.283185307179586232 ),
 .UNSPECIFIED. ) 
 CURVE ( )  GEOMETRIC_REPRESENTATION_ITEM ( )  RATIONAL_B_SPLINE_CURVE ( ( 1.000000000000000000, 0.9971243078549341110, 0.9971243078549341110, 1.000000000000000000 ) ) 
 REPRESENTATION_ITEM ( '' )  );
#7765 = CARTESIAN_POINT ( 'NONE',  ( 1.750000000000000000, -5.949999999999999289, 1.800000000000000266 ) ) ;
#7766 = DIRECTION ( 'NONE',  ( -0.000000000000000000, -0.000000000000000000, -1.000000000000000000 ) ) ;
#7767 = EDGE_CURVE ( 'NONE', #2389, #689, #2281, .T. ) ;
#7768 = CARTESIAN_POINT ( 'NONE',  ( -1.750000000000000222, -5.950000000000001954, 1.800000000000000266 ) ) ;
#7769 = ORIENTED_EDGE ( 'NONE', *, *, #1159, .T. ) ;
#7770 = DIRECTION ( 'NONE',  ( -1.000000000000000000, 0.000000000000000000, 0.000000000000000000 ) ) ;
#7771 = EDGE_CURVE ( 'NONE', #1915, #2726, #6879, .T. ) ;
#7772 = ORIENTED_EDGE ( 'NONE', *, *, #7493, .F. ) ;
#7773 = DIRECTION ( 'NONE',  ( 8.659560562354932858E-17, -0.7071067811865474617, 0.7071067811865474617 ) ) ;
#7774 = LINE ( 'NONE', #3807, #5166 ) ;
#7775 = VERTEX_POINT ( 'NONE', #8063 ) ;
#7776 = PLANE ( 'NONE',  #6225 ) ;
#7777 = DIRECTION ( 'NONE',  ( -0.000000000000000000, -0.000000000000000000, -1.000000000000000000 ) ) ;
#7778 = ORIENTED_EDGE ( 'NONE', *, *, #7771, .F. ) ;
#7779 = EDGE_CURVE ( 'NONE', #5840, #129, #5614, .T. ) ;
#7780 = EDGE_CURVE ( 'NONE', #5400, #4955, #7482, .T. ) ;
#7781 = CARTESIAN_POINT ( 'NONE',  ( -15.68937042237545576, 23.89353571423246336, -8.100000000000001421 ) ) ;
#7782 = ORIENTED_EDGE ( 'NONE', *, *, #5747, .F. ) ;
#7783 = DIRECTION ( 'NONE',  ( 0.000000000000000000, 1.000000000000000000, 0.000000000000000000 ) ) ;
#7784 = DIRECTION ( 'NONE',  ( 1.000000000000000000, 0.000000000000000000, 0.000000000000000000 ) ) ;
#7785 = ORIENTED_EDGE ( 'NONE', *, *, #2655, .T. ) ;
#7786 = PLANE ( 'NONE',  #4715 ) ;
#7787 = VERTEX_POINT ( 'NONE', #6841 ) ;
#7788 = ORIENTED_EDGE ( 'NONE', *, *, #2634, .T. ) ;
#7789 = ORIENTED_EDGE ( 'NONE', *, *, #1147, .F. ) ;
#7790 = DIRECTION ( 'NONE',  ( 1.000000000000000000, 0.000000000000000000, 0.000000000000000000 ) ) ;
#7791 = PLANE ( 'NONE',  #7736 ) ;
#7792 = CARTESIAN_POINT ( 'NONE',  ( -15.68937042237545576, 28.59353571423246265, -4.400000000000000355 ) ) ;
#7793 = CARTESIAN_POINT ( 'NONE',  ( 0.000000000000000000, 0.000000000000000000, 0.000000000000000000 ) ) ;
#7794 = DIRECTION ( 'NONE',  ( -1.000000000000000000, 0.000000000000000000, -1.251002506714043540E-16 ) ) ;
#7795 = LINE ( 'NONE', #787, #3948 ) ;
#7796 = VERTEX_POINT ( 'NONE', #2893 ) ;
#7797 = ORIENTED_EDGE ( 'NONE', *, *, #5530, .T. ) ;
#7798 = CARTESIAN_POINT ( 'NONE',  ( 3.649999999999998135, -3.750000000000000000, 5.599999999999999645 ) ) ;
#7799 = EDGE_CURVE ( 'NONE', #5537, #5619, #3926, .T. ) ;
#7800 = PRODUCT_RELATED_PRODUCT_CATEGORY ( 'part', '', ( #5108 ) ) ;
#7801 = CONTEXT_DEPENDENT_SHAPE_REPRESENTATION ( #4454, #6452 ) ;
#7802 = CARTESIAN_POINT ( 'NONE',  ( 3.399999999999998579, 2.950000000000003286, 0.000000000000000000 ) ) ;
#7803 = CARTESIAN_POINT ( 'NONE',  ( -24.92664915606493992, 20.99403537297251177, -6.349999999999920597 ) ) ;
#7804 = CARTESIAN_POINT ( 'NONE',  ( -4.100000000000001421, 0.4500000000000045075, 2.500000000000000000 ) ) ;
#7805 = EDGE_LOOP ( 'NONE', ( #5636, #6152, #6094, #224 ) ) ;
#7806 = SHAPE_REPRESENTATION ( 'PT01-B_BODY', ( #4879 ), #7301 ) ;
#7807 = CARTESIAN_POINT ( 'NONE',  ( -3.600000000000001421, -5.150000000000000355, 0.000000000000000000 ) ) ;
#7808 = EDGE_CURVE ( 'NONE', #8189, #6185, #1053, .T. ) ;
#7809 = ORIENTED_EDGE ( 'NONE', *, *, #5758, .T. ) ;
#7810 = DIRECTION ( 'NONE',  ( -2.282530889443169980E-16, -1.000000000000000000, 0.000000000000000000 ) ) ;
#7811 = CARTESIAN_POINT ( 'NONE',  ( 0.2999999999999997113, 16.69999999999999574, 2.299999999999999822 ) ) ;
#7812 = CARTESIAN_POINT ( 'NONE',  ( 0.4999999999999987232, 2.950000000000003730, 0.5000000000000000000 ) ) ;
#7813 = VECTOR ( 'NONE', #3093, 1000.000000000000000 ) ;
#7814 = DIRECTION ( 'NONE',  ( 0.000000000000000000, 0.000000000000000000, 1.000000000000000000 ) ) ;
#7815 = ADVANCED_FACE ( 'NONE', ( #7523 ), #8029, .F. ) ;
#7816 = ORIENTED_EDGE ( 'NONE', *, *, #2915, .F. ) ;
#7817 = LINE ( 'NONE', #123, #7713 ) ;
#7818 = ORIENTED_EDGE ( 'NONE', *, *, #6918, .F. ) ;
#7819 = DIRECTION ( 'NONE',  ( 0.000000000000000000, 0.000000000000000000, 1.000000000000000000 ) ) ;
#7820 = VERTEX_POINT ( 'NONE', #8193 ) ;
#7821 = CIRCLE ( 'NONE', #2285, 1.500000000000004885 ) ;
#7822 = CARTESIAN_POINT ( 'NONE',  ( 2.900000000000000355, -7.560000000000000497, 1.800000000000000711 ) ) ;
#7823 = EDGE_CURVE ( 'NONE', #3765, #7851, #2412, .T. ) ;
#7824 = EDGE_CURVE ( 'NONE', #2518, #6393, #928, .T. ) ;
#7825 = EDGE_LOOP ( 'NONE', ( #2004, #2547, #4074, #5959 ) ) ;
#7826 = AXIS2_PLACEMENT_3D ( 'NONE', #264, #4040, #2134 ) ;
#7827 = ORIENTED_EDGE ( 'NONE', *, *, #6892, .F. ) ;
#7828 = ORIENTED_EDGE ( 'NONE', *, *, #7520, .F. ) ;
#7829 = CARTESIAN_POINT ( 'NONE',  ( -25.68937042237545043, 6.263023396829152227E-15, -1.400000000000001021 ) ) ;
#7830 = CARTESIAN_POINT ( 'NONE',  ( 0.000000000000000000, 13.89999999999999858, 0.000000000000000000 ) ) ;
#7831 = CARTESIAN_POINT ( 'NONE',  ( -24.38937042237544262, 38.09353571423245910, 0.4500000000000001221 ) ) ;
#7832 = ORIENTED_EDGE ( 'NONE', *, *, #230, .T. ) ;
#7833 = DIRECTION ( 'NONE',  ( 0.000000000000000000, 0.000000000000000000, 1.000000000000000000 ) ) ;
#7834 = FACE_OUTER_BOUND ( 'NONE', #2802, .T. ) ;
#7835 = SURFACE_SIDE_STYLE ('',( #3204 ) ) ;
#7836 = DIRECTION ( 'NONE',  ( -1.000000000000000000, 0.000000000000000000, 0.000000000000000000 ) ) ;
#7837 = AXIS2_PLACEMENT_3D ( 'NONE', #776, #3351, #5913 ) ;
#7838 = EDGE_CURVE ( 'NONE', #4999, #5086, #7390, .T. ) ;
#7839 = ORIENTED_EDGE ( 'NONE', *, *, #858, .T. ) ;
#7840 = ORIENTED_EDGE ( 'NONE', *, *, #4933, .T. ) ;
#7841 = DIRECTION ( 'NONE',  ( 0.000000000000000000, 0.000000000000000000, 1.000000000000000000 ) ) ;
#7842 = VECTOR ( 'NONE', #2418, 1000.000000000000000 ) ;
#7843 = FACE_OUTER_BOUND ( 'NONE', #4354, .T. ) ;
#7844 = VECTOR ( 'NONE', #3579, 1000.000000000000000 ) ;
#7845 = DIRECTION ( 'NONE',  ( 0.000000000000000000, 0.000000000000000000, 1.000000000000000000 ) ) ;
#7846 = DIRECTION ( 'NONE',  ( 0.000000000000000000, 0.000000000000000000, -1.000000000000000000 ) ) ;
#7847 = EDGE_CURVE ( 'NONE', #5752, #2848, #6759, .T. ) ;
#7848 = ORIENTED_EDGE ( 'NONE', *, *, #5379, .F. ) ;
#7849 = AXIS2_PLACEMENT_3D ( 'NONE', #8308, #8175, #5097 ) ;
#7850 = DIRECTION ( 'NONE',  ( 0.000000000000000000, 0.000000000000000000, 1.000000000000000000 ) ) ;
#7851 = VERTEX_POINT ( 'NONE', #7431 ) ;
#7852 = CARTESIAN_POINT ( 'NONE',  ( -25.68937042237544333, 30.64353571423245626, 0.000000000000000000 ) ) ;
#7853 = DIRECTION ( 'NONE',  ( 0.8817916373304288680, 0.4716391717554017093, 0.000000000000000000 ) ) ;
#7854 = VECTOR ( 'NONE', #7053, 1000.000000000000000 ) ;
#7855 = LINE ( 'NONE', #3344, #5158 ) ;
#7856 = LINE ( 'NONE', #770, #6920 ) ;
#7857 = EDGE_CURVE ( 'NONE', #5671, #5239, #2932, .T. ) ;
#7858 = ADVANCED_FACE ( 'NONE', ( #3377 ), #1473, .T. ) ;
#7859 = VECTOR ( 'NONE', #1566, 1000.000000000000000 ) ;
#7860 = ORIENTED_EDGE ( 'NONE', *, *, #6490, .T. ) ;
#7861 = AXIS2_PLACEMENT_3D ( 'NONE', #550, #4400, #3126 ) ;
#7862 = ORIENTED_EDGE ( 'NONE', *, *, #7923, .T. ) ;
#7863 = DIRECTION ( 'NONE',  ( 0.000000000000000000, 1.000000000000000000, 0.000000000000000000 ) ) ;
#7864 = AXIS2_PLACEMENT_3D ( 'NONE', #4410, #7613, #6457 ) ;
#7865 = ORIENTED_EDGE ( 'NONE', *, *, #831, .F. ) ;
#7866 = VECTOR ( 'NONE', #993, 1000.000000000000000 ) ;
#7867 = CARTESIAN_POINT ( 'NONE',  ( -1.734723475976807094E-15, 0.4500000000000040079, 4.299999999999999822 ) ) ;
#7868 = AXIS2_PLACEMENT_3D ( 'NONE', #3448, #4041, #5497 ) ;
#7869 = VECTOR ( 'NONE', #2170, 1000.000000000000000 ) ;
#7870 = EDGE_LOOP ( 'NONE', ( #2573, #3424, #1568, #320, #3073 ) ) ;
#7871 = AXIS2_PLACEMENT_3D ( 'NONE', #1265, #3764, #1219 ) ;
#7872 = AXIS2_PLACEMENT_3D ( 'NONE', #5933, #4560, #1257 ) ;
#7873 = ORIENTED_EDGE ( 'NONE', *, *, #1164, .F. ) ;
#7874 = VERTEX_POINT ( 'NONE', #7558 ) ;
#7875 = LINE ( 'NONE', #7200, #4338 ) ;
#7876 = CARTESIAN_POINT ( 'NONE',  ( -24.03937042237544119, 38.09353571423245910, 0.4500000000000001221 ) ) ;
#7877 = DIRECTION ( 'NONE',  ( 0.000000000000000000, -1.000000000000000000, 0.000000000000000000 ) ) ;
#7878 = CIRCLE ( 'NONE', #991, 1.200000000000002176 ) ;
#7879 = CARTESIAN_POINT ( 'NONE',  ( -17.68937042237545043, 38.09353571423245910, 0.4500000000000001221 ) ) ;
#7880 = EDGE_CURVE ( 'NONE', #6658, #1231, #5669, .T. ) ;
#7881 = ADVANCED_FACE ( 'NONE', ( #1744 ), #1160, .T. ) ;
#7882 = ORIENTED_EDGE ( 'NONE', *, *, #216, .F. ) ;
#7883 = LINE ( 'NONE', #3483, #7286 ) ;
#7884 = FACE_OUTER_BOUND ( 'NONE', #4134, .T. ) ;
#7885 = AXIS2_PLACEMENT_3D ( 'NONE', #49, #6933, #5708 ) ;
#7886 = CARTESIAN_POINT ( 'NONE',  ( -16.45209168868605332, 20.99403537297250821, -6.349999999999987210 ) ) ;
#7887 = ORIENTED_EDGE ( 'NONE', *, *, #5147, .F. ) ;
#7888 = EDGE_LOOP ( 'NONE', ( #7221, #6686, #3397, #2192 ) ) ;
#7889 = DIRECTION ( 'NONE',  ( 0.000000000000000000, 0.000000000000000000, 1.000000000000000000 ) ) ;
#7890 = CYLINDRICAL_SURFACE ( 'NONE', #3166, 3.500000000000000000 ) ;
#7891 = EDGE_CURVE ( 'NONE', #3939, #807, #4545, .T. ) ;
#7892 = EDGE_CURVE ( 'NONE', #5765, #77, #3107, .T. ) ;
#7893 = CARTESIAN_POINT ( 'NONE',  ( -22.98937042237544404, 38.09353571423245910, 0.4500000000000001221 ) ) ;
#7894 = CARTESIAN_POINT ( 'NONE',  ( -1.734723475976807094E-15, 0.4500000000000040079, 5.000000000000000000 ) ) ;
#7895 = DIRECTION ( 'NONE',  ( -1.000000000000000000, 0.000000000000000000, 0.000000000000000000 ) ) ;
#7896 = EDGE_LOOP ( 'NONE', ( #173, #5761, #7314, #7816 ) ) ;
#7897 = PLANE ( 'NONE',  #6325 ) ;
#7898 = ORIENTED_EDGE ( 'NONE', *, *, #4604, .F. ) ;
#7899 = CARTESIAN_POINT ( 'NONE',  ( 1.000000000000000000, 0.4499999999999487188, 4.299999999999999822 ) ) ;
#7900 = ORIENTED_EDGE ( 'NONE', *, *, #4912, .T. ) ;
#7901 = CARTESIAN_POINT ( 'NONE',  ( 1.370000000000000329, 13.50000000000000000, 3.349876971653937385 ) ) ;
#7902 = DIRECTION ( 'NONE',  ( 0.000000000000000000, 0.000000000000000000, 1.000000000000000000 ) ) ;
#7903 = CARTESIAN_POINT ( 'NONE',  ( -1.900000000000001910, 3.600000000000003642, 0.1000000000000000056 ) ) ;
#7904 = ORIENTED_EDGE ( 'NONE', *, *, #667, .T. ) ;
#7905 = EDGE_CURVE ( 'NONE', #255, #6466, #3658, .T. ) ;
#7906 = EDGE_CURVE ( 'NONE', #3016, #2717, #8297, .T. ) ;
#7907 = EDGE_LOOP ( 'NONE', ( #8324, #5526, #660, #1684, #5627, #4424 ) ) ;
#7908 = DIRECTION ( 'NONE',  ( 0.000000000000000000, -1.000000000000000000, 0.000000000000000000 ) ) ;
#7909 = VERTEX_POINT ( 'NONE', #6032 ) ;
#7910 = ORIENTED_EDGE ( 'NONE', *, *, #5189, .F. ) ;
#7911 = ORIENTED_EDGE ( 'NONE', *, *, #1407, .F. ) ;
#7912 = ORIENTED_EDGE ( 'NONE', *, *, #5004, .T. ) ;
#7913 = EDGE_CURVE ( 'NONE', #6507, #255, #7503, .T. ) ;
#7914 = DIRECTION ( 'NONE',  ( 1.000000000000000000, -2.282530889443169980E-16, 7.366623104296351792E-31 ) ) ;
#7915 = DIRECTION ( 'NONE',  ( 0.000000000000000000, 0.000000000000000000, -1.000000000000000000 ) ) ;
#7916 = CARTESIAN_POINT ( 'NONE',  ( 2.100000000000000089, -7.560000000000000497, 2.100000000000000089 ) ) ;
#7917 = CARTESIAN_POINT ( 'NONE',  ( -17.33937042237545256, 29.99353571423246123, -4.900000000000003020 ) ) ;
#7918 = ORIENTED_EDGE ( 'NONE', *, *, #1068, .T. ) ;
#7919 = DIRECTION ( 'NONE',  ( -0.000000000000000000, -0.000000000000000000, -1.000000000000000000 ) ) ;
#7920 = DIRECTION ( 'NONE',  ( 0.000000000000000000, 1.000000000000000000, 0.000000000000000000 ) ) ;
#7921 = CARTESIAN_POINT ( 'NONE',  ( 0.000000000000000000, 15.89999999999999680, 0.000000000000000000 ) ) ;
#7922 = ORIENTED_EDGE ( 'NONE', *, *, #5666, .T. ) ;
#7923 = EDGE_CURVE ( 'NONE', #129, #1743, #2037, .T. ) ;
#7924 = ORIENTED_EDGE ( 'NONE', *, *, #1408, .F. ) ;
#7925 = DIRECTION ( 'NONE',  ( -3.197646960325912517E-16, 1.000000000000000000, 0.000000000000000000 ) ) ;
#7926 = PLANE ( 'NONE',  #812 ) ;
#7927 = CARTESIAN_POINT ( 'NONE',  ( -18.38937042237544972, 38.09353571423245910, 0.4500000000000001221 ) ) ;
#7928 = ORIENTED_EDGE ( 'NONE', *, *, #4683, .T. ) ;
#7929 = ADVANCED_FACE ( 'NONE', ( #4504 ), #4673, .T. ) ;
#7930 = ADVANCED_FACE ( 'NONE', ( #6434 ), #5843, .F. ) ;
#7931 = PLANE ( 'NONE',  #6469 ) ;
#7932 = DIRECTION ( 'NONE',  ( 0.000000000000000000, 0.000000000000000000, -1.000000000000000000 ) ) ;
#7933 = ORIENTED_EDGE ( 'NONE', *, *, #6092, .F. ) ;
#7934 = CARTESIAN_POINT ( 'NONE',  ( -3.600000000000001421, -5.950000000000000178, 0.000000000000000000 ) ) ;
#7935 = ORIENTED_EDGE ( 'NONE', *, *, #7799, .F. ) ;
#7936 = DIRECTION ( 'NONE',  ( -0.7071067811865443531, 0.7071067811865506814, 0.000000000000000000 ) ) ;
#7937 = CARTESIAN_POINT ( 'NONE',  ( -25.23937042237544048, 24.39353571423245981, -8.100000000000001421 ) ) ;
#7938 = PLANE ( 'NONE',  #6101 ) ;
#7939 = ORIENTED_EDGE ( 'NONE', *, *, #5542, .T. ) ;
#7940 = EDGE_LOOP ( 'NONE', ( #2117, #1642, #1483, #6962, #6736, #6300, #2474, #3231, #4272, #4564, #1690, #5357, #6361 ) ) ;
#7941 = FACE_OUTER_BOUND ( 'NONE', #1602, .T. ) ;
#7942 = AXIS2_PLACEMENT_3D ( 'NONE', #7807, #1987, #7727 ) ;
#7943 = ORIENTED_EDGE ( 'NONE', *, *, #4023, .T. ) ;
#7944 = DIRECTION ( 'NONE',  ( -3.197646960325912517E-16, 1.000000000000000000, 0.000000000000000000 ) ) ;
#7945 = EDGE_CURVE ( 'NONE', #2590, #1436, #3199, .T. ) ;
#7946 = ORIENTED_EDGE ( 'NONE', *, *, #722, .F. ) ;
#7947 = ORIENTED_EDGE ( 'NONE', *, *, #7555, .F. ) ;
#7948 = SURFACE_SIDE_STYLE ('',( #3517 ) ) ;
#7949 = CARTESIAN_POINT ( 'NONE',  ( -25.68937042237544333, 29.34353571423245910, -5.350000000000003197 ) ) ;
#7950 = CARTESIAN_POINT ( 'NONE',  ( -32.81920219114627457, 24.84349069516608921, -6.349999999999800693 ) ) ;
#7951 = CARTESIAN_POINT ( 'NONE',  ( -1.370000000000000107, 13.50000000000000000, 3.352688591713894439 ) ) ;
#7952 = ORIENTED_EDGE ( 'NONE', *, *, #8101, .T. ) ;
#7953 = CARTESIAN_POINT ( 'NONE',  ( -1.000000000000000000, 3.804101966249689326, 4.299999999999999822 ) ) ;
#7954 = LINE ( 'NONE', #5970, #6378 ) ;
#7955 = DIRECTION ( 'NONE',  ( 3.197646960325911531E-16, 1.000000000000000000, 0.000000000000000000 ) ) ;
#7956 = ADVANCED_FACE ( 'NONE', ( #2646 ), #1969, .F. ) ;
#7957 = CIRCLE ( 'NONE', #4852, 1.200000000000006617 ) ;
#7958 = EDGE_CURVE ( 'NONE', #3905, #4097, #7875, .T. ) ;
#7959 = ORIENTED_EDGE ( 'NONE', *, *, #2035, .F. ) ;
#7960 = CIRCLE ( 'NONE', #6059, 0.6999999999999992895 ) ;
#7961 = ORIENTED_EDGE ( 'NONE', *, *, #6698, .F. ) ;
#7962 = FACE_OUTER_BOUND ( 'NONE', #5106, .T. ) ;
#7963 = CARTESIAN_POINT ( 'NONE',  ( -1.249999999999999334, 13.50000000000000000, 3.152565349772896486 ) ) ;
#7964 = VECTOR ( 'NONE', #5094, 1000.000000000000000 ) ;
#7965 = FACE_OUTER_BOUND ( 'NONE', #7577, .T. ) ;
#7966 = CARTESIAN_POINT ( 'NONE',  ( -16.13937042237545327, 24.39353571423245626, -1.400000000000001021 ) ) ;
#7967 = VECTOR ( 'NONE', #3225, 1000.000000000000000 ) ;
#7968 = CARTESIAN_POINT ( 'NONE',  ( -25.68937042237546109, 22.89353571423244205, -5.350000000000001421 ) ) ;
#7969 = DIRECTION ( 'NONE',  ( -1.000000000000000000, 0.000000000000000000, 0.000000000000000000 ) ) ;
#7970 = VERTEX_POINT ( 'NONE', #5880 ) ;
#7971 = DIRECTION ( 'NONE',  ( 1.000000000000000000, -2.282530889443169980E-16, 0.000000000000000000 ) ) ;
#7972 = ADVANCED_FACE ( 'NONE', ( #8334 ), #2555, .T. ) ;
#7973 = VERTEX_POINT ( 'NONE', #1290 ) ;
#7974 = EDGE_CURVE ( 'NONE', #1, #5879, #1902, .T. ) ;
#7975 = CARTESIAN_POINT ( 'NONE',  ( -0.4000000000000000222, 0.000000000000000000, 2.100000000000000089 ) ) ;
#7976 = CARTESIAN_POINT ( 'NONE',  ( -25.36502030285419806, 20.09524132667342400, -6.287967052377579691 ) ) ;
#7977 = DIRECTION ( 'NONE',  ( 0.000000000000000000, 0.000000000000000000, 1.000000000000000000 ) ) ;
#7978 = VERTEX_POINT ( 'NONE', #61 ) ;
#7979 = CLOSED_SHELL ( 'NONE', ( #5760, #2539, #7759, #6156, #1314, #2673, #7171, #6278, #4431, #7564 ) ) ;
#7980 = VECTOR ( 'NONE', #6707, 1000.000000000000000 ) ;
#7981 = EDGE_LOOP ( 'NONE', ( #5579, #4218, #3179, #3065, #6676, #3774 ) ) ;
#7982 = LINE ( 'NONE', #5612, #4233 ) ;
#7983 = AXIS2_PLACEMENT_3D ( 'NONE', #228, #1499, #5376 ) ;
#7984 = ORIENTED_EDGE ( 'NONE', *, *, #3713, .F. ) ;
#7985 = EDGE_CURVE ( 'NONE', #4872, #2277, #3355, .T. ) ;
#7986 = AXIS2_PLACEMENT_3D ( 'NONE', #5134, #1295, #3874 ) ;
#7987 = VECTOR ( 'NONE', #6025, 1000.000000000000000 ) ;
#7988 = CIRCLE ( 'NONE', #8116, 0.6500000000000000222 ) ;
#7989 = ORIENTED_EDGE ( 'NONE', *, *, #5570, .F. ) ;
#7990 = AXIS2_PLACEMENT_3D ( 'NONE', #728, #116, #3304 ) ;
#7991 = EDGE_LOOP ( 'NONE', ( #3441, #8302, #2644, #6986 ) ) ;
#7992 = LINE ( 'NONE', #5410, #7297 ) ;
#7993 = LINE ( 'NONE', #4551, #6661 ) ;
#7994 = DIRECTION ( 'NONE',  ( 0.000000000000000000, 0.000000000000000000, -1.000000000000000000 ) ) ;
#7995 = CARTESIAN_POINT ( 'NONE',  ( -2.100000000000000089, -7.560000000000002274, 1.800000000000000711 ) ) ;
#7996 = VERTEX_POINT ( 'NONE', #2006 ) ;
#7997 = CARTESIAN_POINT ( 'NONE',  ( 0.000000000000000000, 18.19999999997889972, 0.000000000000000000 ) ) ;
#7998 = CARTESIAN_POINT ( 'NONE',  ( 4.399999999999998579, -5.949999999999998401, 5.000000000000000000 ) ) ;
#7999 = VECTOR ( 'NONE', #7402, 1000.000000000000000 ) ;
#8000 = CIRCLE ( 'NONE', #3153, 1.199999999999999734 ) ;
#8001 = DIRECTION ( 'NONE',  ( 0.6018150231520500437, 0.7986355100472914970, 0.000000000000000000 ) ) ;
#8002 = AXIS2_PLACEMENT_3D ( 'NONE', #289, #1724, #4850 ) ;
#8003 = ORIENTED_EDGE ( 'NONE', *, *, #541, .T. ) ;
#8004 = VECTOR ( 'NONE', #7658, 1000.000000000000000 ) ;
#8005 = CIRCLE ( 'NONE', #8132, 3.500000000000000000 ) ;
#8006 = VERTEX_POINT ( 'NONE', #4631 ) ;
#8007 = DIRECTION ( 'NONE',  ( -2.551063935260010491E-16, 1.000000000000000000, 0.000000000000000000 ) ) ;
#8008 = DIRECTION ( 'NONE',  ( 1.000000000000000000, 0.000000000000000000, -1.618212197739559129E-16 ) ) ;
#8009 = VECTOR ( 'NONE', #3576, 1000.000000000000000 ) ;
#8010 = EDGE_CURVE ( 'NONE', #6404, #6633, #1368, .T. ) ;
#8011 = FACE_OUTER_BOUND ( 'NONE', #5869, .T. ) ;
#8012 = EDGE_CURVE ( 'NONE', #8309, #8196, #4035, .T. ) ;
#8013 = DIRECTION ( 'NONE',  ( 0.000000000000000000, 1.000000000000000000, 0.000000000000000000 ) ) ;
#8014 = VECTOR ( 'NONE', #3189, 1000.000000000000000 ) ;
#8015 = DIRECTION ( 'NONE',  ( -0.000000000000000000, -0.000000000000000000, -1.000000000000000000 ) ) ;
#8016 = EDGE_CURVE ( 'NONE', #5939, #3732, #3953, .T. ) ;
#8017 = LINE ( 'NONE', #7377, #1674 ) ;
#8018 = ORIENTED_EDGE ( 'NONE', *, *, #4212, .T. ) ;
#8019 = ORIENTED_EDGE ( 'NONE', *, *, #1129, .F. ) ;
#8020 = LINE ( 'NONE', #6230, #2199 ) ;
#8021 = LINE ( 'NONE', #638, #4489 ) ;
#8022 = DIRECTION ( 'NONE',  ( 0.000000000000000000, 0.000000000000000000, 1.000000000000000000 ) ) ;
#8023 = ORIENTED_EDGE ( 'NONE', *, *, #1953, .F. ) ;
#8024 = EDGE_CURVE ( 'NONE', #270, #6710, #1920, .T. ) ;
#8025 = ORIENTED_EDGE ( 'NONE', *, *, #3856, .F. ) ;
#8026 = DIRECTION ( 'NONE',  ( 1.000000000000000000, 2.551063935260010491E-16, 0.000000000000000000 ) ) ;
#8027 =( BOUNDED_CURVE ( )  B_SPLINE_CURVE ( 3, ( #3674, #1600, #6234, #4180 ),
 .UNSPECIFIED., .F., .T. ) 
 B_SPLINE_CURVE_WITH_KNOTS ( ( 4, 4 ),
 ( 3.327423606698696190, 4.712388980384694115 ),
 .UNSPECIFIED. ) 
 CURVE ( )  GEOMETRIC_REPRESENTATION_ITEM ( )  RATIONAL_B_SPLINE_CURVE ( ( 1.000000000000000000, 0.8464422115045102668, 0.8464422115045102668, 1.000000000000000000 ) ) 
 REPRESENTATION_ITEM ( '' )  );
#8028 = ORIENTED_EDGE ( 'NONE', *, *, #8234, .T. ) ;
#8029 = PLANE ( 'NONE',  #4067 ) ;
#8030 = LINE ( 'NONE', #4785, #6515 ) ;
#8031 = ADVANCED_FACE ( 'NONE', ( #747 ), #95, .T. ) ;
#8032 = ADVANCED_FACE ( 'NONE', ( #5174 ), #5246, .F. ) ;
#8033 = ORIENTED_EDGE ( 'NONE', *, *, #2499, .T. ) ;
#8034 = EDGE_LOOP ( 'NONE', ( #2909, #5716 ) ) ;
#8035 = CARTESIAN_POINT ( 'NONE',  ( -0.0008203932499368550568, 16.69999999999999574, 1.279727070297659203E-17 ) ) ;
#8036 = DIRECTION ( 'NONE',  ( -1.000000000000000000, 0.000000000000000000, 0.000000000000000000 ) ) ;
#8037 = CARTESIAN_POINT ( 'NONE',  ( -0.5000000000000015543, 2.950000000000003286, 0.000000000000000000 ) ) ;
#8038 = VERTEX_POINT ( 'NONE', #3478 ) ;
#8039 = CARTESIAN_POINT ( 'NONE',  ( 1.479999999999999982, 16.69999999999999574, 1.000000000000000000 ) ) ;
#8040 = CYLINDRICAL_SURFACE ( 'NONE', #1262, 0.6500000000000012434 ) ;
#8041 = DIRECTION ( 'NONE',  ( 0.000000000000000000, 1.000000000000000000, 0.000000000000000000 ) ) ;
#8042 = ORIENTED_EDGE ( 'NONE', *, *, #5598, .T. ) ;
#8043 = ORIENTED_EDGE ( 'NONE', *, *, #5652, .T. ) ;
#8044 = FACE_OUTER_BOUND ( 'NONE', #651, .T. ) ;
#8045 = DIRECTION ( 'NONE',  ( -0.7071067811865443531, -0.7071067811865506814, 0.000000000000000000 ) ) ;
#8046 = DIRECTION ( 'NONE',  ( 0.000000000000000000, 0.000000000000000000, 1.000000000000000000 ) ) ;
#8047 = PLANE ( 'NONE',  #2867 ) ;
#8048 = EDGE_CURVE ( 'NONE', #4811, #2771, #2774, .T. ) ;
#8049 = PRODUCT_DEFINITION ( 'UNKNOWN', '', #6214, #1484 ) ;
#8050 = LINE ( 'NONE', #4214, #674 ) ;
#8051 = CARTESIAN_POINT ( 'NONE',  ( -22.98937042237544404, 38.09353571423245910, 0.000000000000000000 ) ) ;
#8052 = EDGE_LOOP ( 'NONE', ( #696, #4863, #2448, #4246 ) ) ;
#8053 = VERTEX_POINT ( 'NONE', #1657 ) ;
#8054 = DIRECTION ( 'NONE',  ( -1.000000000000000000, 0.000000000000000000, 0.000000000000000000 ) ) ;
#8055 = CARTESIAN_POINT ( 'NONE',  ( -17.33937042237545256, 37.14353571423244205, -4.900000000000003020 ) ) ;
#8056 = DIRECTION ( 'NONE',  ( -0.000000000000000000, -1.000000000000000000, -0.000000000000000000 ) ) ;
#8057 = ORIENTED_EDGE ( 'NONE', *, *, #3297, .T. ) ;
#8058 = ADVANCED_FACE ( 'NONE', ( #4076 ), #1614, .F. ) ;
#8059 = EDGE_LOOP ( 'NONE', ( #7769, #5244, #5717, #1119 ) ) ;
#8060 = VERTEX_POINT ( 'NONE', #3398 ) ;
#8061 = DIRECTION ( 'NONE',  ( -1.000000000000000000, 0.000000000000000000, 0.000000000000000000 ) ) ;
#8062 = ORIENTED_EDGE ( 'NONE', *, *, #519, .F. ) ;
#8063 = CARTESIAN_POINT ( 'NONE',  ( -1.089941313553887348, -0.05202383709185196686, 0.5000000000000000000 ) ) ;
#8064 = ORIENTED_EDGE ( 'NONE', *, *, #2779, .T. ) ;
#8065 = VERTEX_POINT ( 'NONE', #220 ) ;
#8066 = DIRECTION ( 'NONE',  ( 0.000000000000000000, 0.000000000000000000, 1.000000000000000000 ) ) ;
#8067 = DIRECTION ( 'NONE',  ( -1.000000000000000000, 2.168404344971008868E-15, 0.000000000000000000 ) ) ;
#8068 = CARTESIAN_POINT ( 'NONE',  ( 3.399999999999998579, 2.950000000000003286, 0.5000000000000000000 ) ) ;
#8069 = CARTESIAN_POINT ( 'NONE',  ( 0.4999999999999982792, -0.05000000000000062034, 0.5000000000000000000 ) ) ;
#8070 = ORIENTED_EDGE ( 'NONE', *, *, #5328, .T. ) ;
#8071 = DIRECTION ( 'NONE',  ( 0.000000000000000000, 1.000000000000000000, 0.000000000000000000 ) ) ;
#8072 = DIRECTION ( 'NONE',  ( 0.4450259648305182614, 0.8955176662839580137, -1.061395565404947803E-15 ) ) ;
#8073 = EDGE_CURVE ( 'NONE', #4825, #7796, #1576, .T. ) ;
#8074 = EDGE_CURVE ( 'NONE', #4088, #7874, #2849, .T. ) ;
#8075 = CIRCLE ( 'NONE', #1066, 0.4000000000000000777 ) ;
#8076 = ORIENTED_EDGE ( 'NONE', *, *, #5652, .F. ) ;
#8077 = VERTEX_POINT ( 'NONE', #6083 ) ;
#8078 = CYLINDRICAL_SURFACE ( 'NONE', #5975, 0.6500000000000000222 ) ;
#8079 = DIRECTION ( 'NONE',  ( 1.000000000000000000, 0.000000000000000000, 0.000000000000000000 ) ) ;
#8080 = CARTESIAN_POINT ( 'NONE',  ( 3.499999999999998224, 0.4500000000000040079, 1.800000000000000488 ) ) ;
#8081 = PLANE ( 'NONE',  #3250 ) ;
#8082 = DIRECTION ( 'NONE',  ( 0.000000000000000000, -1.000000000000000000, 0.000000000000000000 ) ) ;
#8083 = EDGE_CURVE ( 'NONE', #1350, #4155, #4157, .T. ) ;
#8084 = CIRCLE ( 'NONE', #5516, 0.1999999999999987899 ) ;
#8085 = AXIS2_PLACEMENT_3D ( 'NONE', #7635, #6989, #5637 ) ;
#8086 = CARTESIAN_POINT ( 'NONE',  ( -25.68937042237544333, 27.59353571423245910, 0.04999999999999996808 ) ) ;
#8087 = CIRCLE ( 'NONE', #2711, 0.4000000000000010214 ) ;
#8088 = CARTESIAN_POINT ( 'NONE',  ( -17.33937042237545256, 30.64353571423245270, -4.900000000000003020 ) ) ;
#8089 = ORIENTED_EDGE ( 'NONE', *, *, #155, .F. ) ;
#8090 = EDGE_LOOP ( 'NONE', ( #7471, #5854, #567, #7860 ) ) ;
#8091 = EDGE_CURVE ( 'NONE', #2584, #2326, #304, .T. ) ;
#8092 = DIRECTION ( 'NONE',  ( 0.000000000000000000, 0.000000000000000000, 1.000000000000000000 ) ) ;
#8093 = DIRECTION ( 'NONE',  ( -0.000000000000000000, -1.000000000000000000, -0.000000000000000000 ) ) ;
#8094 = LINE ( 'NONE', #6799, #860 ) ;
#8095 = VECTOR ( 'NONE', #4821, 1000.000000000000000 ) ;
#8096 = ORIENTED_EDGE ( 'NONE', *, *, #7722, .F. ) ;
#8097 = ORIENTED_EDGE ( 'NONE', *, *, #1772, .F. ) ;
#8098 = ORIENTED_EDGE ( 'NONE', *, *, #7923, .F. ) ;
#8099 = AXIS2_PLACEMENT_3D ( 'NONE', #7829, #7111, #1328 ) ;
#8100 = ORIENTED_EDGE ( 'NONE', *, *, #2597, .T. ) ;
#8101 = EDGE_CURVE ( 'NONE', #6930, #2643, #2639, .T. ) ;
#8102 = CARTESIAN_POINT ( 'NONE',  ( 0.5000000000000002220, 16.69999999999999574, 1.500000000000000000 ) ) ;
#8103 = EDGE_CURVE ( 'NONE', #523, #6859, #4480, .T. ) ;
#8104 = CARTESIAN_POINT ( 'NONE',  ( -25.68937042237544333, 27.59353571423245555, -0.4000000000000010769 ) ) ;
#8105 = ORIENTED_EDGE ( 'NONE', *, *, #2322, .F. ) ;
#8106 = EDGE_LOOP ( 'NONE', ( #2160, #8232, #5824, #2120, #7959, #4186, #6643 ) ) ;
#8107 =( NAMED_UNIT ( * ) SI_UNIT ( $, .STERADIAN. ) SOLID_ANGLE_UNIT ( ) );
#8108 = CARTESIAN_POINT ( 'NONE',  ( 3.250000000000001332, 0.000000000000000000, 1.800000000000000266 ) ) ;
#8109 = DIRECTION ( 'NONE',  ( 0.000000000000000000, 1.000000000000000000, 0.000000000000000000 ) ) ;
#8110 = CARTESIAN_POINT ( 'NONE',  ( 0.000000000000000000, 18.19999999999999574, -0.6000000000000001998 ) ) ;
#8111 = CIRCLE ( 'NONE', #1918, 3.450000000000001510 ) ;
#8112 = VERTEX_POINT ( 'NONE', #6127 ) ;
#8113 = DIRECTION ( 'NONE',  ( 1.000000000000000000, 0.000000000000000000, 0.000000000000000000 ) ) ;
#8114 = DIRECTION ( 'NONE',  ( 1.000000000000000000, 0.000000000000000000, 0.000000000000000000 ) ) ;
#8115 = CIRCLE ( 'NONE', #5576, 0.6999999999999992895 ) ;
#8116 = AXIS2_PLACEMENT_3D ( 'NONE', #2454, #1228, #3813 ) ;
#8117 = EDGE_LOOP ( 'NONE', ( #3021, #5349, #4750, #596 ) ) ;
#8118 = AXIS2_PLACEMENT_3D ( 'NONE', #210, #3343, #7853 ) ;
#8119 = EDGE_CURVE ( 'NONE', #1231, #3230, #7992, .T. ) ;
#8120 = ORIENTED_EDGE ( 'NONE', *, *, #5183, .F. ) ;
#8121 = EDGE_CURVE ( 'NONE', #1180, #8077, #4826, .T. ) ;
#8122 = CARTESIAN_POINT ( 'NONE',  ( -2.500000000000000444, -11.96000000000000796, 1.800000000000000711 ) ) ;
#8123 = AXIS2_PLACEMENT_3D ( 'NONE', #6587, #6352, #1807 ) ;
#8124 = DIRECTION ( 'NONE',  ( -1.000000000000000000, 0.000000000000000000, 0.000000000000000000 ) ) ;
#8125 = CIRCLE ( 'NONE', #851, 0.3500000000000000333 ) ;
#8126 = CARTESIAN_POINT ( 'NONE',  ( -2.900000000000000355, -7.560000000000002274, 2.100000000000000089 ) ) ;
#8127 = FACE_OUTER_BOUND ( 'NONE', #4430, .T. ) ;
#8128 = CARTESIAN_POINT ( 'NONE',  ( -25.23937042237544404, 6.263023396829152227E-15, -8.100000000000001421 ) ) ;
#8129 = AXIS2_PLACEMENT_3D ( 'NONE', #5276, #5356, #887 ) ;
#8130 = FACE_OUTER_BOUND ( 'NONE', #3778, .T. ) ;
#8131 = AXIS2_PLACEMENT_3D ( 'NONE', #573, #1791, #4870 ) ;
#8132 = AXIS2_PLACEMENT_3D ( 'NONE', #3400, #935, #6086 ) ;
#8133 = ADVANCED_FACE ( 'NONE', ( #5455 ), #1545, .F. ) ;
#8134 = VECTOR ( 'NONE', #1856, 1000.000000000000000 ) ;
#8135 = EDGE_CURVE ( 'NONE', #8242, #2419, #6688, .T. ) ;
#8136 = CARTESIAN_POINT ( 'NONE',  ( -25.68937042237544333, 27.59353571423245910, -7.350000000000000533 ) ) ;
#8137 = VECTOR ( 'NONE', #4248, 1000.000000000000000 ) ;
#8138 = CARTESIAN_POINT ( 'NONE',  ( -3.500000000000001776, 0.4500000000000044520, 1.800000000000000488 ) ) ;
#8139 =( LENGTH_UNIT ( ) NAMED_UNIT ( * ) SI_UNIT ( .MILLI., .METRE. ) );
#8140 = DIRECTION ( 'NONE',  ( -0.6018150231520500437, -0.7986355100472914970, 0.000000000000000000 ) ) ;
#8141 = ORIENTED_EDGE ( 'NONE', *, *, #2837, .F. ) ;
#8142 = VECTOR ( 'NONE', #4621, 1000.000000000000000 ) ;
#8143 = ORIENTED_EDGE ( 'NONE', *, *, #923, .F. ) ;
#8144 = CARTESIAN_POINT ( 'NONE',  ( -3.600000000000001421, -5.950000000000000178, 5.000000000000000000 ) ) ;
#8145 = DIRECTION ( 'NONE',  ( 2.551063935260010491E-16, -1.000000000000000000, 2.891205793294675467E-15 ) ) ;
#8146 = CIRCLE ( 'NONE', #5713, 0.6999999999999992895 ) ;
#8147 = CARTESIAN_POINT ( 'NONE',  ( -24.63461873163631211, 22.09100311467075173, -7.349999999999958789 ) ) ;
#8148 = ORIENTED_EDGE ( 'NONE', *, *, #6293, .T. ) ;
#8149 = ORIENTED_EDGE ( 'NONE', *, *, #3997, .F. ) ;
#8150 = LINE ( 'NONE', #4307, #2279 ) ;
#8151 = ORIENTED_EDGE ( 'NONE', *, *, #6588, .T. ) ;
#8152 =( NAMED_UNIT ( * ) SI_UNIT ( $, .STERADIAN. ) SOLID_ANGLE_UNIT ( ) );
#8153 = ORIENTED_EDGE ( 'NONE', *, *, #7462, .T. ) ;
#8154 = DIRECTION ( 'NONE',  ( -0.000000000000000000, -1.000000000000000000, -0.000000000000000000 ) ) ;
#8155 = MANIFOLD_SOLID_BREP ( 'Split1[4]', #144 ) ;
#8156 = EDGE_CURVE ( 'NONE', #138, #8314, #1095, .T. ) ;
#8157 = ORIENTED_EDGE ( 'NONE', *, *, #1272, .T. ) ;
#8158 = ORIENTED_EDGE ( 'NONE', *, *, #5148, .T. ) ;
#8159 = FILL_AREA_STYLE ('',( #5581 ) ) ;
#8160 = FACE_OUTER_BOUND ( 'NONE', #5001, .T. ) ;
#8161 = DIRECTION ( 'NONE',  ( 0.000000000000000000, 0.000000000000000000, -1.000000000000000000 ) ) ;
#8162 = LINE ( 'NONE', #3698, #3682 ) ;
#8163 = ORIENTED_EDGE ( 'NONE', *, *, #7303, .F. ) ;
#8164 = CARTESIAN_POINT ( 'NONE',  ( -15.68937042237545576, 30.64353571423245270, -5.350000000000003197 ) ) ;
#8165 = MANIFOLD_SOLID_BREP ( 'Imported1', #1502 ) ;
#8166 = ORIENTED_EDGE ( 'NONE', *, *, #2156, .F. ) ;
#8167 = EDGE_CURVE ( 'NONE', #6082, #5525, #4319, .T. ) ;
#8168 = ORIENTED_EDGE ( 'NONE', *, *, #7333, .T. ) ;
#8169 = VERTEX_POINT ( 'NONE', #1154 ) ;
#8170 = FACE_OUTER_BOUND ( 'NONE', #2471, .T. ) ;
#8171 = CARTESIAN_POINT ( 'NONE',  ( 2.500000000000000000, 0.000000000000000000, 2.100000000000000089 ) ) ;
#8172 = DIRECTION ( 'NONE',  ( 0.7071067811865444641, -0.7071067811865505703, 0.000000000000000000 ) ) ;
#8173 = DIRECTION ( 'NONE',  ( -1.000000000000000000, 0.000000000000000000, 0.000000000000000000 ) ) ;
#8174 = DIRECTION ( 'NONE',  ( -0.000000000000000000, -1.000000000000000000, -0.000000000000000000 ) ) ;
#8175 = DIRECTION ( 'NONE',  ( 0.000000000000000000, 0.000000000000000000, -1.000000000000000000 ) ) ;
#8176 = EDGE_CURVE ( 'NONE', #3681, #1005, #3601, .T. ) ;
#8177 = ORIENTED_EDGE ( 'NONE', *, *, #3737, .T. ) ;
#8178 = DIRECTION ( 'NONE',  ( 0.001026138167772391039, 0.000000000000000000, 0.9999994735200917750 ) ) ;
#8179 = MANIFOLD_SOLID_BREP ( 'Combine1', #3265 ) ;
#8180 = CARTESIAN_POINT ( 'NONE',  ( -0.7967663502707696965, 15.89999999999999680, 1.716269817073340895E-16 ) ) ;
#8181 = APPLICATION_PROTOCOL_DEFINITION ( 'draft international standard', 'automotive_design', 1998, #2727 ) ;
#8182 = DIRECTION ( 'NONE',  ( 0.000000000000000000, 0.000000000000000000, 1.000000000000000000 ) ) ;
#8183 = ORIENTED_EDGE ( 'NONE', *, *, #8234, .F. ) ;
#8184 = CARTESIAN_POINT ( 'NONE',  ( 0.6700000000000002620, 15.89999999999999680, -0.6000000000000000888 ) ) ;
#8185 = FACE_OUTER_BOUND ( 'NONE', #1612, .T. ) ;
#8186 = ADVANCED_FACE ( 'NONE', ( #4915 ), #4951, .F. ) ;
#8187 = CARTESIAN_POINT ( 'NONE',  ( 0.7500000000000002220, -7.560000000000000497, 1.800000000000000266 ) ) ;
#8188 = EDGE_CURVE ( 'NONE', #2994, #5123, #426, .T. ) ;
#8189 = VERTEX_POINT ( 'NONE', #5618 ) ;
#8190 = CARTESIAN_POINT ( 'NONE',  ( -0.4712900224411504246, 13.50000000000000000, 0.2829480708788691956 ) ) ;
#8191 = ORIENTED_EDGE ( 'NONE', *, *, #1964, .T. ) ;
#8192 = LINE ( 'NONE', #7429, #5314 ) ;
#8193 = CARTESIAN_POINT ( 'NONE',  ( -1.565936075841833697, 13.89999999999999858, -3.517150011924012887 ) ) ;
#8194 = DIRECTION ( 'NONE',  ( -1.000000000000000000, 0.000000000000000000, 0.000000000000000000 ) ) ;
#8195 = EDGE_CURVE ( 'NONE', #3353, #4668, #8198, .T. ) ;
#8196 = VERTEX_POINT ( 'NONE', #1784 ) ;
#8197 = EDGE_LOOP ( 'NONE', ( #1450, #7910, #1895, #6980, #3110, #775 ) ) ;
#8198 = LINE ( 'NONE', #522, #7842 ) ;
#8199 = EDGE_LOOP ( 'NONE', ( #531, #5953 ) ) ;
#8200 = DIRECTION ( 'NONE',  ( -0.000000000000000000, -1.000000000000000000, -0.000000000000000000 ) ) ;
#8201 = DIRECTION ( 'NONE',  ( -0.9135454576426005335, 0.000000000000000000, 0.4067366430758009854 ) ) ;
#8202 = ORIENTED_EDGE ( 'NONE', *, *, #697, .F. ) ;
#8203 = DIRECTION ( 'NONE',  ( 0.000000000000000000, 1.000000000000000000, 0.000000000000000000 ) ) ;
#8204 = DIRECTION ( 'NONE',  ( 0.000000000000000000, 0.000000000000000000, 1.000000000000000000 ) ) ;
#8205 = EDGE_CURVE ( 'NONE', #3453, #2358, #4368, .T. ) ;
#8206 = PRODUCT ( 'PT01-B_HOUSING', 'PT01-B_HOUSING', '', ( #3722 ) ) ;
#8207 = VERTEX_POINT ( 'NONE', #7010 ) ;
#8208 = ORIENTED_EDGE ( 'NONE', *, *, #4267, .T. ) ;
#8209 = EDGE_LOOP ( 'NONE', ( #3994, #1931, #2890, #7165 ) ) ;
#8210 = DIRECTION ( 'NONE',  ( -0.000000000000000000, -1.000000000000000000, -0.000000000000000000 ) ) ;
#8211 = CARTESIAN_POINT ( 'NONE',  ( -32.81920219114626747, 24.84349069516609987, -5.349999999999798916 ) ) ;
#8212 = PLANE ( 'NONE',  #6484 ) ;
#8213 = CARTESIAN_POINT ( 'NONE',  ( -24.38937042237543906, 29.69353571423244986, 0.4500000000000001221 ) ) ;
#8214 = AXIS2_PLACEMENT_3D ( 'NONE', #5833, #3822, #5746 ) ;
#8215 = CARTESIAN_POINT ( 'NONE',  ( -1.000000000000000000, 4.426179070414212546, 4.299999999999999822 ) ) ;
#8216 = ADVANCED_FACE ( 'NONE', ( #7186 ), #4490, .T. ) ;
#8217 = EDGE_CURVE ( 'NONE', #559, #2365, #688, .T. ) ;
#8218 = VERTEX_POINT ( 'NONE', #1232 ) ;
#8219 = CARTESIAN_POINT ( 'NONE',  ( -25.23937042237544404, 27.59353571423245555, 0.4500000000000001221 ) ) ;
#8220 = DIRECTION ( 'NONE',  ( 1.000000000000000000, 0.000000000000000000, 0.000000000000000000 ) ) ;
#8221 = SHAPE_DEFINITION_REPRESENTATION ( #7670, #2041 ) ;
#8222 = VECTOR ( 'NONE', #5263, 1000.000000000000000 ) ;
#8223 = DIRECTION ( 'NONE',  ( 0.000000000000000000, 0.000000000000000000, 1.000000000000000000 ) ) ;
#8224 = ORIENTED_EDGE ( 'NONE', *, *, #216, .T. ) ;
#8225 = CARTESIAN_POINT ( 'NONE',  ( 0.6499999999999984679, 0.4500000000000040634, 1.800000000000000711 ) ) ;
#8226 = CARTESIAN_POINT ( 'NONE',  ( -2.350000000000001865, -3.750000000000000000, 5.000000000000000000 ) ) ;
#8227 = CIRCLE ( 'NONE', #4313, 0.6500000000000000222 ) ;
#8228 = CARTESIAN_POINT ( 'NONE',  ( -25.68937042237545043, 6.263023396829152227E-15, -4.400000000000000355 ) ) ;
#8229 = EDGE_LOOP ( 'NONE', ( #2785, #3454, #797, #4256 ) ) ;
#8230 = VECTOR ( 'NONE', #5297, 1000.000000000000000 ) ;
#8231 = PLANE ( 'NONE',  #6998 ) ;
#8232 = ORIENTED_EDGE ( 'NONE', *, *, #7342, .F. ) ;
#8233 = EDGE_CURVE ( 'NONE', #7595, #4825, #3220, .T. ) ;
#8234 = EDGE_CURVE ( 'NONE', #7214, #800, #148, .T. ) ;
#8235 = CARTESIAN_POINT ( 'NONE',  ( -24.95407293565522622, 21.85027710540992629, -7.349999999999994316 ) ) ;
#8236 = CARTESIAN_POINT ( 'NONE',  ( -20.68937042237544688, 33.89353571423244205, 1.449999999999999956 ) ) ;
#8237 = CARTESIAN_POINT ( 'NONE',  ( 3.399999999999998135, -0.05000000000000100198, 0.5000000000000000000 ) ) ;
#8238 = ORIENTED_EDGE ( 'NONE', *, *, #8188, .F. ) ;
#8239 = ORIENTED_EDGE ( 'NONE', *, *, #4458, .T. ) ;
#8240 = ADVANCED_FACE ( 'NONE', ( #7691 ), #5236, .F. ) ;
#8241 = SURFACE_STYLE_FILL_AREA ( #8159 ) ;
#8242 = VERTEX_POINT ( 'NONE', #3817 ) ;
#8243 = CARTESIAN_POINT ( 'NONE',  ( -0.7500000000000000000, 0.000000000000000000, 2.100000000000000089 ) ) ;
#8244 = LINE ( 'NONE', #5529, #4654 ) ;
#8245 = CIRCLE ( 'NONE', #6077, 1.200000000000006617 ) ;
#8246 = ORIENTED_EDGE ( 'NONE', *, *, #196, .T. ) ;
#8247 = LINE ( 'NONE', #6976, #6488 ) ;
#8248 = DIRECTION ( 'NONE',  ( -0.000000000000000000, -0.000000000000000000, -1.000000000000000000 ) ) ;
#8249 = EDGE_LOOP ( 'NONE', ( #4417, #1359, #4575, #4703, #8023 ) ) ;
#8250 = AXIS2_PLACEMENT_3D ( 'NONE', #2561, #5135, #669 ) ;
#8251 = ORIENTED_EDGE ( 'NONE', *, *, #8073, .T. ) ;
#8252 = VERTEX_POINT ( 'NONE', #3859 ) ;
#8253 = CARTESIAN_POINT ( 'NONE',  ( -4.400000000000002132, 0.000000000000000000, 0.000000000000000000 ) ) ;
#8254 = CARTESIAN_POINT ( 'NONE',  ( -25.68937042237544333, 23.89353571423246692, -1.400000000000001021 ) ) ;
#8255 = DIRECTION ( 'NONE',  ( -0.000000000000000000, -0.000000000000000000, -1.000000000000000000 ) ) ;
#8256 = CARTESIAN_POINT ( 'NONE',  ( -2.598076211352192910, 0.5000000000003244072, 1.500000000000321521 ) ) ;
#8257 = CYLINDRICAL_SURFACE ( 'NONE', #7589, 0.6999999999999992895 ) ;
#8258 = AXIS2_PLACEMENT_3D ( 'NONE', #6114, #6796, #3502 ) ;
#8259 = CARTESIAN_POINT ( 'NONE',  ( -24.48710164343550844, 21.89524132667333944, -7.349999999999927702 ) ) ;
#8260 = CIRCLE ( 'NONE', #7990, 3.300000000000000266 ) ;
#8261 = VECTOR ( 'NONE', #3426, 1000.000000000000000 ) ;
#8262 = AXIS2_PLACEMENT_3D ( 'NONE', #5191, #6493, #4603 ) ;
#8263 = DIRECTION ( 'NONE',  ( -1.000000000000000000, 0.000000000000000000, 0.000000000000000000 ) ) ;
#8264 = EDGE_CURVE ( 'NONE', #6539, #4032, #4619, .T. ) ;
#8265 = EDGE_CURVE ( 'NONE', #3016, #301, #3260, .T. ) ;
#8266 = CIRCLE ( 'NONE', #6656, 0.1999999999999994282 ) ;
#8267 = APPLICATION_PROTOCOL_DEFINITION ( 'draft international standard', 'automotive_design', 1998, #3582 ) ;
#8268 = DIRECTION ( 'NONE',  ( -1.000000000000000000, 0.000000000000000000, 0.000000000000000000 ) ) ;
#8269 = ORIENTED_EDGE ( 'NONE', *, *, #2473, .F. ) ;
#8270 = CARTESIAN_POINT ( 'NONE',  ( 0.000000000000000000, 15.89999999999999680, 0.000000000000000000 ) ) ;
#8271 = VECTOR ( 'NONE', #3115, 1000.000000000000000 ) ;
#8272 = AXIS2_PLACEMENT_3D ( 'NONE', #1615, #1577, #4791 ) ;
#8273 = DIRECTION ( 'NONE',  ( 0.000000000000000000, 0.000000000000000000, 1.000000000000000000 ) ) ;
#8274 = CARTESIAN_POINT ( 'NONE',  ( -15.68937042237545576, 24.39353571423245626, 0.4500000000000001221 ) ) ;
#8275 = EDGE_LOOP ( 'NONE', ( #3099, #6792, #973, #7737 ) ) ;
#8276 = AXIS2_PLACEMENT_3D ( 'NONE', #510, #4401, #2262 ) ;
#8277 = AXIS2_PLACEMENT_3D ( 'NONE', #4382, #2476, #6943 ) ;
#8278 = FACE_OUTER_BOUND ( 'NONE', #2198, .T. ) ;
#8279 = EDGE_CURVE ( 'NONE', #2643, #2373, #4361, .T. ) ;
#8280 = VERTEX_POINT ( 'NONE', #6559 ) ;
#8281 = VECTOR ( 'NONE', #6162, 1000.000000000000000 ) ;
#8282 = DIRECTION ( 'NONE',  ( -0.000000000000000000, -0.000000000000000000, -1.000000000000000000 ) ) ;
#8283 = VECTOR ( 'NONE', #4492, 1000.000000000000000 ) ;
#8284 = ORIENTED_EDGE ( 'NONE', *, *, #3766, .T. ) ;
#8285 = CARTESIAN_POINT ( 'NONE',  ( 2.100000000000000089, 0.000000000000000000, 1.800000000000000266 ) ) ;
#8286 = DIRECTION ( 'NONE',  ( 0.000000000000000000, 0.000000000000000000, 1.000000000000000000 ) ) ;
#8287 = EDGE_CURVE ( 'NONE', #7626, #2876, #7817, .T. ) ;
#8288 = CIRCLE ( 'NONE', #5058, 0.6999999999999992895 ) ;
#8289 = ORIENTED_EDGE ( 'NONE', *, *, #326, .F. ) ;
#8290 = VERTEX_POINT ( 'NONE', #8104 ) ;
#8291 = SURFACE_SIDE_STYLE ('',( #8241 ) ) ;
#8292 = ORIENTED_EDGE ( 'NONE', *, *, #2410, .T. ) ;
#8293 = LINE ( 'NONE', #3741, #5186 ) ;
#8294 = DIRECTION ( 'NONE',  ( -0.000000000000000000, -0.000000000000000000, -1.000000000000000000 ) ) ;
#8295 = ORIENTED_EDGE ( 'NONE', *, *, #6797, .F. ) ;
#8296 = LINE ( 'NONE', #2467, #2886 ) ;
#8297 = LINE ( 'NONE', #3823, #1088 ) ;
#8298 = EDGE_CURVE ( 'NONE', #1315, #92, #617, .T. ) ;
#8299 = EDGE_CURVE ( 'NONE', #8332, #8280, #1959, .T. ) ;
#8300 = ORIENTED_EDGE ( 'NONE', *, *, #7760, .F. ) ;
#8301 = VERTEX_POINT ( 'NONE', #4450 ) ;
#8302 = ORIENTED_EDGE ( 'NONE', *, *, #7847, .T. ) ;
#8303 = DIRECTION ( 'NONE',  ( 0.000000000000000000, 1.000000000000000000, 0.000000000000000000 ) ) ;
#8304 = DIRECTION ( 'NONE',  ( 0.000000000000000000, 0.000000000000000000, 1.000000000000000000 ) ) ;
#8305 = LINE ( 'NONE', #4509, #3920 ) ;
#8306 = DIRECTION ( 'NONE',  ( 0.000000000000000000, 1.000000000000000000, 0.000000000000000000 ) ) ;
#8307 = CARTESIAN_POINT ( 'NONE',  ( -1.565936075841832364, 15.19999999999999751, -3.517150011924013775 ) ) ;
#8308 = CARTESIAN_POINT ( 'NONE',  ( -3.600000000000001421, -5.150000000000000355, 5.000000000000000000 ) ) ;
#8309 = VERTEX_POINT ( 'NONE', #4539 ) ;
#8310 = DIRECTION ( 'NONE',  ( 0.000000000000000000, 0.000000000000000000, 1.000000000000000000 ) ) ;
#8311 = FACE_OUTER_BOUND ( 'NONE', #5998, .T. ) ;
#8312 = DIRECTION ( 'NONE',  ( 1.000000000000000000, 0.000000000000000000, 0.000000000000000000 ) ) ;
#8313 = PLANE ( 'NONE',  #3245 ) ;
#8314 = VERTEX_POINT ( 'NONE', #1316 ) ;
#8315 = DIRECTION ( 'NONE',  ( 0.000000000000000000, 0.000000000000000000, 1.000000000000000000 ) ) ;
#8316 = FACE_OUTER_BOUND ( 'NONE', #6773, .T. ) ;
#8317 = CARTESIAN_POINT ( 'NONE',  ( 1.899999999999998801, 5.100000000000004086, 0.000000000000000000 ) ) ;
#8318 = EDGE_CURVE ( 'NONE', #7419, #902, #1780, .T. ) ;
#8319 = EDGE_LOOP ( 'NONE', ( #3469, #2015, #6427, #4731 ) ) ;
#8320 = FACE_OUTER_BOUND ( 'NONE', #4298, .T. ) ;
#8321 = FACE_OUTER_BOUND ( 'NONE', #432, .T. ) ;
#8322 = CARTESIAN_POINT ( 'NONE',  ( -4.400000000000002132, 5.150000000000003020, 5.000000000000000000 ) ) ;
#8323 = EDGE_CURVE ( 'NONE', #5332, #7479, #8325, .T. ) ;
#8324 = ORIENTED_EDGE ( 'NONE', *, *, #1983, .F. ) ;
#8325 = LINE ( 'NONE', #2543, #3402 ) ;
#8326 = ORIENTED_EDGE ( 'NONE', *, *, #3631, .F. ) ;
#8327 = LINE ( 'NONE', #1234, #4116 ) ;
#8328 = CARTESIAN_POINT ( 'NONE',  ( -0.4999999999999997780, 15.89999999999999680, 2.299999999999999822 ) ) ;
#8329 = ORIENTED_EDGE ( 'NONE', *, *, #7392, .T. ) ;
#8330 = DIRECTION ( 'NONE',  ( 1.000000000000000000, 0.000000000000000000, 0.000000000000000000 ) ) ;
#8331 = ORIENTED_EDGE ( 'NONE', *, *, #558, .T. ) ;
#8332 = VERTEX_POINT ( 'NONE', #2674 ) ;
#8333 = ORIENTED_EDGE ( 'NONE', *, *, #7880, .F. ) ;
#8334 = FACE_OUTER_BOUND ( 'NONE', #8199, .T. ) ;
#8335 = LINE ( 'NONE', #5794, #2749 ) ;
#8336 = DIRECTION ( 'NONE',  ( 0.000000000000000000, 1.000000000000000000, 0.000000000000000000 ) ) ;
#8337 = ADVANCED_FACE ( 'NONE', ( #6512 ), #5202, .F. ) ;
#8338 = EDGE_CURVE ( 'NONE', #4949, #7489, #6498, .T. ) ;
#8339 = DIRECTION ( 'NONE',  ( -0.5958745230144666394, 0.8030775509390620792, 0.000000000000000000 ) ) ;
#8340 = CARTESIAN_POINT ( 'NONE',  ( -16.13937042237545327, 23.89353571423246336, -8.100000000000001421 ) ) ;
#8341 = FACE_OUTER_BOUND ( 'NONE', #3505, .T. ) ;
#8342 = DIRECTION ( 'NONE',  ( 0.000000000000000000, 0.000000000000000000, -1.000000000000000000 ) ) ;
#8343 = ORIENTED_EDGE ( 'NONE', *, *, #6671, .F. ) ;
#8344 = CARTESIAN_POINT ( 'NONE',  ( -25.23937042237544404, 28.59353571423246976, -4.400000000000000355 ) ) ;
#8345 = CARTESIAN_POINT ( 'NONE',  ( -17.63937042237544262, 33.89353571423244205, 0.1999999999999999556 ) ) ;
#8346 = ADVANCED_FACE ( 'NONE', ( #87 ), #3047, .T. ) ;
#8347 = DIRECTION ( 'NONE',  ( 1.000000000000000000, 0.000000000000000000, 0.000000000000000000 ) ) ;
#8348 = DIRECTION ( 'NONE',  ( -2.282530889443169980E-16, 1.000000000000000000, 0.000000000000000000 ) ) ;
#8349 = LINE ( 'NONE', #3088, #5040 ) ;
#8350 = FACE_OUTER_BOUND ( 'NONE', #514, .T. ) ;
#8351 = ORIENTED_EDGE ( 'NONE', *, *, #4806, .F. ) ;
#8352 = AXIS2_PLACEMENT_3D ( 'NONE', #723, #3300, #5862 ) ;
#8353 = CARTESIAN_POINT ( 'NONE',  ( 4.399999999999998579, 5.100000000000004086, 0.000000000000000000 ) ) ;
#8354 = DIRECTION ( 'NONE',  ( 1.000000000000000000, 0.000000000000000000, -1.517883041479702421E-14 ) ) ;
#8355 = CARTESIAN_POINT ( 'NONE',  ( -3.250000000000001332, -5.950000000000001066, 1.800000000000000266 ) ) ;
#8356 = CARTESIAN_POINT ( 'NONE',  ( 1.479999999999999982, 16.69999999999999574, 0.6999999999999998446 ) ) ;
#8357 = CARTESIAN_POINT ( 'NONE',  ( -1.829999999999998739, 16.49999999999999645, 0.8499999999999999778 ) ) ;
#8358 = CARTESIAN_POINT ( 'NONE',  ( 0.000000000000000000, -2.050000000000001155, 0.000000000000000000 ) ) ;
#8359 = VECTOR ( 'NONE', #3531, 1000.000000000000000 ) ;
#8360 = ORIENTED_EDGE ( 'NONE', *, *, #4050, .F. ) ;
#8361 = EDGE_CURVE ( 'NONE', #2964, #5950, #1001, .T. ) ;
#8362 = AXIS2_PLACEMENT_3D ( 'NONE', #6937, #7105, #4419 ) ;
#8363 = CARTESIAN_POINT ( 'NONE',  ( -24.03937042237544119, 39.29353571423245484, 0.4500000000000001221 ) ) ;
#8364 = NEXT_ASSEMBLY_USAGE_OCCURRENCE ( 'NAUO1', ' ', ' ', #5772, #8049, $ ) ;
#8365 = NEXT_ASSEMBLY_USAGE_OCCURRENCE ( 'NAUO2', ' ', ' ', #5772, #3772, $ ) ;
#8366 = NEXT_ASSEMBLY_USAGE_OCCURRENCE ( 'NAUO3', ' ', ' ', #3772, #5071, $ ) ;
#8367 = NEXT_ASSEMBLY_USAGE_OCCURRENCE ( 'NAUO4', ' ', ' ', #3772, #57, $ ) ;
ENDSEC;
END-ISO-10303-21;
